"algo","PA","run","TSS","species","AUC","species_original","n_occ"
"RF","PA1","RUN1",0.583,"AcartiaAcanthacartiatonsa",0.868,"acartia_tonsa",257
"MAXNET","PA1","RUN1",0.537,"AcartiaAcanthacartiatonsa",0.831,"acartia_tonsa",257
"MARS","PA1","RUN1",0.427,"AcartiaAcanthacartiatonsa",0.777,"acartia_tonsa",257
"GAM","PA1","RUN1",0.512,"AcartiaAcanthacartiatonsa",0.818,"acartia_tonsa",257
"XGBOOST","PA1","RUN1",0.499,"AcartiaAcanthacartiatonsa",0.795,"acartia_tonsa",257
"RF","PA1","RUN2",0.453,"AcartiaAcanthacartiatonsa",0.855,"acartia_tonsa",257
"MAXNET","PA1","RUN2",0.496,"AcartiaAcanthacartiatonsa",0.851,"acartia_tonsa",257
"MARS","PA1","RUN2",0.502,"AcartiaAcanthacartiatonsa",0.786,"acartia_tonsa",257
"GAM","PA1","RUN2",0.471,"AcartiaAcanthacartiatonsa",0.83,"acartia_tonsa",257
"XGBOOST","PA1","RUN2",0.47,"AcartiaAcanthacartiatonsa",0.817,"acartia_tonsa",257
"RF","PA1","RUN3",0.446,"AcartiaAcanthacartiatonsa",0.863,"acartia_tonsa",257
"MAXNET","PA1","RUN3",0.375,"AcartiaAcanthacartiatonsa",0.857,"acartia_tonsa",257
"MARS","PA1","RUN3",0.434,"AcartiaAcanthacartiatonsa",0.83,"acartia_tonsa",257
"GAM","PA1","RUN3",0.54,"AcartiaAcanthacartiatonsa",0.83,"acartia_tonsa",257
"XGBOOST","PA1","RUN3",0.39,"AcartiaAcanthacartiatonsa",0.791,"acartia_tonsa",257
"RF","PA1","RUN4",0.536,"AcartiaAcanthacartiatonsa",0.875,"acartia_tonsa",257
"MAXNET","PA1","RUN4",0.612,"AcartiaAcanthacartiatonsa",0.858,"acartia_tonsa",257
"MARS","PA1","RUN4",0.464,"AcartiaAcanthacartiatonsa",0.825,"acartia_tonsa",257
"GAM","PA1","RUN4",0.553,"AcartiaAcanthacartiatonsa",0.839,"acartia_tonsa",257
"XGBOOST","PA1","RUN4",0.515,"AcartiaAcanthacartiatonsa",0.802,"acartia_tonsa",257
"RF","PA1","RUN5",0.589,"AcartiaAcanthacartiatonsa",0.903,"acartia_tonsa",257
"MAXNET","PA1","RUN5",0.498,"AcartiaAcanthacartiatonsa",0.866,"acartia_tonsa",257
"MARS","PA1","RUN5",0.492,"AcartiaAcanthacartiatonsa",0.812,"acartia_tonsa",257
"GAM","PA1","RUN5",0.506,"AcartiaAcanthacartiatonsa",0.842,"acartia_tonsa",257
"XGBOOST","PA1","RUN5",0.499,"AcartiaAcanthacartiatonsa",0.82,"acartia_tonsa",257
"RF","PA1","allRun",NA,"AcartiaAcanthacartiatonsa",NA,"acartia_tonsa",257
"MAXNET","PA1","allRun",NA,"AcartiaAcanthacartiatonsa",NA,"acartia_tonsa",257
"MARS","PA1","allRun",NA,"AcartiaAcanthacartiatonsa",NA,"acartia_tonsa",257
"GAM","PA1","allRun",NA,"AcartiaAcanthacartiatonsa",NA,"acartia_tonsa",257
"XGBOOST","PA1","allRun",NA,"AcartiaAcanthacartiatonsa",NA,"acartia_tonsa",257
"RF","PA2","RUN1",0.661,"AcartiaAcanthacartiatonsa",0.907,"acartia_tonsa",257
"MAXNET","PA2","RUN1",0.602,"AcartiaAcanthacartiatonsa",0.846,"acartia_tonsa",257
"MARS","PA2","RUN1",0.668,"AcartiaAcanthacartiatonsa",0.869,"acartia_tonsa",257
"GAM","PA2","RUN1",0.492,"AcartiaAcanthacartiatonsa",0.833,"acartia_tonsa",257
"XGBOOST","PA2","RUN1",0.466,"AcartiaAcanthacartiatonsa",0.828,"acartia_tonsa",257
"RF","PA2","RUN2",0.466,"AcartiaAcanthacartiatonsa",0.845,"acartia_tonsa",257
"MAXNET","PA2","RUN2",0.434,"AcartiaAcanthacartiatonsa",0.829,"acartia_tonsa",257
"MARS","PA2","RUN2",0.376,"AcartiaAcanthacartiatonsa",0.784,"acartia_tonsa",257
"GAM","PA2","RUN2",0.44,"AcartiaAcanthacartiatonsa",0.81,"acartia_tonsa",257
"XGBOOST","PA2","RUN2",0.349,"AcartiaAcanthacartiatonsa",0.802,"acartia_tonsa",257
"RF","PA2","RUN3",0.635,"AcartiaAcanthacartiatonsa",0.926,"acartia_tonsa",257
"MAXNET","PA2","RUN3",0.688,"AcartiaAcanthacartiatonsa",0.918,"acartia_tonsa",257
"MARS","PA2","RUN3",0.695,"AcartiaAcanthacartiatonsa",0.892,"acartia_tonsa",257
"GAM","PA2","RUN3",0.663,"AcartiaAcanthacartiatonsa",0.908,"acartia_tonsa",257
"XGBOOST","PA2","RUN3",0.668,"AcartiaAcanthacartiatonsa",0.892,"acartia_tonsa",257
"RF","PA2","RUN4",0.594,"AcartiaAcanthacartiatonsa",0.891,"acartia_tonsa",257
"MAXNET","PA2","RUN4",0.542,"AcartiaAcanthacartiatonsa",0.852,"acartia_tonsa",257
"MARS","PA2","RUN4",0.529,"AcartiaAcanthacartiatonsa",0.856,"acartia_tonsa",257
"GAM","PA2","RUN4",0.491,"AcartiaAcanthacartiatonsa",0.834,"acartia_tonsa",257
"XGBOOST","PA2","RUN4",0.555,"AcartiaAcanthacartiatonsa",0.843,"acartia_tonsa",257
"RF","PA2","RUN5",0.596,"AcartiaAcanthacartiatonsa",0.872,"acartia_tonsa",257
"MAXNET","PA2","RUN5",0.511,"AcartiaAcanthacartiatonsa",0.847,"acartia_tonsa",257
"MARS","PA2","RUN5",0.472,"AcartiaAcanthacartiatonsa",0.828,"acartia_tonsa",257
"GAM","PA2","RUN5",0.48,"AcartiaAcanthacartiatonsa",0.824,"acartia_tonsa",257
"XGBOOST","PA2","RUN5",0.531,"AcartiaAcanthacartiatonsa",0.843,"acartia_tonsa",257
"RF","PA2","allRun",NA,"AcartiaAcanthacartiatonsa",NA,"acartia_tonsa",257
"MAXNET","PA2","allRun",NA,"AcartiaAcanthacartiatonsa",NA,"acartia_tonsa",257
"MARS","PA2","allRun",NA,"AcartiaAcanthacartiatonsa",NA,"acartia_tonsa",257
"GAM","PA2","allRun",NA,"AcartiaAcanthacartiatonsa",NA,"acartia_tonsa",257
"XGBOOST","PA2","allRun",NA,"AcartiaAcanthacartiatonsa",NA,"acartia_tonsa",257
"RF","PA3","RUN1",0.484,"AcartiaAcanthacartiatonsa",0.851,"acartia_tonsa",257
"MAXNET","PA3","RUN1",0.387,"AcartiaAcanthacartiatonsa",0.807,"acartia_tonsa",257
"MARS","PA3","RUN1",0.381,"AcartiaAcanthacartiatonsa",0.795,"acartia_tonsa",257
"GAM","PA3","RUN1",0.296,"AcartiaAcanthacartiatonsa",0.762,"acartia_tonsa",257
"XGBOOST","PA3","RUN1",0.407,"AcartiaAcanthacartiatonsa",0.743,"acartia_tonsa",257
"RF","PA3","RUN2",0.492,"AcartiaAcanthacartiatonsa",0.895,"acartia_tonsa",257
"MAXNET","PA3","RUN2",0.58,"AcartiaAcanthacartiatonsa",0.909,"acartia_tonsa",257
"MARS","PA3","RUN2",0.529,"AcartiaAcanthacartiatonsa",0.883,"acartia_tonsa",257
"GAM","PA3","RUN2",0.657,"AcartiaAcanthacartiatonsa",0.899,"acartia_tonsa",257
"XGBOOST","PA3","RUN2",0.529,"AcartiaAcanthacartiatonsa",0.884,"acartia_tonsa",257
"RF","PA3","RUN3",0.74,"AcartiaAcanthacartiatonsa",0.937,"acartia_tonsa",257
"MAXNET","PA3","RUN3",0.683,"AcartiaAcanthacartiatonsa",0.917,"acartia_tonsa",257
"MARS","PA3","RUN3",0.65,"AcartiaAcanthacartiatonsa",0.89,"acartia_tonsa",257
"GAM","PA3","RUN3",0.625,"AcartiaAcanthacartiatonsa",0.895,"acartia_tonsa",257
"XGBOOST","PA3","RUN3",0.546,"AcartiaAcanthacartiatonsa",0.86,"acartia_tonsa",257
"RF","PA3","RUN4",0.524,"AcartiaAcanthacartiatonsa",0.873,"acartia_tonsa",257
"MAXNET","PA3","RUN4",0.581,"AcartiaAcanthacartiatonsa",0.855,"acartia_tonsa",257
"MARS","PA3","RUN4",0.523,"AcartiaAcanthacartiatonsa",0.824,"acartia_tonsa",257
"GAM","PA3","RUN4",0.496,"AcartiaAcanthacartiatonsa",0.82,"acartia_tonsa",257
"XGBOOST","PA3","RUN4",0.515,"AcartiaAcanthacartiatonsa",0.837,"acartia_tonsa",257
"RF","PA3","RUN5",0.465,"AcartiaAcanthacartiatonsa",0.867,"acartia_tonsa",257
"MAXNET","PA3","RUN5",0.55,"AcartiaAcanthacartiatonsa",0.862,"acartia_tonsa",257
"MARS","PA3","RUN5",0.537,"AcartiaAcanthacartiatonsa",0.835,"acartia_tonsa",257
"GAM","PA3","RUN5",0.55,"AcartiaAcanthacartiatonsa",0.835,"acartia_tonsa",257
"XGBOOST","PA3","RUN5",0.42,"AcartiaAcanthacartiatonsa",0.796,"acartia_tonsa",257
"RF","PA3","allRun",NA,"AcartiaAcanthacartiatonsa",NA,"acartia_tonsa",257
"MAXNET","PA3","allRun",NA,"AcartiaAcanthacartiatonsa",NA,"acartia_tonsa",257
"MARS","PA3","allRun",NA,"AcartiaAcanthacartiatonsa",NA,"acartia_tonsa",257
"GAM","PA3","allRun",NA,"AcartiaAcanthacartiatonsa",NA,"acartia_tonsa",257
"XGBOOST","PA3","allRun",NA,"AcartiaAcanthacartiatonsa",NA,"acartia_tonsa",257
"RF","allData","allRun",NA,"AcartiaAcanthacartiatonsa",NA,"acartia_tonsa",257
"MAXNET","allData","allRun",NA,"AcartiaAcanthacartiatonsa",NA,"acartia_tonsa",257
"MARS","allData","allRun",NA,"AcartiaAcanthacartiatonsa",NA,"acartia_tonsa",257
"GAM","allData","allRun",NA,"AcartiaAcanthacartiatonsa",NA,"acartia_tonsa",257
"XGBOOST","allData","allRun",NA,"AcartiaAcanthacartiatonsa",NA,"acartia_tonsa",257
"RF","PA1","RUN1",0.656,"Amphibalanusamphitrite",0.921,"amphibalanus_amphitrite",178
"MAXNET","PA1","RUN1",0.665,"Amphibalanusamphitrite",0.914,"amphibalanus_amphitrite",178
"MARS","PA1","RUN1",0.647,"Amphibalanusamphitrite",0.888,"amphibalanus_amphitrite",178
"GAM","PA1","RUN1",0.61,"Amphibalanusamphitrite",0.885,"amphibalanus_amphitrite",178
"XGBOOST","PA1","RUN1",0.61,"Amphibalanusamphitrite",0.903,"amphibalanus_amphitrite",178
"RF","PA1","RUN2",0.707,"Amphibalanusamphitrite",0.939,"amphibalanus_amphitrite",178
"MAXNET","PA1","RUN2",0.736,"Amphibalanusamphitrite",0.936,"amphibalanus_amphitrite",178
"MARS","PA1","RUN2",0.709,"Amphibalanusamphitrite",0.923,"amphibalanus_amphitrite",178
"GAM","PA1","RUN2",0.765,"Amphibalanusamphitrite",0.926,"amphibalanus_amphitrite",178
"XGBOOST","PA1","RUN2",0.652,"Amphibalanusamphitrite",0.931,"amphibalanus_amphitrite",178
"RF","PA1","RUN3",0.776,"Amphibalanusamphitrite",0.935,"amphibalanus_amphitrite",178
"MAXNET","PA1","RUN3",0.767,"Amphibalanusamphitrite",0.927,"amphibalanus_amphitrite",178
"MARS","PA1","RUN3",0.748,"Amphibalanusamphitrite",0.924,"amphibalanus_amphitrite",178
"GAM","PA1","RUN3",0.748,"Amphibalanusamphitrite",0.91,"amphibalanus_amphitrite",178
"XGBOOST","PA1","RUN3",0.803,"Amphibalanusamphitrite",0.944,"amphibalanus_amphitrite",178
"RF","PA1","RUN4",0.649,"Amphibalanusamphitrite",0.921,"amphibalanus_amphitrite",178
"MAXNET","PA1","RUN4",0.726,"Amphibalanusamphitrite",0.95,"amphibalanus_amphitrite",178
"MARS","PA1","RUN4",0.661,"Amphibalanusamphitrite",0.903,"amphibalanus_amphitrite",178
"GAM","PA1","RUN4",0.67,"Amphibalanusamphitrite",0.904,"amphibalanus_amphitrite",178
"XGBOOST","PA1","RUN4",0.745,"Amphibalanusamphitrite",0.941,"amphibalanus_amphitrite",178
"RF","PA1","RUN5",0.731,"Amphibalanusamphitrite",0.92,"amphibalanus_amphitrite",178
"MAXNET","PA1","RUN5",0.712,"Amphibalanusamphitrite",0.936,"amphibalanus_amphitrite",178
"MARS","PA1","RUN5",0.703,"Amphibalanusamphitrite",0.934,"amphibalanus_amphitrite",178
"GAM","PA1","RUN5",0.703,"Amphibalanusamphitrite",0.92,"amphibalanus_amphitrite",178
"XGBOOST","PA1","RUN5",0.712,"Amphibalanusamphitrite",0.916,"amphibalanus_amphitrite",178
"RF","PA1","allRun",NA,"Amphibalanusamphitrite",NA,"amphibalanus_amphitrite",178
"MAXNET","PA1","allRun",NA,"Amphibalanusamphitrite",NA,"amphibalanus_amphitrite",178
"MARS","PA1","allRun",NA,"Amphibalanusamphitrite",NA,"amphibalanus_amphitrite",178
"GAM","PA1","allRun",NA,"Amphibalanusamphitrite",NA,"amphibalanus_amphitrite",178
"XGBOOST","PA1","allRun",NA,"Amphibalanusamphitrite",NA,"amphibalanus_amphitrite",178
"RF","PA2","RUN1",0.666,"Amphibalanusamphitrite",0.946,"amphibalanus_amphitrite",178
"MAXNET","PA2","RUN1",0.712,"Amphibalanusamphitrite",0.949,"amphibalanus_amphitrite",178
"MARS","PA2","RUN1",0.703,"Amphibalanusamphitrite",0.952,"amphibalanus_amphitrite",178
"GAM","PA2","RUN1",0.749,"Amphibalanusamphitrite",0.943,"amphibalanus_amphitrite",178
"XGBOOST","PA2","RUN1",0.74,"Amphibalanusamphitrite",0.951,"amphibalanus_amphitrite",178
"RF","PA2","RUN2",0.63,"Amphibalanusamphitrite",0.917,"amphibalanus_amphitrite",178
"MAXNET","PA2","RUN2",0.726,"Amphibalanusamphitrite",0.91,"amphibalanus_amphitrite",178
"MARS","PA2","RUN2",0.773,"Amphibalanusamphitrite",0.897,"amphibalanus_amphitrite",178
"GAM","PA2","RUN2",0.774,"Amphibalanusamphitrite",0.914,"amphibalanus_amphitrite",178
"XGBOOST","PA2","RUN2",0.755,"Amphibalanusamphitrite",0.891,"amphibalanus_amphitrite",178
"RF","PA2","RUN3",0.534,"Amphibalanusamphitrite",0.901,"amphibalanus_amphitrite",178
"MAXNET","PA2","RUN3",0.643,"Amphibalanusamphitrite",0.893,"amphibalanus_amphitrite",178
"MARS","PA2","RUN3",0.626,"Amphibalanusamphitrite",0.879,"amphibalanus_amphitrite",178
"GAM","PA2","RUN3",0.607,"Amphibalanusamphitrite",0.887,"amphibalanus_amphitrite",178
"XGBOOST","PA2","RUN3",0.626,"Amphibalanusamphitrite",0.886,"amphibalanus_amphitrite",178
"RF","PA2","RUN4",0.678,"Amphibalanusamphitrite",0.903,"amphibalanus_amphitrite",178
"MAXNET","PA2","RUN4",0.622,"Amphibalanusamphitrite",0.884,"amphibalanus_amphitrite",178
"MARS","PA2","RUN4",0.672,"Amphibalanusamphitrite",0.886,"amphibalanus_amphitrite",178
"GAM","PA2","RUN4",0.594,"Amphibalanusamphitrite",0.881,"amphibalanus_amphitrite",178
"XGBOOST","PA2","RUN4",0.632,"Amphibalanusamphitrite",0.906,"amphibalanus_amphitrite",178
"RF","PA2","RUN5",0.647,"Amphibalanusamphitrite",0.949,"amphibalanus_amphitrite",178
"MAXNET","PA2","RUN5",0.833,"Amphibalanusamphitrite",0.949,"amphibalanus_amphitrite",178
"MARS","PA2","RUN5",0.805,"Amphibalanusamphitrite",0.952,"amphibalanus_amphitrite",178
"GAM","PA2","RUN5",0.786,"Amphibalanusamphitrite",0.911,"amphibalanus_amphitrite",178
"XGBOOST","PA2","RUN5",0.74,"Amphibalanusamphitrite",0.931,"amphibalanus_amphitrite",178
"RF","PA2","allRun",NA,"Amphibalanusamphitrite",NA,"amphibalanus_amphitrite",178
"MAXNET","PA2","allRun",NA,"Amphibalanusamphitrite",NA,"amphibalanus_amphitrite",178
"MARS","PA2","allRun",NA,"Amphibalanusamphitrite",NA,"amphibalanus_amphitrite",178
"GAM","PA2","allRun",NA,"Amphibalanusamphitrite",NA,"amphibalanus_amphitrite",178
"XGBOOST","PA2","allRun",NA,"Amphibalanusamphitrite",NA,"amphibalanus_amphitrite",178
"RF","PA3","RUN1",0.657,"Amphibalanusamphitrite",0.916,"amphibalanus_amphitrite",178
"MAXNET","PA3","RUN1",0.629,"Amphibalanusamphitrite",0.907,"amphibalanus_amphitrite",178
"MARS","PA3","RUN1",0.712,"Amphibalanusamphitrite",0.934,"amphibalanus_amphitrite",178
"GAM","PA3","RUN1",0.749,"Amphibalanusamphitrite",0.897,"amphibalanus_amphitrite",178
"XGBOOST","PA3","RUN1",0.666,"Amphibalanusamphitrite",0.907,"amphibalanus_amphitrite",178
"RF","PA3","RUN2",0.736,"Amphibalanusamphitrite",0.925,"amphibalanus_amphitrite",178
"MAXNET","PA3","RUN2",0.671,"Amphibalanusamphitrite",0.922,"amphibalanus_amphitrite",178
"MARS","PA3","RUN2",0.717,"Amphibalanusamphitrite",0.901,"amphibalanus_amphitrite",178
"GAM","PA3","RUN2",0.652,"Amphibalanusamphitrite",0.906,"amphibalanus_amphitrite",178
"XGBOOST","PA3","RUN2",0.699,"Amphibalanusamphitrite",0.894,"amphibalanus_amphitrite",178
"RF","PA3","RUN3",0.656,"Amphibalanusamphitrite",0.942,"amphibalanus_amphitrite",178
"MAXNET","PA3","RUN3",0.775,"Amphibalanusamphitrite",0.951,"amphibalanus_amphitrite",178
"MARS","PA3","RUN3",0.747,"Amphibalanusamphitrite",0.939,"amphibalanus_amphitrite",178
"GAM","PA3","RUN3",0.711,"Amphibalanusamphitrite",0.917,"amphibalanus_amphitrite",178
"XGBOOST","PA3","RUN3",0.738,"Amphibalanusamphitrite",0.934,"amphibalanus_amphitrite",178
"RF","PA3","RUN4",0.725,"Amphibalanusamphitrite",0.961,"amphibalanus_amphitrite",178
"MAXNET","PA3","RUN4",0.793,"Amphibalanusamphitrite",0.94,"amphibalanus_amphitrite",178
"MARS","PA3","RUN4",0.85,"Amphibalanusamphitrite",0.952,"amphibalanus_amphitrite",178
"GAM","PA3","RUN4",0.783,"Amphibalanusamphitrite",0.928,"amphibalanus_amphitrite",178
"XGBOOST","PA3","RUN4",0.803,"Amphibalanusamphitrite",0.935,"amphibalanus_amphitrite",178
"RF","PA3","RUN5",0.694,"Amphibalanusamphitrite",0.942,"amphibalanus_amphitrite",178
"MAXNET","PA3","RUN5",0.749,"Amphibalanusamphitrite",0.94,"amphibalanus_amphitrite",178
"MARS","PA3","RUN5",0.684,"Amphibalanusamphitrite",0.92,"amphibalanus_amphitrite",178
"GAM","PA3","RUN5",0.684,"Amphibalanusamphitrite",0.887,"amphibalanus_amphitrite",178
"XGBOOST","PA3","RUN5",0.61,"Amphibalanusamphitrite",0.92,"amphibalanus_amphitrite",178
"RF","PA3","allRun",NA,"Amphibalanusamphitrite",NA,"amphibalanus_amphitrite",178
"MAXNET","PA3","allRun",NA,"Amphibalanusamphitrite",NA,"amphibalanus_amphitrite",178
"MARS","PA3","allRun",NA,"Amphibalanusamphitrite",NA,"amphibalanus_amphitrite",178
"GAM","PA3","allRun",NA,"Amphibalanusamphitrite",NA,"amphibalanus_amphitrite",178
"XGBOOST","PA3","allRun",NA,"Amphibalanusamphitrite",NA,"amphibalanus_amphitrite",178
"RF","allData","allRun",NA,"Amphibalanusamphitrite",NA,"amphibalanus_amphitrite",178
"MAXNET","allData","allRun",NA,"Amphibalanusamphitrite",NA,"amphibalanus_amphitrite",178
"MARS","allData","allRun",NA,"Amphibalanusamphitrite",NA,"amphibalanus_amphitrite",178
"GAM","allData","allRun",NA,"Amphibalanusamphitrite",NA,"amphibalanus_amphitrite",178
"XGBOOST","allData","allRun",NA,"Amphibalanusamphitrite",NA,"amphibalanus_amphitrite",178
"RF","PA1","RUN1",0.788,"Amphibalanuseburneus",0.961,"amphibalanus_eburneus",55
"MAXNET","PA1","RUN1",0.879,"Amphibalanuseburneus",0.953,"amphibalanus_eburneus",55
"MARS","PA1","RUN1",0.879,"Amphibalanuseburneus",0.956,"amphibalanus_eburneus",55
"GAM","PA1","RUN1",0.758,"Amphibalanuseburneus",0.919,"amphibalanus_eburneus",55
"XGBOOST","PA1","RUN1",0.697,"Amphibalanuseburneus",0.967,"amphibalanus_eburneus",55
"RF","PA1","RUN2",0.576,"Amphibalanuseburneus",0.963,"amphibalanus_eburneus",55
"MAXNET","PA1","RUN2",0.879,"Amphibalanuseburneus",0.964,"amphibalanus_eburneus",55
"MARS","PA1","RUN2",0.697,"Amphibalanuseburneus",0.953,"amphibalanus_eburneus",55
"GAM","PA1","RUN2",0.758,"Amphibalanuseburneus",0.895,"amphibalanus_eburneus",55
"XGBOOST","PA1","RUN2",0.697,"Amphibalanuseburneus",0.964,"amphibalanus_eburneus",55
"RF","PA1","RUN3",0.758,"Amphibalanuseburneus",0.939,"amphibalanus_eburneus",55
"MAXNET","PA1","RUN3",0.818,"Amphibalanuseburneus",0.966,"amphibalanus_eburneus",55
"MARS","PA1","RUN3",0.758,"Amphibalanuseburneus",0.924,"amphibalanus_eburneus",55
"GAM","PA1","RUN3",0.667,"Amphibalanuseburneus",0.908,"amphibalanus_eburneus",55
"XGBOOST","PA1","RUN3",0.697,"Amphibalanuseburneus",0.921,"amphibalanus_eburneus",55
"RF","PA1","RUN4",0.697,"Amphibalanuseburneus",0.967,"amphibalanus_eburneus",55
"MAXNET","PA1","RUN4",0.758,"Amphibalanuseburneus",0.948,"amphibalanus_eburneus",55
"MARS","PA1","RUN4",0.636,"Amphibalanuseburneus",0.897,"amphibalanus_eburneus",55
"GAM","PA1","RUN4",0.697,"Amphibalanuseburneus",0.833,"amphibalanus_eburneus",55
"XGBOOST","PA1","RUN4",0.727,"Amphibalanuseburneus",0.935,"amphibalanus_eburneus",55
"RF","PA1","RUN5",0.697,"Amphibalanuseburneus",0.971,"amphibalanus_eburneus",55
"MAXNET","PA1","RUN5",0.697,"Amphibalanuseburneus",0.948,"amphibalanus_eburneus",55
"MARS","PA1","RUN5",0.697,"Amphibalanuseburneus",0.92,"amphibalanus_eburneus",55
"GAM","PA1","RUN5",0.545,"Amphibalanuseburneus",0.909,"amphibalanus_eburneus",55
"XGBOOST","PA1","RUN5",0.576,"Amphibalanuseburneus",0.937,"amphibalanus_eburneus",55
"RF","PA1","allRun",NA,"Amphibalanuseburneus",NA,"amphibalanus_eburneus",55
"MAXNET","PA1","allRun",NA,"Amphibalanuseburneus",NA,"amphibalanus_eburneus",55
"MARS","PA1","allRun",NA,"Amphibalanuseburneus",NA,"amphibalanus_eburneus",55
"GAM","PA1","allRun",NA,"Amphibalanuseburneus",NA,"amphibalanus_eburneus",55
"XGBOOST","PA1","allRun",NA,"Amphibalanuseburneus",NA,"amphibalanus_eburneus",55
"RF","PA2","RUN1",0.606,"Amphibalanuseburneus",0.939,"amphibalanus_eburneus",55
"MAXNET","PA2","RUN1",0.818,"Amphibalanuseburneus",0.913,"amphibalanus_eburneus",55
"MARS","PA2","RUN1",0.636,"Amphibalanuseburneus",0.866,"amphibalanus_eburneus",55
"GAM","PA2","RUN1",0.788,"Amphibalanuseburneus",0.948,"amphibalanus_eburneus",55
"XGBOOST","PA2","RUN1",0.727,"Amphibalanuseburneus",0.912,"amphibalanus_eburneus",55
"RF","PA2","RUN2",0.667,"Amphibalanuseburneus",0.923,"amphibalanus_eburneus",55
"MAXNET","PA2","RUN2",0.636,"Amphibalanuseburneus",0.906,"amphibalanus_eburneus",55
"MARS","PA2","RUN2",0.697,"Amphibalanuseburneus",0.88,"amphibalanus_eburneus",55
"GAM","PA2","RUN2",0.545,"Amphibalanuseburneus",0.835,"amphibalanus_eburneus",55
"XGBOOST","PA2","RUN2",0.515,"Amphibalanuseburneus",0.875,"amphibalanus_eburneus",55
"RF","PA2","RUN3",0.818,"Amphibalanuseburneus",0.931,"amphibalanus_eburneus",55
"MAXNET","PA2","RUN3",0.879,"Amphibalanuseburneus",0.934,"amphibalanus_eburneus",55
"MARS","PA2","RUN3",0.758,"Amphibalanuseburneus",0.884,"amphibalanus_eburneus",55
"GAM","PA2","RUN3",0.697,"Amphibalanuseburneus",0.905,"amphibalanus_eburneus",55
"XGBOOST","PA2","RUN3",0.727,"Amphibalanuseburneus",0.931,"amphibalanus_eburneus",55
"RF","PA2","RUN4",0.636,"Amphibalanuseburneus",0.937,"amphibalanus_eburneus",55
"MAXNET","PA2","RUN4",0.818,"Amphibalanuseburneus",0.964,"amphibalanus_eburneus",55
"MARS","PA2","RUN4",0.758,"Amphibalanuseburneus",0.964,"amphibalanus_eburneus",55
"GAM","PA2","RUN4",0.788,"Amphibalanuseburneus",0.97,"amphibalanus_eburneus",55
"XGBOOST","PA2","RUN4",0.788,"Amphibalanuseburneus",0.92,"amphibalanus_eburneus",55
"RF","PA2","RUN5",0.485,"Amphibalanuseburneus",0.864,"amphibalanus_eburneus",55
"MAXNET","PA2","RUN5",0.455,"Amphibalanuseburneus",0.86,"amphibalanus_eburneus",55
"MARS","PA2","RUN5",0.455,"Amphibalanuseburneus",0.877,"amphibalanus_eburneus",55
"GAM","PA2","RUN5",0.455,"Amphibalanuseburneus",0.851,"amphibalanus_eburneus",55
"XGBOOST","PA2","RUN5",0.303,"Amphibalanuseburneus",0.793,"amphibalanus_eburneus",55
"RF","PA2","allRun",NA,"Amphibalanuseburneus",NA,"amphibalanus_eburneus",55
"MAXNET","PA2","allRun",NA,"Amphibalanuseburneus",NA,"amphibalanus_eburneus",55
"MARS","PA2","allRun",NA,"Amphibalanuseburneus",NA,"amphibalanus_eburneus",55
"GAM","PA2","allRun",NA,"Amphibalanuseburneus",NA,"amphibalanus_eburneus",55
"XGBOOST","PA2","allRun",NA,"Amphibalanuseburneus",NA,"amphibalanus_eburneus",55
"RF","PA3","RUN1",0.636,"Amphibalanuseburneus",0.946,"amphibalanus_eburneus",55
"MAXNET","PA3","RUN1",0.727,"Amphibalanuseburneus",0.912,"amphibalanus_eburneus",55
"MARS","PA3","RUN1",0.727,"Amphibalanuseburneus",0.945,"amphibalanus_eburneus",55
"GAM","PA3","RUN1",0.758,"Amphibalanuseburneus",0.939,"amphibalanus_eburneus",55
"XGBOOST","PA3","RUN1",0.758,"Amphibalanuseburneus",0.905,"amphibalanus_eburneus",55
"RF","PA3","RUN2",0.424,"Amphibalanuseburneus",0.909,"amphibalanus_eburneus",55
"MAXNET","PA3","RUN2",0.788,"Amphibalanuseburneus",0.904,"amphibalanus_eburneus",55
"MARS","PA3","RUN2",0.606,"Amphibalanuseburneus",0.883,"amphibalanus_eburneus",55
"GAM","PA3","RUN2",0.424,"Amphibalanuseburneus",0.781,"amphibalanus_eburneus",55
"XGBOOST","PA3","RUN2",0.485,"Amphibalanuseburneus",0.864,"amphibalanus_eburneus",55
"RF","PA3","RUN3",0.727,"Amphibalanuseburneus",0.967,"amphibalanus_eburneus",55
"MAXNET","PA3","RUN3",0.818,"Amphibalanuseburneus",0.948,"amphibalanus_eburneus",55
"MARS","PA3","RUN3",0.727,"Amphibalanuseburneus",0.904,"amphibalanus_eburneus",55
"GAM","PA3","RUN3",0.758,"Amphibalanuseburneus",0.92,"amphibalanus_eburneus",55
"XGBOOST","PA3","RUN3",0.818,"Amphibalanuseburneus",0.953,"amphibalanus_eburneus",55
"RF","PA3","RUN4",0.545,"Amphibalanuseburneus",0.857,"amphibalanus_eburneus",55
"MAXNET","PA3","RUN4",0.576,"Amphibalanuseburneus",0.848,"amphibalanus_eburneus",55
"MARS","PA3","RUN4",0.515,"Amphibalanuseburneus",0.81,"amphibalanus_eburneus",55
"GAM","PA3","RUN4",0.455,"Amphibalanuseburneus",0.8,"amphibalanus_eburneus",55
"XGBOOST","PA3","RUN4",0.485,"Amphibalanuseburneus",0.817,"amphibalanus_eburneus",55
"RF","PA3","RUN5",0.727,"Amphibalanuseburneus",0.935,"amphibalanus_eburneus",55
"MAXNET","PA3","RUN5",0.818,"Amphibalanuseburneus",0.959,"amphibalanus_eburneus",55
"MARS","PA3","RUN5",0.515,"Amphibalanuseburneus",0.844,"amphibalanus_eburneus",55
"GAM","PA3","RUN5",0.758,"Amphibalanuseburneus",0.884,"amphibalanus_eburneus",55
"XGBOOST","PA3","RUN5",0.515,"Amphibalanuseburneus",0.864,"amphibalanus_eburneus",55
"RF","PA3","allRun",NA,"Amphibalanuseburneus",NA,"amphibalanus_eburneus",55
"MAXNET","PA3","allRun",NA,"Amphibalanuseburneus",NA,"amphibalanus_eburneus",55
"MARS","PA3","allRun",NA,"Amphibalanuseburneus",NA,"amphibalanus_eburneus",55
"GAM","PA3","allRun",NA,"Amphibalanuseburneus",NA,"amphibalanus_eburneus",55
"XGBOOST","PA3","allRun",NA,"Amphibalanuseburneus",NA,"amphibalanus_eburneus",55
"RF","allData","allRun",NA,"Amphibalanuseburneus",NA,"amphibalanus_eburneus",55
"MAXNET","allData","allRun",NA,"Amphibalanuseburneus",NA,"amphibalanus_eburneus",55
"MARS","allData","allRun",NA,"Amphibalanuseburneus",NA,"amphibalanus_eburneus",55
"GAM","allData","allRun",NA,"Amphibalanuseburneus",NA,"amphibalanus_eburneus",55
"XGBOOST","allData","allRun",NA,"Amphibalanuseburneus",NA,"amphibalanus_eburneus",55
"RF","PA1","RUN1",0.844,"Amphibalanusimprovisus",0.971,"amphibalanus_improvisus",847
"MAXNET","PA1","RUN1",0.797,"Amphibalanusimprovisus",0.961,"amphibalanus_improvisus",847
"MARS","PA1","RUN1",0.817,"Amphibalanusimprovisus",0.959,"amphibalanus_improvisus",847
"GAM","PA1","RUN1",0.762,"Amphibalanusimprovisus",0.95,"amphibalanus_improvisus",847
"XGBOOST","PA1","RUN1",0.787,"Amphibalanusimprovisus",0.947,"amphibalanus_improvisus",847
"RF","PA1","RUN2",0.759,"Amphibalanusimprovisus",0.971,"amphibalanus_improvisus",847
"MAXNET","PA1","RUN2",0.764,"Amphibalanusimprovisus",0.964,"amphibalanus_improvisus",847
"MARS","PA1","RUN2",0.784,"Amphibalanusimprovisus",0.96,"amphibalanus_improvisus",847
"GAM","PA1","RUN2",0.758,"Amphibalanusimprovisus",0.952,"amphibalanus_improvisus",847
"XGBOOST","PA1","RUN2",0.741,"Amphibalanusimprovisus",0.932,"amphibalanus_improvisus",847
"RF","PA1","RUN3",0.801,"Amphibalanusimprovisus",0.967,"amphibalanus_improvisus",847
"MAXNET","PA1","RUN3",0.778,"Amphibalanusimprovisus",0.959,"amphibalanus_improvisus",847
"MARS","PA1","RUN3",0.768,"Amphibalanusimprovisus",0.953,"amphibalanus_improvisus",847
"GAM","PA1","RUN3",0.766,"Amphibalanusimprovisus",0.946,"amphibalanus_improvisus",847
"XGBOOST","PA1","RUN3",0.77,"Amphibalanusimprovisus",0.941,"amphibalanus_improvisus",847
"RF","PA1","RUN4",0.786,"Amphibalanusimprovisus",0.971,"amphibalanus_improvisus",847
"MAXNET","PA1","RUN4",0.766,"Amphibalanusimprovisus",0.958,"amphibalanus_improvisus",847
"MARS","PA1","RUN4",0.76,"Amphibalanusimprovisus",0.962,"amphibalanus_improvisus",847
"GAM","PA1","RUN4",0.754,"Amphibalanusimprovisus",0.951,"amphibalanus_improvisus",847
"XGBOOST","PA1","RUN4",0.764,"Amphibalanusimprovisus",0.954,"amphibalanus_improvisus",847
"RF","PA1","RUN5",0.775,"Amphibalanusimprovisus",0.958,"amphibalanus_improvisus",847
"MAXNET","PA1","RUN5",0.791,"Amphibalanusimprovisus",0.956,"amphibalanus_improvisus",847
"MARS","PA1","RUN5",0.783,"Amphibalanusimprovisus",0.951,"amphibalanus_improvisus",847
"GAM","PA1","RUN5",0.766,"Amphibalanusimprovisus",0.948,"amphibalanus_improvisus",847
"XGBOOST","PA1","RUN5",0.756,"Amphibalanusimprovisus",0.942,"amphibalanus_improvisus",847
"RF","PA1","allRun",NA,"Amphibalanusimprovisus",NA,"amphibalanus_improvisus",847
"MAXNET","PA1","allRun",NA,"Amphibalanusimprovisus",NA,"amphibalanus_improvisus",847
"MARS","PA1","allRun",NA,"Amphibalanusimprovisus",NA,"amphibalanus_improvisus",847
"GAM","PA1","allRun",NA,"Amphibalanusimprovisus",NA,"amphibalanus_improvisus",847
"XGBOOST","PA1","allRun",NA,"Amphibalanusimprovisus",NA,"amphibalanus_improvisus",847
"RF","PA2","RUN1",0.811,"Amphibalanusimprovisus",0.967,"amphibalanus_improvisus",847
"MAXNET","PA2","RUN1",0.807,"Amphibalanusimprovisus",0.963,"amphibalanus_improvisus",847
"MARS","PA2","RUN1",0.791,"Amphibalanusimprovisus",0.952,"amphibalanus_improvisus",847
"GAM","PA2","RUN1",0.773,"Amphibalanusimprovisus",0.943,"amphibalanus_improvisus",847
"XGBOOST","PA2","RUN1",0.738,"Amphibalanusimprovisus",0.936,"amphibalanus_improvisus",847
"RF","PA2","RUN2",0.802,"Amphibalanusimprovisus",0.965,"amphibalanus_improvisus",847
"MAXNET","PA2","RUN2",0.782,"Amphibalanusimprovisus",0.961,"amphibalanus_improvisus",847
"MARS","PA2","RUN2",0.794,"Amphibalanusimprovisus",0.954,"amphibalanus_improvisus",847
"GAM","PA2","RUN2",0.772,"Amphibalanusimprovisus",0.953,"amphibalanus_improvisus",847
"XGBOOST","PA2","RUN2",0.774,"Amphibalanusimprovisus",0.947,"amphibalanus_improvisus",847
"RF","PA2","RUN3",0.799,"Amphibalanusimprovisus",0.976,"amphibalanus_improvisus",847
"MAXNET","PA2","RUN3",0.787,"Amphibalanusimprovisus",0.966,"amphibalanus_improvisus",847
"MARS","PA2","RUN3",0.805,"Amphibalanusimprovisus",0.969,"amphibalanus_improvisus",847
"GAM","PA2","RUN3",0.755,"Amphibalanusimprovisus",0.955,"amphibalanus_improvisus",847
"XGBOOST","PA2","RUN3",0.761,"Amphibalanusimprovisus",0.945,"amphibalanus_improvisus",847
"RF","PA2","RUN4",0.772,"Amphibalanusimprovisus",0.956,"amphibalanus_improvisus",847
"MAXNET","PA2","RUN4",0.778,"Amphibalanusimprovisus",0.953,"amphibalanus_improvisus",847
"MARS","PA2","RUN4",0.778,"Amphibalanusimprovisus",0.956,"amphibalanus_improvisus",847
"GAM","PA2","RUN4",0.754,"Amphibalanusimprovisus",0.947,"amphibalanus_improvisus",847
"XGBOOST","PA2","RUN4",0.715,"Amphibalanusimprovisus",0.933,"amphibalanus_improvisus",847
"RF","PA2","RUN5",0.75,"Amphibalanusimprovisus",0.97,"amphibalanus_improvisus",847
"MAXNET","PA2","RUN5",0.773,"Amphibalanusimprovisus",0.962,"amphibalanus_improvisus",847
"MARS","PA2","RUN5",0.762,"Amphibalanusimprovisus",0.958,"amphibalanus_improvisus",847
"GAM","PA2","RUN5",0.783,"Amphibalanusimprovisus",0.946,"amphibalanus_improvisus",847
"XGBOOST","PA2","RUN5",0.75,"Amphibalanusimprovisus",0.952,"amphibalanus_improvisus",847
"RF","PA2","allRun",NA,"Amphibalanusimprovisus",NA,"amphibalanus_improvisus",847
"MAXNET","PA2","allRun",NA,"Amphibalanusimprovisus",NA,"amphibalanus_improvisus",847
"MARS","PA2","allRun",NA,"Amphibalanusimprovisus",NA,"amphibalanus_improvisus",847
"GAM","PA2","allRun",NA,"Amphibalanusimprovisus",NA,"amphibalanus_improvisus",847
"XGBOOST","PA2","allRun",NA,"Amphibalanusimprovisus",NA,"amphibalanus_improvisus",847
"RF","PA3","RUN1",0.844,"Amphibalanusimprovisus",0.975,"amphibalanus_improvisus",847
"MAXNET","PA3","RUN1",0.819,"Amphibalanusimprovisus",0.971,"amphibalanus_improvisus",847
"MARS","PA3","RUN1",0.825,"Amphibalanusimprovisus",0.973,"amphibalanus_improvisus",847
"GAM","PA3","RUN1",0.795,"Amphibalanusimprovisus",0.964,"amphibalanus_improvisus",847
"XGBOOST","PA3","RUN1",0.787,"Amphibalanusimprovisus",0.956,"amphibalanus_improvisus",847
"RF","PA3","RUN2",0.819,"Amphibalanusimprovisus",0.975,"amphibalanus_improvisus",847
"MAXNET","PA3","RUN2",0.808,"Amphibalanusimprovisus",0.965,"amphibalanus_improvisus",847
"MARS","PA3","RUN2",0.784,"Amphibalanusimprovisus",0.962,"amphibalanus_improvisus",847
"GAM","PA3","RUN2",0.796,"Amphibalanusimprovisus",0.961,"amphibalanus_improvisus",847
"XGBOOST","PA3","RUN2",0.764,"Amphibalanusimprovisus",0.952,"amphibalanus_improvisus",847
"RF","PA3","RUN3",0.759,"Amphibalanusimprovisus",0.956,"amphibalanus_improvisus",847
"MAXNET","PA3","RUN3",0.744,"Amphibalanusimprovisus",0.952,"amphibalanus_improvisus",847
"MARS","PA3","RUN3",0.763,"Amphibalanusimprovisus",0.953,"amphibalanus_improvisus",847
"GAM","PA3","RUN3",0.738,"Amphibalanusimprovisus",0.943,"amphibalanus_improvisus",847
"XGBOOST","PA3","RUN3",0.742,"Amphibalanusimprovisus",0.938,"amphibalanus_improvisus",847
"RF","PA3","RUN4",0.796,"Amphibalanusimprovisus",0.967,"amphibalanus_improvisus",847
"MAXNET","PA3","RUN4",0.786,"Amphibalanusimprovisus",0.962,"amphibalanus_improvisus",847
"MARS","PA3","RUN4",0.735,"Amphibalanusimprovisus",0.954,"amphibalanus_improvisus",847
"GAM","PA3","RUN4",0.762,"Amphibalanusimprovisus",0.952,"amphibalanus_improvisus",847
"XGBOOST","PA3","RUN4",0.739,"Amphibalanusimprovisus",0.94,"amphibalanus_improvisus",847
"RF","PA3","RUN5",0.803,"Amphibalanusimprovisus",0.974,"amphibalanus_improvisus",847
"MAXNET","PA3","RUN5",0.791,"Amphibalanusimprovisus",0.96,"amphibalanus_improvisus",847
"MARS","PA3","RUN5",0.773,"Amphibalanusimprovisus",0.959,"amphibalanus_improvisus",847
"GAM","PA3","RUN5",0.756,"Amphibalanusimprovisus",0.949,"amphibalanus_improvisus",847
"XGBOOST","PA3","RUN5",0.704,"Amphibalanusimprovisus",0.944,"amphibalanus_improvisus",847
"RF","PA3","allRun",NA,"Amphibalanusimprovisus",NA,"amphibalanus_improvisus",847
"MAXNET","PA3","allRun",NA,"Amphibalanusimprovisus",NA,"amphibalanus_improvisus",847
"MARS","PA3","allRun",NA,"Amphibalanusimprovisus",NA,"amphibalanus_improvisus",847
"GAM","PA3","allRun",NA,"Amphibalanusimprovisus",NA,"amphibalanus_improvisus",847
"XGBOOST","PA3","allRun",NA,"Amphibalanusimprovisus",NA,"amphibalanus_improvisus",847
"RF","allData","allRun",NA,"Amphibalanusimprovisus",NA,"amphibalanus_improvisus",847
"MAXNET","allData","allRun",NA,"Amphibalanusimprovisus",NA,"amphibalanus_improvisus",847
"MARS","allData","allRun",NA,"Amphibalanusimprovisus",NA,"amphibalanus_improvisus",847
"GAM","allData","allRun",NA,"Amphibalanusimprovisus",NA,"amphibalanus_improvisus",847
"XGBOOST","allData","allRun",NA,"Amphibalanusimprovisus",NA,"amphibalanus_improvisus",847
"RF","PA1","RUN1",-0.114,"ApionsomaApionsomamisakianum",0.545,"apionsoma_(apionsoma)_misakianum",19
"MAXNET","PA1","RUN1",0.068,"ApionsomaApionsomamisakianum",0.466,"apionsoma_(apionsoma)_misakianum",19
"MARS","PA1","RUN1",-0.205,"ApionsomaApionsomamisakianum",0.432,"apionsoma_(apionsoma)_misakianum",19
"GAM","PA1","RUN1",0.318,"ApionsomaApionsomamisakianum",0.568,"apionsoma_(apionsoma)_misakianum",19
"XGBOOST","PA1","RUN1",0.318,"ApionsomaApionsomamisakianum",0.602,"apionsoma_(apionsoma)_misakianum",19
"RF","PA1","RUN2",0.25,"ApionsomaApionsomamisakianum",0.75,"apionsoma_(apionsoma)_misakianum",19
"MAXNET","PA1","RUN2",0,"ApionsomaApionsomamisakianum",0.688,"apionsoma_(apionsoma)_misakianum",19
"MARS","PA1","RUN2",0.167,"ApionsomaApionsomamisakianum",0.625,"apionsoma_(apionsoma)_misakianum",19
"GAM","PA1","RUN2",0.083,"ApionsomaApionsomamisakianum",0.74,"apionsoma_(apionsoma)_misakianum",19
"XGBOOST","PA1","RUN2",0,"ApionsomaApionsomamisakianum",0.531,"apionsoma_(apionsoma)_misakianum",19
"RF","PA1","RUN3",0.152,"ApionsomaApionsomamisakianum",0.758,"apionsoma_(apionsoma)_misakianum",19
"MAXNET","PA1","RUN3",0.212,"ApionsomaApionsomamisakianum",0.788,"apionsoma_(apionsoma)_misakianum",19
"MARS","PA1","RUN3",0.061,"ApionsomaApionsomamisakianum",0.667,"apionsoma_(apionsoma)_misakianum",19
"GAM","PA1","RUN3",0.727,"ApionsomaApionsomamisakianum",0.818,"apionsoma_(apionsoma)_misakianum",19
"XGBOOST","PA1","RUN3",0.485,"ApionsomaApionsomamisakianum",0.818,"apionsoma_(apionsoma)_misakianum",19
"RF","PA1","RUN4",0.333,"ApionsomaApionsomamisakianum",0.604,"apionsoma_(apionsoma)_misakianum",19
"MAXNET","PA1","RUN4",-0.083,"ApionsomaApionsomamisakianum",0.625,"apionsoma_(apionsoma)_misakianum",19
"MARS","PA1","RUN4",0.417,"ApionsomaApionsomamisakianum",0.719,"apionsoma_(apionsoma)_misakianum",19
"GAM","PA1","RUN4",0.333,"ApionsomaApionsomamisakianum",0.573,"apionsoma_(apionsoma)_misakianum",19
"XGBOOST","PA1","RUN4",-0.333,"ApionsomaApionsomamisakianum",0.385,"apionsoma_(apionsoma)_misakianum",19
"RF","PA1","RUN5",0.318,"ApionsomaApionsomamisakianum",0.75,"apionsoma_(apionsoma)_misakianum",19
"MAXNET","PA1","RUN5",0.409,"ApionsomaApionsomamisakianum",0.705,"apionsoma_(apionsoma)_misakianum",19
"MARS","PA1","RUN5",0.136,"ApionsomaApionsomamisakianum",0.659,"apionsoma_(apionsoma)_misakianum",19
"GAM","PA1","RUN5",0.295,"ApionsomaApionsomamisakianum",0.614,"apionsoma_(apionsoma)_misakianum",19
"XGBOOST","PA1","RUN5",0.159,"ApionsomaApionsomamisakianum",0.818,"apionsoma_(apionsoma)_misakianum",19
"RF","PA1","allRun",NA,"ApionsomaApionsomamisakianum",NA,"apionsoma_(apionsoma)_misakianum",19
"MAXNET","PA1","allRun",NA,"ApionsomaApionsomamisakianum",NA,"apionsoma_(apionsoma)_misakianum",19
"MARS","PA1","allRun",NA,"ApionsomaApionsomamisakianum",NA,"apionsoma_(apionsoma)_misakianum",19
"GAM","PA1","allRun",NA,"ApionsomaApionsomamisakianum",NA,"apionsoma_(apionsoma)_misakianum",19
"XGBOOST","PA1","allRun",NA,"ApionsomaApionsomamisakianum",NA,"apionsoma_(apionsoma)_misakianum",19
"RF","PA2","RUN1",0,"ApionsomaApionsomamisakianum",0.682,"apionsoma_(apionsoma)_misakianum",19
"MAXNET","PA2","RUN1",0.159,"ApionsomaApionsomamisakianum",0.841,"apionsoma_(apionsoma)_misakianum",19
"MARS","PA2","RUN1",-0.091,"ApionsomaApionsomamisakianum",0.523,"apionsoma_(apionsoma)_misakianum",19
"GAM","PA2","RUN1",-0.182,"ApionsomaApionsomamisakianum",0.409,"apionsoma_(apionsoma)_misakianum",19
"XGBOOST","PA2","RUN1",0.159,"ApionsomaApionsomamisakianum",0.693,"apionsoma_(apionsoma)_misakianum",19
"RF","PA2","RUN2",-0.333,"ApionsomaApionsomamisakianum",0.26,"apionsoma_(apionsoma)_misakianum",19
"MAXNET","PA2","RUN2",-0.333,"ApionsomaApionsomamisakianum",0.562,"apionsoma_(apionsoma)_misakianum",19
"MARS","PA2","RUN2",0.083,"ApionsomaApionsomamisakianum",0.625,"apionsoma_(apionsoma)_misakianum",19
"GAM","PA2","RUN2",0.083,"ApionsomaApionsomamisakianum",0.583,"apionsoma_(apionsoma)_misakianum",19
"XGBOOST","PA2","RUN2",-0.25,"ApionsomaApionsomamisakianum",0.312,"apionsoma_(apionsoma)_misakianum",19
"RF","PA2","RUN3",0.242,"ApionsomaApionsomamisakianum",0.818,"apionsoma_(apionsoma)_misakianum",19
"MAXNET","PA2","RUN3",0.303,"ApionsomaApionsomamisakianum",0.788,"apionsoma_(apionsoma)_misakianum",19
"MARS","PA2","RUN3",0.485,"ApionsomaApionsomamisakianum",0.773,"apionsoma_(apionsoma)_misakianum",19
"GAM","PA2","RUN3",0.121,"ApionsomaApionsomamisakianum",0.424,"apionsoma_(apionsoma)_misakianum",19
"XGBOOST","PA2","RUN3",0.485,"ApionsomaApionsomamisakianum",0.773,"apionsoma_(apionsoma)_misakianum",19
"RF","PA2","RUN4",0.167,"ApionsomaApionsomamisakianum",0.729,"apionsoma_(apionsoma)_misakianum",19
"MAXNET","PA2","RUN4",0.833,"ApionsomaApionsomamisakianum",0.979,"apionsoma_(apionsoma)_misakianum",19
"MARS","PA2","RUN4",0.75,"ApionsomaApionsomamisakianum",0.906,"apionsoma_(apionsoma)_misakianum",19
"GAM","PA2","RUN4",0.583,"ApionsomaApionsomamisakianum",0.75,"apionsoma_(apionsoma)_misakianum",19
"XGBOOST","PA2","RUN4",0,"ApionsomaApionsomamisakianum",0.604,"apionsoma_(apionsoma)_misakianum",19
"RF","PA2","RUN5",0.159,"ApionsomaApionsomamisakianum",0.636,"apionsoma_(apionsoma)_misakianum",19
"MAXNET","PA2","RUN5",0.568,"ApionsomaApionsomamisakianum",0.818,"apionsoma_(apionsoma)_misakianum",19
"MARS","PA2","RUN5",0.386,"ApionsomaApionsomamisakianum",0.705,"apionsoma_(apionsoma)_misakianum",19
"GAM","PA2","RUN5",0.227,"ApionsomaApionsomamisakianum",0.659,"apionsoma_(apionsoma)_misakianum",19
"XGBOOST","PA2","RUN5",0.318,"ApionsomaApionsomamisakianum",0.545,"apionsoma_(apionsoma)_misakianum",19
"RF","PA2","allRun",NA,"ApionsomaApionsomamisakianum",NA,"apionsoma_(apionsoma)_misakianum",19
"MAXNET","PA2","allRun",NA,"ApionsomaApionsomamisakianum",NA,"apionsoma_(apionsoma)_misakianum",19
"MARS","PA2","allRun",NA,"ApionsomaApionsomamisakianum",NA,"apionsoma_(apionsoma)_misakianum",19
"GAM","PA2","allRun",NA,"ApionsomaApionsomamisakianum",NA,"apionsoma_(apionsoma)_misakianum",19
"XGBOOST","PA2","allRun",NA,"ApionsomaApionsomamisakianum",NA,"apionsoma_(apionsoma)_misakianum",19
"RF","PA3","RUN1",0.068,"ApionsomaApionsomamisakianum",0.591,"apionsoma_(apionsoma)_misakianum",19
"MAXNET","PA3","RUN1",-0.114,"ApionsomaApionsomamisakianum",0.523,"apionsoma_(apionsoma)_misakianum",19
"MARS","PA3","RUN1",0.159,"ApionsomaApionsomamisakianum",0.568,"apionsoma_(apionsoma)_misakianum",19
"GAM","PA3","RUN1",-0.273,"ApionsomaApionsomamisakianum",0.364,"apionsoma_(apionsoma)_misakianum",19
"XGBOOST","PA3","RUN1",-0.023,"ApionsomaApionsomamisakianum",0.568,"apionsoma_(apionsoma)_misakianum",19
"RF","PA3","RUN2",0.5,"ApionsomaApionsomamisakianum",0.812,"apionsoma_(apionsoma)_misakianum",19
"MAXNET","PA3","RUN2",0.417,"ApionsomaApionsomamisakianum",0.875,"apionsoma_(apionsoma)_misakianum",19
"MARS","PA3","RUN2",0.667,"ApionsomaApionsomamisakianum",0.812,"apionsoma_(apionsoma)_misakianum",19
"GAM","PA3","RUN2",0.25,"ApionsomaApionsomamisakianum",0.625,"apionsoma_(apionsoma)_misakianum",19
"XGBOOST","PA3","RUN2",0.083,"ApionsomaApionsomamisakianum",0.688,"apionsoma_(apionsoma)_misakianum",19
"RF","PA3","RUN3",0.818,"ApionsomaApionsomamisakianum",0.939,"apionsoma_(apionsoma)_misakianum",19
"MAXNET","PA3","RUN3",0.818,"ApionsomaApionsomamisakianum",0.939,"apionsoma_(apionsoma)_misakianum",19
"MARS","PA3","RUN3",0.818,"ApionsomaApionsomamisakianum",0.955,"apionsoma_(apionsoma)_misakianum",19
"GAM","PA3","RUN3",0.667,"ApionsomaApionsomamisakianum",0.97,"apionsoma_(apionsoma)_misakianum",19
"XGBOOST","PA3","RUN3",0.485,"ApionsomaApionsomamisakianum",0.879,"apionsoma_(apionsoma)_misakianum",19
"RF","PA3","RUN4",0.583,"ApionsomaApionsomamisakianum",0.76,"apionsoma_(apionsoma)_misakianum",19
"MAXNET","PA3","RUN4",0.5,"ApionsomaApionsomamisakianum",0.771,"apionsoma_(apionsoma)_misakianum",19
"MARS","PA3","RUN4",0.083,"ApionsomaApionsomamisakianum",0.719,"apionsoma_(apionsoma)_misakianum",19
"GAM","PA3","RUN4",0.167,"ApionsomaApionsomamisakianum",0.583,"apionsoma_(apionsoma)_misakianum",19
"XGBOOST","PA3","RUN4",0.417,"ApionsomaApionsomamisakianum",0.802,"apionsoma_(apionsoma)_misakianum",19
"RF","PA3","RUN5",0.818,"ApionsomaApionsomamisakianum",0.932,"apionsoma_(apionsoma)_misakianum",19
"MAXNET","PA3","RUN5",0.409,"ApionsomaApionsomamisakianum",0.818,"apionsoma_(apionsoma)_misakianum",19
"MARS","PA3","RUN5",0.568,"ApionsomaApionsomamisakianum",0.886,"apionsoma_(apionsoma)_misakianum",19
"GAM","PA3","RUN5",0.818,"ApionsomaApionsomamisakianum",0.886,"apionsoma_(apionsoma)_misakianum",19
"XGBOOST","PA3","RUN5",0.818,"ApionsomaApionsomamisakianum",0.864,"apionsoma_(apionsoma)_misakianum",19
"RF","PA3","allRun",NA,"ApionsomaApionsomamisakianum",NA,"apionsoma_(apionsoma)_misakianum",19
"MAXNET","PA3","allRun",NA,"ApionsomaApionsomamisakianum",NA,"apionsoma_(apionsoma)_misakianum",19
"MARS","PA3","allRun",NA,"ApionsomaApionsomamisakianum",NA,"apionsoma_(apionsoma)_misakianum",19
"GAM","PA3","allRun",NA,"ApionsomaApionsomamisakianum",NA,"apionsoma_(apionsoma)_misakianum",19
"XGBOOST","PA3","allRun",NA,"ApionsomaApionsomamisakianum",NA,"apionsoma_(apionsoma)_misakianum",19
"RF","allData","allRun",NA,"ApionsomaApionsomamisakianum",NA,"apionsoma_(apionsoma)_misakianum",19
"MAXNET","allData","allRun",NA,"ApionsomaApionsomamisakianum",NA,"apionsoma_(apionsoma)_misakianum",19
"MARS","allData","allRun",NA,"ApionsomaApionsomamisakianum",NA,"apionsoma_(apionsoma)_misakianum",19
"GAM","allData","allRun",NA,"ApionsomaApionsomamisakianum",NA,"apionsoma_(apionsoma)_misakianum",19
"XGBOOST","allData","allRun",NA,"ApionsomaApionsomamisakianum",NA,"apionsoma_(apionsoma)_misakianum",19
"RF","PA1","RUN1",0.588,"Arcuatulasenhousia",0.924,"arcuatula_senhousia",85
"MAXNET","PA1","RUN1",0.745,"Arcuatulasenhousia",0.938,"arcuatula_senhousia",85
"MARS","PA1","RUN1",0.686,"Arcuatulasenhousia",0.909,"arcuatula_senhousia",85
"GAM","PA1","RUN1",0.647,"Arcuatulasenhousia",0.87,"arcuatula_senhousia",85
"XGBOOST","PA1","RUN1",0.647,"Arcuatulasenhousia",0.928,"arcuatula_senhousia",85
"RF","PA1","RUN2",0.529,"Arcuatulasenhousia",0.908,"arcuatula_senhousia",85
"MAXNET","PA1","RUN2",0.784,"Arcuatulasenhousia",0.925,"arcuatula_senhousia",85
"MARS","PA1","RUN2",0.784,"Arcuatulasenhousia",0.915,"arcuatula_senhousia",85
"GAM","PA1","RUN2",0.686,"Arcuatulasenhousia",0.883,"arcuatula_senhousia",85
"XGBOOST","PA1","RUN2",0.725,"Arcuatulasenhousia",0.919,"arcuatula_senhousia",85
"RF","PA1","RUN3",0.51,"Arcuatulasenhousia",0.961,"arcuatula_senhousia",85
"MAXNET","PA1","RUN3",0.647,"Arcuatulasenhousia",0.967,"arcuatula_senhousia",85
"MARS","PA1","RUN3",0.745,"Arcuatulasenhousia",0.956,"arcuatula_senhousia",85
"GAM","PA1","RUN3",0.745,"Arcuatulasenhousia",0.945,"arcuatula_senhousia",85
"XGBOOST","PA1","RUN3",0.529,"Arcuatulasenhousia",0.952,"arcuatula_senhousia",85
"RF","PA1","RUN4",0.51,"Arcuatulasenhousia",0.902,"arcuatula_senhousia",85
"MAXNET","PA1","RUN4",0.725,"Arcuatulasenhousia",0.907,"arcuatula_senhousia",85
"MARS","PA1","RUN4",0.667,"Arcuatulasenhousia",0.908,"arcuatula_senhousia",85
"GAM","PA1","RUN4",0.686,"Arcuatulasenhousia",0.884,"arcuatula_senhousia",85
"XGBOOST","PA1","RUN4",0.706,"Arcuatulasenhousia",0.923,"arcuatula_senhousia",85
"RF","PA1","RUN5",0.588,"Arcuatulasenhousia",0.875,"arcuatula_senhousia",85
"MAXNET","PA1","RUN5",0.706,"Arcuatulasenhousia",0.888,"arcuatula_senhousia",85
"MARS","PA1","RUN5",0.608,"Arcuatulasenhousia",0.835,"arcuatula_senhousia",85
"GAM","PA1","RUN5",0.588,"Arcuatulasenhousia",0.852,"arcuatula_senhousia",85
"XGBOOST","PA1","RUN5",0.627,"Arcuatulasenhousia",0.884,"arcuatula_senhousia",85
"RF","PA1","allRun",NA,"Arcuatulasenhousia",NA,"arcuatula_senhousia",85
"MAXNET","PA1","allRun",NA,"Arcuatulasenhousia",NA,"arcuatula_senhousia",85
"MARS","PA1","allRun",NA,"Arcuatulasenhousia",NA,"arcuatula_senhousia",85
"GAM","PA1","allRun",NA,"Arcuatulasenhousia",NA,"arcuatula_senhousia",85
"XGBOOST","PA1","allRun",NA,"Arcuatulasenhousia",NA,"arcuatula_senhousia",85
"RF","PA2","RUN1",0.706,"Arcuatulasenhousia",0.969,"arcuatula_senhousia",85
"MAXNET","PA2","RUN1",0.843,"Arcuatulasenhousia",0.965,"arcuatula_senhousia",85
"MARS","PA2","RUN1",0.863,"Arcuatulasenhousia",0.979,"arcuatula_senhousia",85
"GAM","PA2","RUN1",0.686,"Arcuatulasenhousia",0.916,"arcuatula_senhousia",85
"XGBOOST","PA2","RUN1",0.706,"Arcuatulasenhousia",0.957,"arcuatula_senhousia",85
"RF","PA2","RUN2",0.412,"Arcuatulasenhousia",0.859,"arcuatula_senhousia",85
"MAXNET","PA2","RUN2",0.667,"Arcuatulasenhousia",0.852,"arcuatula_senhousia",85
"MARS","PA2","RUN2",0.627,"Arcuatulasenhousia",0.828,"arcuatula_senhousia",85
"GAM","PA2","RUN2",0.647,"Arcuatulasenhousia",0.856,"arcuatula_senhousia",85
"XGBOOST","PA2","RUN2",0.608,"Arcuatulasenhousia",0.841,"arcuatula_senhousia",85
"RF","PA2","RUN3",0.745,"Arcuatulasenhousia",0.931,"arcuatula_senhousia",85
"MAXNET","PA2","RUN3",0.765,"Arcuatulasenhousia",0.929,"arcuatula_senhousia",85
"MARS","PA2","RUN3",0.784,"Arcuatulasenhousia",0.943,"arcuatula_senhousia",85
"GAM","PA2","RUN3",0.745,"Arcuatulasenhousia",0.919,"arcuatula_senhousia",85
"XGBOOST","PA2","RUN3",0.765,"Arcuatulasenhousia",0.93,"arcuatula_senhousia",85
"RF","PA2","RUN4",0.49,"Arcuatulasenhousia",0.874,"arcuatula_senhousia",85
"MAXNET","PA2","RUN4",0.569,"Arcuatulasenhousia",0.885,"arcuatula_senhousia",85
"MARS","PA2","RUN4",0.49,"Arcuatulasenhousia",0.834,"arcuatula_senhousia",85
"GAM","PA2","RUN4",0.549,"Arcuatulasenhousia",0.858,"arcuatula_senhousia",85
"XGBOOST","PA2","RUN4",0.431,"Arcuatulasenhousia",0.874,"arcuatula_senhousia",85
"RF","PA2","RUN5",0.647,"Arcuatulasenhousia",0.958,"arcuatula_senhousia",85
"MAXNET","PA2","RUN5",0.745,"Arcuatulasenhousia",0.949,"arcuatula_senhousia",85
"MARS","PA2","RUN5",0.667,"Arcuatulasenhousia",0.92,"arcuatula_senhousia",85
"GAM","PA2","RUN5",0.706,"Arcuatulasenhousia",0.913,"arcuatula_senhousia",85
"XGBOOST","PA2","RUN5",0.725,"Arcuatulasenhousia",0.848,"arcuatula_senhousia",85
"RF","PA2","allRun",NA,"Arcuatulasenhousia",NA,"arcuatula_senhousia",85
"MAXNET","PA2","allRun",NA,"Arcuatulasenhousia",NA,"arcuatula_senhousia",85
"MARS","PA2","allRun",NA,"Arcuatulasenhousia",NA,"arcuatula_senhousia",85
"GAM","PA2","allRun",NA,"Arcuatulasenhousia",NA,"arcuatula_senhousia",85
"XGBOOST","PA2","allRun",NA,"Arcuatulasenhousia",NA,"arcuatula_senhousia",85
"RF","PA3","RUN1",0.549,"Arcuatulasenhousia",0.915,"arcuatula_senhousia",85
"MAXNET","PA3","RUN1",0.706,"Arcuatulasenhousia",0.949,"arcuatula_senhousia",85
"MARS","PA3","RUN1",0.588,"Arcuatulasenhousia",0.903,"arcuatula_senhousia",85
"GAM","PA3","RUN1",0.725,"Arcuatulasenhousia",0.889,"arcuatula_senhousia",85
"XGBOOST","PA3","RUN1",0.627,"Arcuatulasenhousia",0.934,"arcuatula_senhousia",85
"RF","PA3","RUN2",0.608,"Arcuatulasenhousia",0.88,"arcuatula_senhousia",85
"MAXNET","PA3","RUN2",0.549,"Arcuatulasenhousia",0.874,"arcuatula_senhousia",85
"MARS","PA3","RUN2",0.49,"Arcuatulasenhousia",0.847,"arcuatula_senhousia",85
"GAM","PA3","RUN2",0.451,"Arcuatulasenhousia",0.84,"arcuatula_senhousia",85
"XGBOOST","PA3","RUN2",0.471,"Arcuatulasenhousia",0.784,"arcuatula_senhousia",85
"RF","PA3","RUN3",0.627,"Arcuatulasenhousia",0.932,"arcuatula_senhousia",85
"MAXNET","PA3","RUN3",0.804,"Arcuatulasenhousia",0.96,"arcuatula_senhousia",85
"MARS","PA3","RUN3",0.667,"Arcuatulasenhousia",0.867,"arcuatula_senhousia",85
"GAM","PA3","RUN3",0.745,"Arcuatulasenhousia",0.907,"arcuatula_senhousia",85
"XGBOOST","PA3","RUN3",0.706,"Arcuatulasenhousia",0.943,"arcuatula_senhousia",85
"RF","PA3","RUN4",0.902,"Arcuatulasenhousia",0.994,"arcuatula_senhousia",85
"MAXNET","PA3","RUN4",0.784,"Arcuatulasenhousia",0.965,"arcuatula_senhousia",85
"MARS","PA3","RUN4",0.804,"Arcuatulasenhousia",0.975,"arcuatula_senhousia",85
"GAM","PA3","RUN4",0.745,"Arcuatulasenhousia",0.92,"arcuatula_senhousia",85
"XGBOOST","PA3","RUN4",0.784,"Arcuatulasenhousia",0.969,"arcuatula_senhousia",85
"RF","PA3","RUN5",0.588,"Arcuatulasenhousia",0.949,"arcuatula_senhousia",85
"MAXNET","PA3","RUN5",0.824,"Arcuatulasenhousia",0.939,"arcuatula_senhousia",85
"MARS","PA3","RUN5",0.647,"Arcuatulasenhousia",0.916,"arcuatula_senhousia",85
"GAM","PA3","RUN5",0.745,"Arcuatulasenhousia",0.911,"arcuatula_senhousia",85
"XGBOOST","PA3","RUN5",0.588,"Arcuatulasenhousia",0.956,"arcuatula_senhousia",85
"RF","PA3","allRun",NA,"Arcuatulasenhousia",NA,"arcuatula_senhousia",85
"MAXNET","PA3","allRun",NA,"Arcuatulasenhousia",NA,"arcuatula_senhousia",85
"MARS","PA3","allRun",NA,"Arcuatulasenhousia",NA,"arcuatula_senhousia",85
"GAM","PA3","allRun",NA,"Arcuatulasenhousia",NA,"arcuatula_senhousia",85
"XGBOOST","PA3","allRun",NA,"Arcuatulasenhousia",NA,"arcuatula_senhousia",85
"RF","allData","allRun",NA,"Arcuatulasenhousia",NA,"arcuatula_senhousia",85
"MAXNET","allData","allRun",NA,"Arcuatulasenhousia",NA,"arcuatula_senhousia",85
"MARS","allData","allRun",NA,"Arcuatulasenhousia",NA,"arcuatula_senhousia",85
"GAM","allData","allRun",NA,"Arcuatulasenhousia",NA,"arcuatula_senhousia",85
"XGBOOST","allData","allRun",NA,"Arcuatulasenhousia",NA,"arcuatula_senhousia",85
"RF","PA1","RUN1",0.74,"Ascidiellaaspersa",0.957,"ascidiella_aspersa",570
"MAXNET","PA1","RUN1",0.681,"Ascidiellaaspersa",0.946,"ascidiella_aspersa",570
"MARS","PA1","RUN1",0.746,"Ascidiellaaspersa",0.941,"ascidiella_aspersa",570
"GAM","PA1","RUN1",0.696,"Ascidiellaaspersa",0.909,"ascidiella_aspersa",570
"XGBOOST","PA1","RUN1",0.719,"Ascidiellaaspersa",0.935,"ascidiella_aspersa",570
"RF","PA1","RUN2",0.746,"Ascidiellaaspersa",0.94,"ascidiella_aspersa",570
"MAXNET","PA1","RUN2",0.661,"Ascidiellaaspersa",0.909,"ascidiella_aspersa",570
"MARS","PA1","RUN2",0.617,"Ascidiellaaspersa",0.899,"ascidiella_aspersa",570
"GAM","PA1","RUN2",0.646,"Ascidiellaaspersa",0.885,"ascidiella_aspersa",570
"XGBOOST","PA1","RUN2",0.661,"Ascidiellaaspersa",0.909,"ascidiella_aspersa",570
"RF","PA1","RUN3",0.816,"Ascidiellaaspersa",0.968,"ascidiella_aspersa",570
"MAXNET","PA1","RUN3",0.795,"Ascidiellaaspersa",0.957,"ascidiella_aspersa",570
"MARS","PA1","RUN3",0.816,"Ascidiellaaspersa",0.949,"ascidiella_aspersa",570
"GAM","PA1","RUN3",0.775,"Ascidiellaaspersa",0.928,"ascidiella_aspersa",570
"XGBOOST","PA1","RUN3",0.728,"Ascidiellaaspersa",0.924,"ascidiella_aspersa",570
"RF","PA1","RUN4",0.754,"Ascidiellaaspersa",0.951,"ascidiella_aspersa",570
"MAXNET","PA1","RUN4",0.769,"Ascidiellaaspersa",0.938,"ascidiella_aspersa",570
"MARS","PA1","RUN4",0.731,"Ascidiellaaspersa",0.921,"ascidiella_aspersa",570
"GAM","PA1","RUN4",0.681,"Ascidiellaaspersa",0.893,"ascidiella_aspersa",570
"XGBOOST","PA1","RUN4",0.649,"Ascidiellaaspersa",0.918,"ascidiella_aspersa",570
"RF","PA1","RUN5",0.845,"Ascidiellaaspersa",0.966,"ascidiella_aspersa",570
"MAXNET","PA1","RUN5",0.778,"Ascidiellaaspersa",0.953,"ascidiella_aspersa",570
"MARS","PA1","RUN5",0.743,"Ascidiellaaspersa",0.924,"ascidiella_aspersa",570
"GAM","PA1","RUN5",0.681,"Ascidiellaaspersa",0.919,"ascidiella_aspersa",570
"XGBOOST","PA1","RUN5",0.713,"Ascidiellaaspersa",0.919,"ascidiella_aspersa",570
"RF","PA1","allRun",NA,"Ascidiellaaspersa",NA,"ascidiella_aspersa",570
"MAXNET","PA1","allRun",NA,"Ascidiellaaspersa",NA,"ascidiella_aspersa",570
"MARS","PA1","allRun",NA,"Ascidiellaaspersa",NA,"ascidiella_aspersa",570
"GAM","PA1","allRun",NA,"Ascidiellaaspersa",NA,"ascidiella_aspersa",570
"XGBOOST","PA1","allRun",NA,"Ascidiellaaspersa",NA,"ascidiella_aspersa",570
"RF","PA2","RUN1",0.722,"Ascidiellaaspersa",0.955,"ascidiella_aspersa",570
"MAXNET","PA2","RUN1",0.713,"Ascidiellaaspersa",0.928,"ascidiella_aspersa",570
"MARS","PA2","RUN1",0.713,"Ascidiellaaspersa",0.908,"ascidiella_aspersa",570
"GAM","PA2","RUN1",0.64,"Ascidiellaaspersa",0.887,"ascidiella_aspersa",570
"XGBOOST","PA2","RUN1",0.667,"Ascidiellaaspersa",0.889,"ascidiella_aspersa",570
"RF","PA2","RUN2",0.76,"Ascidiellaaspersa",0.941,"ascidiella_aspersa",570
"MAXNET","PA2","RUN2",0.769,"Ascidiellaaspersa",0.939,"ascidiella_aspersa",570
"MARS","PA2","RUN2",0.746,"Ascidiellaaspersa",0.932,"ascidiella_aspersa",570
"GAM","PA2","RUN2",0.716,"Ascidiellaaspersa",0.911,"ascidiella_aspersa",570
"XGBOOST","PA2","RUN2",0.62,"Ascidiellaaspersa",0.905,"ascidiella_aspersa",570
"RF","PA2","RUN3",0.784,"Ascidiellaaspersa",0.955,"ascidiella_aspersa",570
"MAXNET","PA2","RUN3",0.734,"Ascidiellaaspersa",0.937,"ascidiella_aspersa",570
"MARS","PA2","RUN3",0.731,"Ascidiellaaspersa",0.929,"ascidiella_aspersa",570
"GAM","PA2","RUN3",0.705,"Ascidiellaaspersa",0.902,"ascidiella_aspersa",570
"XGBOOST","PA2","RUN3",0.69,"Ascidiellaaspersa",0.906,"ascidiella_aspersa",570
"RF","PA2","RUN4",0.868,"Ascidiellaaspersa",0.976,"ascidiella_aspersa",570
"MAXNET","PA2","RUN4",0.839,"Ascidiellaaspersa",0.965,"ascidiella_aspersa",570
"MARS","PA2","RUN4",0.807,"Ascidiellaaspersa",0.958,"ascidiella_aspersa",570
"GAM","PA2","RUN4",0.746,"Ascidiellaaspersa",0.918,"ascidiella_aspersa",570
"XGBOOST","PA2","RUN4",0.74,"Ascidiellaaspersa",0.93,"ascidiella_aspersa",570
"RF","PA2","RUN5",0.857,"Ascidiellaaspersa",0.969,"ascidiella_aspersa",570
"MAXNET","PA2","RUN5",0.801,"Ascidiellaaspersa",0.955,"ascidiella_aspersa",570
"MARS","PA2","RUN5",0.789,"Ascidiellaaspersa",0.954,"ascidiella_aspersa",570
"GAM","PA2","RUN5",0.705,"Ascidiellaaspersa",0.913,"ascidiella_aspersa",570
"XGBOOST","PA2","RUN5",0.731,"Ascidiellaaspersa",0.94,"ascidiella_aspersa",570
"RF","PA2","allRun",NA,"Ascidiellaaspersa",NA,"ascidiella_aspersa",570
"MAXNET","PA2","allRun",NA,"Ascidiellaaspersa",NA,"ascidiella_aspersa",570
"MARS","PA2","allRun",NA,"Ascidiellaaspersa",NA,"ascidiella_aspersa",570
"GAM","PA2","allRun",NA,"Ascidiellaaspersa",NA,"ascidiella_aspersa",570
"XGBOOST","PA2","allRun",NA,"Ascidiellaaspersa",NA,"ascidiella_aspersa",570
"RF","PA3","RUN1",0.74,"Ascidiellaaspersa",0.951,"ascidiella_aspersa",570
"MAXNET","PA3","RUN1",0.696,"Ascidiellaaspersa",0.938,"ascidiella_aspersa",570
"MARS","PA3","RUN1",0.705,"Ascidiellaaspersa",0.928,"ascidiella_aspersa",570
"GAM","PA3","RUN1",0.678,"Ascidiellaaspersa",0.905,"ascidiella_aspersa",570
"XGBOOST","PA3","RUN1",0.702,"Ascidiellaaspersa",0.928,"ascidiella_aspersa",570
"RF","PA3","RUN2",0.81,"Ascidiellaaspersa",0.971,"ascidiella_aspersa",570
"MAXNET","PA3","RUN2",0.766,"Ascidiellaaspersa",0.937,"ascidiella_aspersa",570
"MARS","PA3","RUN2",0.775,"Ascidiellaaspersa",0.94,"ascidiella_aspersa",570
"GAM","PA3","RUN2",0.667,"Ascidiellaaspersa",0.903,"ascidiella_aspersa",570
"XGBOOST","PA3","RUN2",0.743,"Ascidiellaaspersa",0.929,"ascidiella_aspersa",570
"RF","PA3","RUN3",0.778,"Ascidiellaaspersa",0.96,"ascidiella_aspersa",570
"MAXNET","PA3","RUN3",0.743,"Ascidiellaaspersa",0.949,"ascidiella_aspersa",570
"MARS","PA3","RUN3",0.705,"Ascidiellaaspersa",0.942,"ascidiella_aspersa",570
"GAM","PA3","RUN3",0.696,"Ascidiellaaspersa",0.909,"ascidiella_aspersa",570
"XGBOOST","PA3","RUN3",0.658,"Ascidiellaaspersa",0.914,"ascidiella_aspersa",570
"RF","PA3","RUN4",0.825,"Ascidiellaaspersa",0.967,"ascidiella_aspersa",570
"MAXNET","PA3","RUN4",0.766,"Ascidiellaaspersa",0.96,"ascidiella_aspersa",570
"MARS","PA3","RUN4",0.749,"Ascidiellaaspersa",0.952,"ascidiella_aspersa",570
"GAM","PA3","RUN4",0.675,"Ascidiellaaspersa",0.927,"ascidiella_aspersa",570
"XGBOOST","PA3","RUN4",0.699,"Ascidiellaaspersa",0.926,"ascidiella_aspersa",570
"RF","PA3","RUN5",0.807,"Ascidiellaaspersa",0.955,"ascidiella_aspersa",570
"MAXNET","PA3","RUN5",0.716,"Ascidiellaaspersa",0.933,"ascidiella_aspersa",570
"MARS","PA3","RUN5",0.751,"Ascidiellaaspersa",0.931,"ascidiella_aspersa",570
"GAM","PA3","RUN5",0.711,"Ascidiellaaspersa",0.907,"ascidiella_aspersa",570
"XGBOOST","PA3","RUN5",0.681,"Ascidiellaaspersa",0.905,"ascidiella_aspersa",570
"RF","PA3","allRun",NA,"Ascidiellaaspersa",NA,"ascidiella_aspersa",570
"MAXNET","PA3","allRun",NA,"Ascidiellaaspersa",NA,"ascidiella_aspersa",570
"MARS","PA3","allRun",NA,"Ascidiellaaspersa",NA,"ascidiella_aspersa",570
"GAM","PA3","allRun",NA,"Ascidiellaaspersa",NA,"ascidiella_aspersa",570
"XGBOOST","PA3","allRun",NA,"Ascidiellaaspersa",NA,"ascidiella_aspersa",570
"RF","allData","allRun",NA,"Ascidiellaaspersa",NA,"ascidiella_aspersa",570
"MAXNET","allData","allRun",NA,"Ascidiellaaspersa",NA,"ascidiella_aspersa",570
"MARS","allData","allRun",NA,"Ascidiellaaspersa",NA,"ascidiella_aspersa",570
"GAM","allData","allRun",NA,"Ascidiellaaspersa",NA,"ascidiella_aspersa",570
"XGBOOST","allData","allRun",NA,"Ascidiellaaspersa",NA,"ascidiella_aspersa",570
"RF","PA1","RUN1",0.791,"Asparagopsisarmata",0.967,"asparagopsis_armata",294
"MAXNET","PA1","RUN1",0.83,"Asparagopsisarmata",0.959,"asparagopsis_armata",294
"MARS","PA1","RUN1",0.762,"Asparagopsisarmata",0.959,"asparagopsis_armata",294
"GAM","PA1","RUN1",0.784,"Asparagopsisarmata",0.944,"asparagopsis_armata",294
"XGBOOST","PA1","RUN1",0.739,"Asparagopsisarmata",0.954,"asparagopsis_armata",294
"RF","PA1","RUN2",0.83,"Asparagopsisarmata",0.973,"asparagopsis_armata",294
"MAXNET","PA1","RUN2",0.818,"Asparagopsisarmata",0.964,"asparagopsis_armata",294
"MARS","PA1","RUN2",0.835,"Asparagopsisarmata",0.955,"asparagopsis_armata",294
"GAM","PA1","RUN2",0.79,"Asparagopsisarmata",0.958,"asparagopsis_armata",294
"XGBOOST","PA1","RUN2",0.847,"Asparagopsisarmata",0.954,"asparagopsis_armata",294
"RF","PA1","RUN3",0.708,"Asparagopsisarmata",0.954,"asparagopsis_armata",294
"MAXNET","PA1","RUN3",0.721,"Asparagopsisarmata",0.93,"asparagopsis_armata",294
"MARS","PA1","RUN3",0.657,"Asparagopsisarmata",0.922,"asparagopsis_armata",294
"GAM","PA1","RUN3",0.732,"Asparagopsisarmata",0.925,"asparagopsis_armata",294
"XGBOOST","PA1","RUN3",0.714,"Asparagopsisarmata",0.942,"asparagopsis_armata",294
"RF","PA1","RUN4",0.729,"Asparagopsisarmata",0.963,"asparagopsis_armata",294
"MAXNET","PA1","RUN4",0.83,"Asparagopsisarmata",0.963,"asparagopsis_armata",294
"MARS","PA1","RUN4",0.762,"Asparagopsisarmata",0.953,"asparagopsis_armata",294
"GAM","PA1","RUN4",0.79,"Asparagopsisarmata",0.957,"asparagopsis_armata",294
"XGBOOST","PA1","RUN4",0.785,"Asparagopsisarmata",0.955,"asparagopsis_armata",294
"RF","PA1","RUN5",0.751,"Asparagopsisarmata",0.971,"asparagopsis_armata",294
"MAXNET","PA1","RUN5",0.762,"Asparagopsisarmata",0.957,"asparagopsis_armata",294
"MARS","PA1","RUN5",0.723,"Asparagopsisarmata",0.949,"asparagopsis_armata",294
"GAM","PA1","RUN5",0.745,"Asparagopsisarmata",0.944,"asparagopsis_armata",294
"XGBOOST","PA1","RUN5",0.74,"Asparagopsisarmata",0.945,"asparagopsis_armata",294
"RF","PA1","allRun",NA,"Asparagopsisarmata",NA,"asparagopsis_armata",294
"MAXNET","PA1","allRun",NA,"Asparagopsisarmata",NA,"asparagopsis_armata",294
"MARS","PA1","allRun",NA,"Asparagopsisarmata",NA,"asparagopsis_armata",294
"GAM","PA1","allRun",NA,"Asparagopsisarmata",NA,"asparagopsis_armata",294
"XGBOOST","PA1","allRun",NA,"Asparagopsisarmata",NA,"asparagopsis_armata",294
"RF","PA2","RUN1",0.763,"Asparagopsisarmata",0.976,"asparagopsis_armata",294
"MAXNET","PA2","RUN1",0.847,"Asparagopsisarmata",0.978,"asparagopsis_armata",294
"MARS","PA2","RUN1",0.881,"Asparagopsisarmata",0.964,"asparagopsis_armata",294
"GAM","PA2","RUN1",0.813,"Asparagopsisarmata",0.97,"asparagopsis_armata",294
"XGBOOST","PA2","RUN1",0.796,"Asparagopsisarmata",0.952,"asparagopsis_armata",294
"RF","PA2","RUN2",0.718,"Asparagopsisarmata",0.959,"asparagopsis_armata",294
"MAXNET","PA2","RUN2",0.797,"Asparagopsisarmata",0.956,"asparagopsis_armata",294
"MARS","PA2","RUN2",0.791,"Asparagopsisarmata",0.963,"asparagopsis_armata",294
"GAM","PA2","RUN2",0.751,"Asparagopsisarmata",0.944,"asparagopsis_armata",294
"XGBOOST","PA2","RUN2",0.746,"Asparagopsisarmata",0.949,"asparagopsis_armata",294
"RF","PA2","RUN3",0.788,"Asparagopsisarmata",0.966,"asparagopsis_armata",294
"MAXNET","PA2","RUN3",0.846,"Asparagopsisarmata",0.968,"asparagopsis_armata",294
"MARS","PA2","RUN3",0.755,"Asparagopsisarmata",0.93,"asparagopsis_armata",294
"GAM","PA2","RUN3",0.806,"Asparagopsisarmata",0.95,"asparagopsis_armata",294
"XGBOOST","PA2","RUN3",0.743,"Asparagopsisarmata",0.949,"asparagopsis_armata",294
"RF","PA2","RUN4",0.723,"Asparagopsisarmata",0.955,"asparagopsis_armata",294
"MAXNET","PA2","RUN4",0.763,"Asparagopsisarmata",0.948,"asparagopsis_armata",294
"MARS","PA2","RUN4",0.768,"Asparagopsisarmata",0.944,"asparagopsis_armata",294
"GAM","PA2","RUN4",0.774,"Asparagopsisarmata",0.948,"asparagopsis_armata",294
"XGBOOST","PA2","RUN4",0.723,"Asparagopsisarmata",0.938,"asparagopsis_armata",294
"RF","PA2","RUN5",0.858,"Asparagopsisarmata",0.988,"asparagopsis_armata",294
"MAXNET","PA2","RUN5",0.892,"Asparagopsisarmata",0.985,"asparagopsis_armata",294
"MARS","PA2","RUN5",0.864,"Asparagopsisarmata",0.985,"asparagopsis_armata",294
"GAM","PA2","RUN5",0.892,"Asparagopsisarmata",0.978,"asparagopsis_armata",294
"XGBOOST","PA2","RUN5",0.824,"Asparagopsisarmata",0.966,"asparagopsis_armata",294
"RF","PA2","allRun",NA,"Asparagopsisarmata",NA,"asparagopsis_armata",294
"MAXNET","PA2","allRun",NA,"Asparagopsisarmata",NA,"asparagopsis_armata",294
"MARS","PA2","allRun",NA,"Asparagopsisarmata",NA,"asparagopsis_armata",294
"GAM","PA2","allRun",NA,"Asparagopsisarmata",NA,"asparagopsis_armata",294
"XGBOOST","PA2","allRun",NA,"Asparagopsisarmata",NA,"asparagopsis_armata",294
"RF","PA3","RUN1",0.7,"Asparagopsisarmata",0.956,"asparagopsis_armata",294
"MAXNET","PA3","RUN1",0.728,"Asparagopsisarmata",0.943,"asparagopsis_armata",294
"MARS","PA3","RUN1",0.807,"Asparagopsisarmata",0.954,"asparagopsis_armata",294
"GAM","PA3","RUN1",0.734,"Asparagopsisarmata",0.938,"asparagopsis_armata",294
"XGBOOST","PA3","RUN1",0.745,"Asparagopsisarmata",0.92,"asparagopsis_armata",294
"RF","PA3","RUN2",0.802,"Asparagopsisarmata",0.974,"asparagopsis_armata",294
"MAXNET","PA3","RUN2",0.864,"Asparagopsisarmata",0.979,"asparagopsis_armata",294
"MARS","PA3","RUN2",0.819,"Asparagopsisarmata",0.973,"asparagopsis_armata",294
"GAM","PA3","RUN2",0.819,"Asparagopsisarmata",0.968,"asparagopsis_armata",294
"XGBOOST","PA3","RUN2",0.842,"Asparagopsisarmata",0.966,"asparagopsis_armata",294
"RF","PA3","RUN3",0.868,"Asparagopsisarmata",0.975,"asparagopsis_armata",294
"MAXNET","PA3","RUN3",0.863,"Asparagopsisarmata",0.973,"asparagopsis_armata",294
"MARS","PA3","RUN3",0.806,"Asparagopsisarmata",0.958,"asparagopsis_armata",294
"GAM","PA3","RUN3",0.829,"Asparagopsisarmata",0.964,"asparagopsis_armata",294
"XGBOOST","PA3","RUN3",0.743,"Asparagopsisarmata",0.943,"asparagopsis_armata",294
"RF","PA3","RUN4",0.78,"Asparagopsisarmata",0.959,"asparagopsis_armata",294
"MAXNET","PA3","RUN4",0.785,"Asparagopsisarmata",0.949,"asparagopsis_armata",294
"MARS","PA3","RUN4",0.751,"Asparagopsisarmata",0.947,"asparagopsis_armata",294
"GAM","PA3","RUN4",0.774,"Asparagopsisarmata",0.94,"asparagopsis_armata",294
"XGBOOST","PA3","RUN4",0.74,"Asparagopsisarmata",0.932,"asparagopsis_armata",294
"RF","PA3","RUN5",0.796,"Asparagopsisarmata",0.971,"asparagopsis_armata",294
"MAXNET","PA3","RUN5",0.819,"Asparagopsisarmata",0.958,"asparagopsis_armata",294
"MARS","PA3","RUN5",0.796,"Asparagopsisarmata",0.951,"asparagopsis_armata",294
"GAM","PA3","RUN5",0.83,"Asparagopsisarmata",0.954,"asparagopsis_armata",294
"XGBOOST","PA3","RUN5",0.745,"Asparagopsisarmata",0.949,"asparagopsis_armata",294
"RF","PA3","allRun",NA,"Asparagopsisarmata",NA,"asparagopsis_armata",294
"MAXNET","PA3","allRun",NA,"Asparagopsisarmata",NA,"asparagopsis_armata",294
"MARS","PA3","allRun",NA,"Asparagopsisarmata",NA,"asparagopsis_armata",294
"GAM","PA3","allRun",NA,"Asparagopsisarmata",NA,"asparagopsis_armata",294
"XGBOOST","PA3","allRun",NA,"Asparagopsisarmata",NA,"asparagopsis_armata",294
"RF","allData","allRun",NA,"Asparagopsisarmata",NA,"asparagopsis_armata",294
"MAXNET","allData","allRun",NA,"Asparagopsisarmata",NA,"asparagopsis_armata",294
"MARS","allData","allRun",NA,"Asparagopsisarmata",NA,"asparagopsis_armata",294
"GAM","allData","allRun",NA,"Asparagopsisarmata",NA,"asparagopsis_armata",294
"XGBOOST","allData","allRun",NA,"Asparagopsisarmata",NA,"asparagopsis_armata",294
"RF","PA1","RUN1",0.63,"Asparagopsistaxiformis",0.914,"asparagopsis_taxiformis",270
"MAXNET","PA1","RUN1",0.642,"Asparagopsistaxiformis",0.897,"asparagopsis_taxiformis",270
"MARS","PA1","RUN1",0.525,"Asparagopsistaxiformis",0.865,"asparagopsis_taxiformis",270
"GAM","PA1","RUN1",0.617,"Asparagopsistaxiformis",0.899,"asparagopsis_taxiformis",270
"XGBOOST","PA1","RUN1",0.593,"Asparagopsistaxiformis",0.879,"asparagopsis_taxiformis",270
"RF","PA1","RUN2",0.63,"Asparagopsistaxiformis",0.929,"asparagopsis_taxiformis",270
"MAXNET","PA1","RUN2",0.716,"Asparagopsistaxiformis",0.933,"asparagopsis_taxiformis",270
"MARS","PA1","RUN2",0.71,"Asparagopsistaxiformis",0.918,"asparagopsis_taxiformis",270
"GAM","PA1","RUN2",0.58,"Asparagopsistaxiformis",0.891,"asparagopsis_taxiformis",270
"XGBOOST","PA1","RUN2",0.679,"Asparagopsistaxiformis",0.887,"asparagopsis_taxiformis",270
"RF","PA1","RUN3",0.58,"Asparagopsistaxiformis",0.9,"asparagopsis_taxiformis",270
"MAXNET","PA1","RUN3",0.549,"Asparagopsistaxiformis",0.882,"asparagopsis_taxiformis",270
"MARS","PA1","RUN3",0.525,"Asparagopsistaxiformis",0.875,"asparagopsis_taxiformis",270
"GAM","PA1","RUN3",0.586,"Asparagopsistaxiformis",0.867,"asparagopsis_taxiformis",270
"XGBOOST","PA1","RUN3",0.389,"Asparagopsistaxiformis",0.782,"asparagopsis_taxiformis",270
"RF","PA1","RUN4",0.562,"Asparagopsistaxiformis",0.91,"asparagopsis_taxiformis",270
"MAXNET","PA1","RUN4",0.599,"Asparagopsistaxiformis",0.899,"asparagopsis_taxiformis",270
"MARS","PA1","RUN4",0.549,"Asparagopsistaxiformis",0.869,"asparagopsis_taxiformis",270
"GAM","PA1","RUN4",0.488,"Asparagopsistaxiformis",0.874,"asparagopsis_taxiformis",270
"XGBOOST","PA1","RUN4",0.605,"Asparagopsistaxiformis",0.872,"asparagopsis_taxiformis",270
"RF","PA1","RUN5",0.543,"Asparagopsistaxiformis",0.915,"asparagopsis_taxiformis",270
"MAXNET","PA1","RUN5",0.568,"Asparagopsistaxiformis",0.874,"asparagopsis_taxiformis",270
"MARS","PA1","RUN5",0.593,"Asparagopsistaxiformis",0.861,"asparagopsis_taxiformis",270
"GAM","PA1","RUN5",0.543,"Asparagopsistaxiformis",0.851,"asparagopsis_taxiformis",270
"XGBOOST","PA1","RUN5",0.599,"Asparagopsistaxiformis",0.893,"asparagopsis_taxiformis",270
"RF","PA1","allRun",NA,"Asparagopsistaxiformis",NA,"asparagopsis_taxiformis",270
"MAXNET","PA1","allRun",NA,"Asparagopsistaxiformis",NA,"asparagopsis_taxiformis",270
"MARS","PA1","allRun",NA,"Asparagopsistaxiformis",NA,"asparagopsis_taxiformis",270
"GAM","PA1","allRun",NA,"Asparagopsistaxiformis",NA,"asparagopsis_taxiformis",270
"XGBOOST","PA1","allRun",NA,"Asparagopsistaxiformis",NA,"asparagopsis_taxiformis",270
"RF","PA2","RUN1",0.568,"Asparagopsistaxiformis",0.921,"asparagopsis_taxiformis",270
"MAXNET","PA2","RUN1",0.63,"Asparagopsistaxiformis",0.883,"asparagopsis_taxiformis",270
"MARS","PA2","RUN1",0.611,"Asparagopsistaxiformis",0.87,"asparagopsis_taxiformis",270
"GAM","PA2","RUN1",0.574,"Asparagopsistaxiformis",0.861,"asparagopsis_taxiformis",270
"XGBOOST","PA2","RUN1",0.636,"Asparagopsistaxiformis",0.888,"asparagopsis_taxiformis",270
"RF","PA2","RUN2",0.506,"Asparagopsistaxiformis",0.894,"asparagopsis_taxiformis",270
"MAXNET","PA2","RUN2",0.642,"Asparagopsistaxiformis",0.884,"asparagopsis_taxiformis",270
"MARS","PA2","RUN2",0.667,"Asparagopsistaxiformis",0.885,"asparagopsis_taxiformis",270
"GAM","PA2","RUN2",0.537,"Asparagopsistaxiformis",0.851,"asparagopsis_taxiformis",270
"XGBOOST","PA2","RUN2",0.58,"Asparagopsistaxiformis",0.859,"asparagopsis_taxiformis",270
"RF","PA2","RUN3",0.66,"Asparagopsistaxiformis",0.95,"asparagopsis_taxiformis",270
"MAXNET","PA2","RUN3",0.765,"Asparagopsistaxiformis",0.946,"asparagopsis_taxiformis",270
"MARS","PA2","RUN3",0.673,"Asparagopsistaxiformis",0.924,"asparagopsis_taxiformis",270
"GAM","PA2","RUN3",0.654,"Asparagopsistaxiformis",0.913,"asparagopsis_taxiformis",270
"XGBOOST","PA2","RUN3",0.698,"Asparagopsistaxiformis",0.923,"asparagopsis_taxiformis",270
"RF","PA2","RUN4",0.593,"Asparagopsistaxiformis",0.9,"asparagopsis_taxiformis",270
"MAXNET","PA2","RUN4",0.58,"Asparagopsistaxiformis",0.879,"asparagopsis_taxiformis",270
"MARS","PA2","RUN4",0.574,"Asparagopsistaxiformis",0.862,"asparagopsis_taxiformis",270
"GAM","PA2","RUN4",0.562,"Asparagopsistaxiformis",0.863,"asparagopsis_taxiformis",270
"XGBOOST","PA2","RUN4",0.599,"Asparagopsistaxiformis",0.879,"asparagopsis_taxiformis",270
"RF","PA2","RUN5",0.636,"Asparagopsistaxiformis",0.905,"asparagopsis_taxiformis",270
"MAXNET","PA2","RUN5",0.549,"Asparagopsistaxiformis",0.886,"asparagopsis_taxiformis",270
"MARS","PA2","RUN5",0.574,"Asparagopsistaxiformis",0.875,"asparagopsis_taxiformis",270
"GAM","PA2","RUN5",0.586,"Asparagopsistaxiformis",0.886,"asparagopsis_taxiformis",270
"XGBOOST","PA2","RUN5",0.574,"Asparagopsistaxiformis",0.89,"asparagopsis_taxiformis",270
"RF","PA2","allRun",NA,"Asparagopsistaxiformis",NA,"asparagopsis_taxiformis",270
"MAXNET","PA2","allRun",NA,"Asparagopsistaxiformis",NA,"asparagopsis_taxiformis",270
"MARS","PA2","allRun",NA,"Asparagopsistaxiformis",NA,"asparagopsis_taxiformis",270
"GAM","PA2","allRun",NA,"Asparagopsistaxiformis",NA,"asparagopsis_taxiformis",270
"XGBOOST","PA2","allRun",NA,"Asparagopsistaxiformis",NA,"asparagopsis_taxiformis",270
"RF","PA3","RUN1",0.537,"Asparagopsistaxiformis",0.901,"asparagopsis_taxiformis",270
"MAXNET","PA3","RUN1",0.611,"Asparagopsistaxiformis",0.888,"asparagopsis_taxiformis",270
"MARS","PA3","RUN1",0.531,"Asparagopsistaxiformis",0.872,"asparagopsis_taxiformis",270
"GAM","PA3","RUN1",0.623,"Asparagopsistaxiformis",0.86,"asparagopsis_taxiformis",270
"XGBOOST","PA3","RUN1",0.475,"Asparagopsistaxiformis",0.87,"asparagopsis_taxiformis",270
"RF","PA3","RUN2",0.642,"Asparagopsistaxiformis",0.901,"asparagopsis_taxiformis",270
"MAXNET","PA3","RUN2",0.648,"Asparagopsistaxiformis",0.889,"asparagopsis_taxiformis",270
"MARS","PA3","RUN2",0.574,"Asparagopsistaxiformis",0.868,"asparagopsis_taxiformis",270
"GAM","PA3","RUN2",0.599,"Asparagopsistaxiformis",0.861,"asparagopsis_taxiformis",270
"XGBOOST","PA3","RUN2",0.568,"Asparagopsistaxiformis",0.852,"asparagopsis_taxiformis",270
"RF","PA3","RUN3",0.574,"Asparagopsistaxiformis",0.901,"asparagopsis_taxiformis",270
"MAXNET","PA3","RUN3",0.58,"Asparagopsistaxiformis",0.865,"asparagopsis_taxiformis",270
"MARS","PA3","RUN3",0.58,"Asparagopsistaxiformis",0.858,"asparagopsis_taxiformis",270
"GAM","PA3","RUN3",0.451,"Asparagopsistaxiformis",0.829,"asparagopsis_taxiformis",270
"XGBOOST","PA3","RUN3",0.586,"Asparagopsistaxiformis",0.849,"asparagopsis_taxiformis",270
"RF","PA3","RUN4",0.741,"Asparagopsistaxiformis",0.943,"asparagopsis_taxiformis",270
"MAXNET","PA3","RUN4",0.673,"Asparagopsistaxiformis",0.913,"asparagopsis_taxiformis",270
"MARS","PA3","RUN4",0.654,"Asparagopsistaxiformis",0.909,"asparagopsis_taxiformis",270
"GAM","PA3","RUN4",0.611,"Asparagopsistaxiformis",0.913,"asparagopsis_taxiformis",270
"XGBOOST","PA3","RUN4",0.685,"Asparagopsistaxiformis",0.896,"asparagopsis_taxiformis",270
"RF","PA3","RUN5",0.753,"Asparagopsistaxiformis",0.956,"asparagopsis_taxiformis",270
"MAXNET","PA3","RUN5",0.728,"Asparagopsistaxiformis",0.919,"asparagopsis_taxiformis",270
"MARS","PA3","RUN5",0.679,"Asparagopsistaxiformis",0.904,"asparagopsis_taxiformis",270
"GAM","PA3","RUN5",0.593,"Asparagopsistaxiformis",0.898,"asparagopsis_taxiformis",270
"XGBOOST","PA3","RUN5",0.648,"Asparagopsistaxiformis",0.902,"asparagopsis_taxiformis",270
"RF","PA3","allRun",NA,"Asparagopsistaxiformis",NA,"asparagopsis_taxiformis",270
"MAXNET","PA3","allRun",NA,"Asparagopsistaxiformis",NA,"asparagopsis_taxiformis",270
"MARS","PA3","allRun",NA,"Asparagopsistaxiformis",NA,"asparagopsis_taxiformis",270
"GAM","PA3","allRun",NA,"Asparagopsistaxiformis",NA,"asparagopsis_taxiformis",270
"XGBOOST","PA3","allRun",NA,"Asparagopsistaxiformis",NA,"asparagopsis_taxiformis",270
"RF","allData","allRun",NA,"Asparagopsistaxiformis",NA,"asparagopsis_taxiformis",270
"MAXNET","allData","allRun",NA,"Asparagopsistaxiformis",NA,"asparagopsis_taxiformis",270
"MARS","allData","allRun",NA,"Asparagopsistaxiformis",NA,"asparagopsis_taxiformis",270
"GAM","allData","allRun",NA,"Asparagopsistaxiformis",NA,"asparagopsis_taxiformis",270
"XGBOOST","allData","allRun",NA,"Asparagopsistaxiformis",NA,"asparagopsis_taxiformis",270
"RF","PA1","RUN1",0.49,"Aureliasolida",0.784,"aurelia_solida",28
"MAXNET","PA1","RUN1",0.382,"Aureliasolida",0.824,"aurelia_solida",28
"MARS","PA1","RUN1",0.157,"Aureliasolida",0.525,"aurelia_solida",28
"GAM","PA1","RUN1",0.431,"Aureliasolida",0.843,"aurelia_solida",28
"XGBOOST","PA1","RUN1",0.216,"Aureliasolida",0.725,"aurelia_solida",28
"RF","PA1","RUN2",0.482,"Aureliasolida",0.859,"aurelia_solida",28
"MAXNET","PA1","RUN2",0.482,"Aureliasolida",0.794,"aurelia_solida",28
"MARS","PA1","RUN2",0.424,"Aureliasolida",0.753,"aurelia_solida",28
"GAM","PA1","RUN2",0.624,"Aureliasolida",0.876,"aurelia_solida",28
"XGBOOST","PA1","RUN2",0.365,"Aureliasolida",0.824,"aurelia_solida",28
"RF","PA1","RUN3",0.812,"Aureliasolida",0.917,"aurelia_solida",28
"MAXNET","PA1","RUN3",0.688,"Aureliasolida",0.823,"aurelia_solida",28
"MARS","PA1","RUN3",0.625,"Aureliasolida",0.792,"aurelia_solida",28
"GAM","PA1","RUN3",0.458,"Aureliasolida",0.771,"aurelia_solida",28
"XGBOOST","PA1","RUN3",0.583,"Aureliasolida",0.88,"aurelia_solida",28
"RF","PA1","RUN4",0.6,"Aureliasolida",0.788,"aurelia_solida",28
"MAXNET","PA1","RUN4",0.541,"Aureliasolida",0.859,"aurelia_solida",28
"MARS","PA1","RUN4",0.482,"Aureliasolida",0.741,"aurelia_solida",28
"GAM","PA1","RUN4",0.565,"Aureliasolida",0.894,"aurelia_solida",28
"XGBOOST","PA1","RUN4",0.165,"Aureliasolida",0.818,"aurelia_solida",28
"RF","PA1","RUN5",0.765,"Aureliasolida",0.902,"aurelia_solida",28
"MAXNET","PA1","RUN5",0.706,"Aureliasolida",0.824,"aurelia_solida",28
"MARS","PA1","RUN5",0.373,"Aureliasolida",0.745,"aurelia_solida",28
"GAM","PA1","RUN5",0.765,"Aureliasolida",0.917,"aurelia_solida",28
"XGBOOST","PA1","RUN5",0.265,"Aureliasolida",0.814,"aurelia_solida",28
"RF","PA1","allRun",NA,"Aureliasolida",NA,"aurelia_solida",28
"MAXNET","PA1","allRun",NA,"Aureliasolida",NA,"aurelia_solida",28
"MARS","PA1","allRun",NA,"Aureliasolida",NA,"aurelia_solida",28
"GAM","PA1","allRun",NA,"Aureliasolida",NA,"aurelia_solida",28
"XGBOOST","PA1","allRun",NA,"Aureliasolida",NA,"aurelia_solida",28
"RF","PA2","RUN1",0.5,"Aureliasolida",0.853,"aurelia_solida",28
"MAXNET","PA2","RUN1",0.608,"Aureliasolida",0.873,"aurelia_solida",28
"MARS","PA2","RUN1",0.441,"Aureliasolida",0.735,"aurelia_solida",28
"GAM","PA2","RUN1",0.108,"Aureliasolida",0.706,"aurelia_solida",28
"XGBOOST","PA2","RUN1",0.716,"Aureliasolida",0.873,"aurelia_solida",28
"RF","PA2","RUN2",0.765,"Aureliasolida",0.941,"aurelia_solida",28
"MAXNET","PA2","RUN2",0.188,"Aureliasolida",0.694,"aurelia_solida",28
"MARS","PA2","RUN2",0.047,"Aureliasolida",0.706,"aurelia_solida",28
"GAM","PA2","RUN2",0.071,"Aureliasolida",0.682,"aurelia_solida",28
"XGBOOST","PA2","RUN2",0.047,"Aureliasolida",0.729,"aurelia_solida",28
"RF","PA2","RUN3",0.542,"Aureliasolida",0.781,"aurelia_solida",28
"MAXNET","PA2","RUN3",0.208,"Aureliasolida",0.812,"aurelia_solida",28
"MARS","PA2","RUN3",0.042,"Aureliasolida",0.734,"aurelia_solida",28
"GAM","PA2","RUN3",0.521,"Aureliasolida",0.875,"aurelia_solida",28
"XGBOOST","PA2","RUN3",0.208,"Aureliasolida",0.635,"aurelia_solida",28
"RF","PA2","RUN4",0.882,"Aureliasolida",0.976,"aurelia_solida",28
"MAXNET","PA2","RUN4",0.824,"Aureliasolida",0.965,"aurelia_solida",28
"MARS","PA2","RUN4",0.682,"Aureliasolida",0.941,"aurelia_solida",28
"GAM","PA2","RUN4",0.647,"Aureliasolida",0.824,"aurelia_solida",28
"XGBOOST","PA2","RUN4",0.824,"Aureliasolida",0.906,"aurelia_solida",28
"RF","PA2","RUN5",0.608,"Aureliasolida",0.936,"aurelia_solida",28
"MAXNET","PA2","RUN5",0.775,"Aureliasolida",0.941,"aurelia_solida",28
"MARS","PA2","RUN5",0.324,"Aureliasolida",0.76,"aurelia_solida",28
"GAM","PA2","RUN5",0.716,"Aureliasolida",0.868,"aurelia_solida",28
"XGBOOST","PA2","RUN5",0.275,"Aureliasolida",0.858,"aurelia_solida",28
"RF","PA2","allRun",NA,"Aureliasolida",NA,"aurelia_solida",28
"MAXNET","PA2","allRun",NA,"Aureliasolida",NA,"aurelia_solida",28
"MARS","PA2","allRun",NA,"Aureliasolida",NA,"aurelia_solida",28
"GAM","PA2","allRun",NA,"Aureliasolida",NA,"aurelia_solida",28
"XGBOOST","PA2","allRun",NA,"Aureliasolida",NA,"aurelia_solida",28
"RF","PA3","RUN1",0.775,"Aureliasolida",0.833,"aurelia_solida",28
"MAXNET","PA3","RUN1",0.598,"Aureliasolida",0.853,"aurelia_solida",28
"MARS","PA3","RUN1",0.431,"Aureliasolida",0.74,"aurelia_solida",28
"GAM","PA3","RUN1",0.324,"Aureliasolida",0.725,"aurelia_solida",28
"XGBOOST","PA3","RUN1",0.833,"Aureliasolida",0.882,"aurelia_solida",28
"RF","PA3","RUN2",0.682,"Aureliasolida",0.812,"aurelia_solida",28
"MAXNET","PA3","RUN2",0.224,"Aureliasolida",0.824,"aurelia_solida",28
"MARS","PA3","RUN2",0.188,"Aureliasolida",0.694,"aurelia_solida",28
"GAM","PA3","RUN2",0.306,"Aureliasolida",0.8,"aurelia_solida",28
"XGBOOST","PA3","RUN2",0.624,"Aureliasolida",0.794,"aurelia_solida",28
"RF","PA3","RUN3",0.875,"Aureliasolida",0.958,"aurelia_solida",28
"MAXNET","PA3","RUN3",0.688,"Aureliasolida",0.927,"aurelia_solida",28
"MARS","PA3","RUN3",0.708,"Aureliasolida",0.917,"aurelia_solida",28
"GAM","PA3","RUN3",0.938,"Aureliasolida",0.99,"aurelia_solida",28
"XGBOOST","PA3","RUN3",0.604,"Aureliasolida",0.943,"aurelia_solida",28
"RF","PA3","RUN4",0.424,"Aureliasolida",0.871,"aurelia_solida",28
"MAXNET","PA3","RUN4",0.624,"Aureliasolida",0.835,"aurelia_solida",28
"MARS","PA3","RUN4",0.224,"Aureliasolida",0.612,"aurelia_solida",28
"GAM","PA3","RUN4",0.306,"Aureliasolida",0.671,"aurelia_solida",28
"XGBOOST","PA3","RUN4",0.706,"Aureliasolida",0.853,"aurelia_solida",28
"RF","PA3","RUN5",0.333,"Aureliasolida",0.922,"aurelia_solida",28
"MAXNET","PA3","RUN5",0,"Aureliasolida",0.725,"aurelia_solida",28
"MARS","PA3","RUN5",0.216,"Aureliasolida",0.716,"aurelia_solida",28
"GAM","PA3","RUN5",0.157,"Aureliasolida",0.539,"aurelia_solida",28
"XGBOOST","PA3","RUN5",0.5,"Aureliasolida",0.907,"aurelia_solida",28
"RF","PA3","allRun",NA,"Aureliasolida",NA,"aurelia_solida",28
"MAXNET","PA3","allRun",NA,"Aureliasolida",NA,"aurelia_solida",28
"MARS","PA3","allRun",NA,"Aureliasolida",NA,"aurelia_solida",28
"GAM","PA3","allRun",NA,"Aureliasolida",NA,"aurelia_solida",28
"XGBOOST","PA3","allRun",NA,"Aureliasolida",NA,"aurelia_solida",28
"RF","allData","allRun",NA,"Aureliasolida",NA,"aurelia_solida",28
"MAXNET","allData","allRun",NA,"Aureliasolida",NA,"aurelia_solida",28
"MARS","allData","allRun",NA,"Aureliasolida",NA,"aurelia_solida",28
"GAM","allData","allRun",NA,"Aureliasolida",NA,"aurelia_solida",28
"XGBOOST","allData","allRun",NA,"Aureliasolida",NA,"aurelia_solida",28
"RF","PA1","RUN1",0.835,"Austrominiusmodestus",0.97,"austrominius_modestus",334
"MAXNET","PA1","RUN1",0.855,"Austrominiusmodestus",0.966,"austrominius_modestus",334
"MARS","PA1","RUN1",0.865,"Austrominiusmodestus",0.971,"austrominius_modestus",334
"GAM","PA1","RUN1",0.845,"Austrominiusmodestus",0.954,"austrominius_modestus",334
"XGBOOST","PA1","RUN1",0.81,"Austrominiusmodestus",0.963,"austrominius_modestus",334
"RF","PA1","RUN2",0.846,"Austrominiusmodestus",0.976,"austrominius_modestus",334
"MAXNET","PA1","RUN2",0.826,"Austrominiusmodestus",0.972,"austrominius_modestus",334
"MARS","PA1","RUN2",0.866,"Austrominiusmodestus",0.973,"austrominius_modestus",334
"GAM","PA1","RUN2",0.811,"Austrominiusmodestus",0.966,"austrominius_modestus",334
"XGBOOST","PA1","RUN2",0.866,"Austrominiusmodestus",0.961,"austrominius_modestus",334
"RF","PA1","RUN3",0.849,"Austrominiusmodestus",0.979,"austrominius_modestus",334
"MAXNET","PA1","RUN3",0.81,"Austrominiusmodestus",0.978,"austrominius_modestus",334
"MARS","PA1","RUN3",0.859,"Austrominiusmodestus",0.981,"austrominius_modestus",334
"GAM","PA1","RUN3",0.814,"Austrominiusmodestus",0.976,"austrominius_modestus",334
"XGBOOST","PA1","RUN3",0.799,"Austrominiusmodestus",0.959,"austrominius_modestus",334
"RF","PA1","RUN4",0.796,"Austrominiusmodestus",0.967,"austrominius_modestus",334
"MAXNET","PA1","RUN4",0.841,"Austrominiusmodestus",0.971,"austrominius_modestus",334
"MARS","PA1","RUN4",0.831,"Austrominiusmodestus",0.966,"austrominius_modestus",334
"GAM","PA1","RUN4",0.781,"Austrominiusmodestus",0.966,"austrominius_modestus",334
"XGBOOST","PA1","RUN4",0.806,"Austrominiusmodestus",0.951,"austrominius_modestus",334
"RF","PA1","RUN5",0.821,"Austrominiusmodestus",0.987,"austrominius_modestus",334
"MAXNET","PA1","RUN5",0.831,"Austrominiusmodestus",0.987,"austrominius_modestus",334
"MARS","PA1","RUN5",0.855,"Austrominiusmodestus",0.982,"austrominius_modestus",334
"GAM","PA1","RUN5",0.796,"Austrominiusmodestus",0.974,"austrominius_modestus",334
"XGBOOST","PA1","RUN5",0.86,"Austrominiusmodestus",0.987,"austrominius_modestus",334
"RF","PA1","allRun",NA,"Austrominiusmodestus",NA,"austrominius_modestus",334
"MAXNET","PA1","allRun",NA,"Austrominiusmodestus",NA,"austrominius_modestus",334
"MARS","PA1","allRun",NA,"Austrominiusmodestus",NA,"austrominius_modestus",334
"GAM","PA1","allRun",NA,"Austrominiusmodestus",NA,"austrominius_modestus",334
"XGBOOST","PA1","allRun",NA,"Austrominiusmodestus",NA,"austrominius_modestus",334
"RF","PA2","RUN1",0.831,"Austrominiusmodestus",0.974,"austrominius_modestus",334
"MAXNET","PA2","RUN1",0.845,"Austrominiusmodestus",0.973,"austrominius_modestus",334
"MARS","PA2","RUN1",0.82,"Austrominiusmodestus",0.971,"austrominius_modestus",334
"GAM","PA2","RUN1",0.816,"Austrominiusmodestus",0.966,"austrominius_modestus",334
"XGBOOST","PA2","RUN1",0.83,"Austrominiusmodestus",0.963,"austrominius_modestus",334
"RF","PA2","RUN2",0.871,"Austrominiusmodestus",0.974,"austrominius_modestus",334
"MAXNET","PA2","RUN2",0.801,"Austrominiusmodestus",0.961,"austrominius_modestus",334
"MARS","PA2","RUN2",0.846,"Austrominiusmodestus",0.971,"austrominius_modestus",334
"GAM","PA2","RUN2",0.796,"Austrominiusmodestus",0.958,"austrominius_modestus",334
"XGBOOST","PA2","RUN2",0.816,"Austrominiusmodestus",0.948,"austrominius_modestus",334
"RF","PA2","RUN3",0.798,"Austrominiusmodestus",0.978,"austrominius_modestus",334
"MAXNET","PA2","RUN3",0.819,"Austrominiusmodestus",0.969,"austrominius_modestus",334
"MARS","PA2","RUN3",0.773,"Austrominiusmodestus",0.962,"austrominius_modestus",334
"GAM","PA2","RUN3",0.783,"Austrominiusmodestus",0.965,"austrominius_modestus",334
"XGBOOST","PA2","RUN3",0.743,"Austrominiusmodestus",0.943,"austrominius_modestus",334
"RF","PA2","RUN4",0.796,"Austrominiusmodestus",0.969,"austrominius_modestus",334
"MAXNET","PA2","RUN4",0.821,"Austrominiusmodestus",0.969,"austrominius_modestus",334
"MARS","PA2","RUN4",0.801,"Austrominiusmodestus",0.9,"austrominius_modestus",334
"GAM","PA2","RUN4",0.811,"Austrominiusmodestus",0.957,"austrominius_modestus",334
"XGBOOST","PA2","RUN4",0.811,"Austrominiusmodestus",0.956,"austrominius_modestus",334
"RF","PA2","RUN5",0.875,"Austrominiusmodestus",0.99,"austrominius_modestus",334
"MAXNET","PA2","RUN5",0.89,"Austrominiusmodestus",0.985,"austrominius_modestus",334
"MARS","PA2","RUN5",0.9,"Austrominiusmodestus",0.982,"austrominius_modestus",334
"GAM","PA2","RUN5",0.826,"Austrominiusmodestus",0.973,"austrominius_modestus",334
"XGBOOST","PA2","RUN5",0.84,"Austrominiusmodestus",0.973,"austrominius_modestus",334
"RF","PA2","allRun",NA,"Austrominiusmodestus",NA,"austrominius_modestus",334
"MAXNET","PA2","allRun",NA,"Austrominiusmodestus",NA,"austrominius_modestus",334
"MARS","PA2","allRun",NA,"Austrominiusmodestus",NA,"austrominius_modestus",334
"GAM","PA2","allRun",NA,"Austrominiusmodestus",NA,"austrominius_modestus",334
"XGBOOST","PA2","allRun",NA,"Austrominiusmodestus",NA,"austrominius_modestus",334
"RF","PA3","RUN1",0.801,"Austrominiusmodestus",0.973,"austrominius_modestus",334
"MAXNET","PA3","RUN1",0.766,"Austrominiusmodestus",0.964,"austrominius_modestus",334
"MARS","PA3","RUN1",0.766,"Austrominiusmodestus",0.96,"austrominius_modestus",334
"GAM","PA3","RUN1",0.706,"Austrominiusmodestus",0.942,"austrominius_modestus",334
"XGBOOST","PA3","RUN1",0.79,"Austrominiusmodestus",0.947,"austrominius_modestus",334
"RF","PA3","RUN2",0.796,"Austrominiusmodestus",0.978,"austrominius_modestus",334
"MAXNET","PA3","RUN2",0.896,"Austrominiusmodestus",0.981,"austrominius_modestus",334
"MARS","PA3","RUN2",0.816,"Austrominiusmodestus",0.972,"austrominius_modestus",334
"GAM","PA3","RUN2",0.816,"Austrominiusmodestus",0.968,"austrominius_modestus",334
"XGBOOST","PA3","RUN2",0.731,"Austrominiusmodestus",0.959,"austrominius_modestus",334
"RF","PA3","RUN3",0.834,"Austrominiusmodestus",0.971,"austrominius_modestus",334
"MAXNET","PA3","RUN3",0.869,"Austrominiusmodestus",0.971,"austrominius_modestus",334
"MARS","PA3","RUN3",0.875,"Austrominiusmodestus",0.969,"austrominius_modestus",334
"GAM","PA3","RUN3",0.845,"Austrominiusmodestus",0.967,"austrominius_modestus",334
"XGBOOST","PA3","RUN3",0.835,"Austrominiusmodestus",0.944,"austrominius_modestus",334
"RF","PA3","RUN4",0.871,"Austrominiusmodestus",0.968,"austrominius_modestus",334
"MAXNET","PA3","RUN4",0.831,"Austrominiusmodestus",0.973,"austrominius_modestus",334
"MARS","PA3","RUN4",0.816,"Austrominiusmodestus",0.968,"austrominius_modestus",334
"GAM","PA3","RUN4",0.856,"Austrominiusmodestus",0.961,"austrominius_modestus",334
"XGBOOST","PA3","RUN4",0.856,"Austrominiusmodestus",0.961,"austrominius_modestus",334
"RF","PA3","RUN5",0.846,"Austrominiusmodestus",0.983,"austrominius_modestus",334
"MAXNET","PA3","RUN5",0.84,"Austrominiusmodestus",0.975,"austrominius_modestus",334
"MARS","PA3","RUN5",0.811,"Austrominiusmodestus",0.976,"austrominius_modestus",334
"GAM","PA3","RUN5",0.79,"Austrominiusmodestus",0.962,"austrominius_modestus",334
"XGBOOST","PA3","RUN5",0.825,"Austrominiusmodestus",0.957,"austrominius_modestus",334
"RF","PA3","allRun",NA,"Austrominiusmodestus",NA,"austrominius_modestus",334
"MAXNET","PA3","allRun",NA,"Austrominiusmodestus",NA,"austrominius_modestus",334
"MARS","PA3","allRun",NA,"Austrominiusmodestus",NA,"austrominius_modestus",334
"GAM","PA3","allRun",NA,"Austrominiusmodestus",NA,"austrominius_modestus",334
"XGBOOST","PA3","allRun",NA,"Austrominiusmodestus",NA,"austrominius_modestus",334
"RF","allData","allRun",NA,"Austrominiusmodestus",NA,"austrominius_modestus",334
"MAXNET","allData","allRun",NA,"Austrominiusmodestus",NA,"austrominius_modestus",334
"MARS","allData","allRun",NA,"Austrominiusmodestus",NA,"austrominius_modestus",334
"GAM","allData","allRun",NA,"Austrominiusmodestus",NA,"austrominius_modestus",334
"XGBOOST","allData","allRun",NA,"Austrominiusmodestus",NA,"austrominius_modestus",334
"RF","PA1","RUN1",0.419,"Balanustrigonus",0.944,"balanus_trigonus",134
"MAXNET","PA1","RUN1",0.677,"Balanustrigonus",0.935,"balanus_trigonus",134
"MARS","PA1","RUN1",0.59,"Balanustrigonus",0.927,"balanus_trigonus",134
"GAM","PA1","RUN1",0.578,"Balanustrigonus",0.912,"balanus_trigonus",134
"XGBOOST","PA1","RUN1",0.542,"Balanustrigonus",0.911,"balanus_trigonus",134
"RF","PA1","RUN2",0.568,"Balanustrigonus",0.96,"balanus_trigonus",134
"MAXNET","PA1","RUN2",0.84,"Balanustrigonus",0.949,"balanus_trigonus",134
"MARS","PA1","RUN2",0.753,"Balanustrigonus",0.949,"balanus_trigonus",134
"GAM","PA1","RUN2",0.704,"Balanustrigonus",0.938,"balanus_trigonus",134
"XGBOOST","PA1","RUN2",0.815,"Balanustrigonus",0.956,"balanus_trigonus",134
"RF","PA1","RUN3",0.733,"Balanustrigonus",0.938,"balanus_trigonus",134
"MAXNET","PA1","RUN3",0.723,"Balanustrigonus",0.951,"balanus_trigonus",134
"MARS","PA1","RUN3",0.761,"Balanustrigonus",0.931,"balanus_trigonus",134
"GAM","PA1","RUN3",0.774,"Balanustrigonus",0.953,"balanus_trigonus",134
"XGBOOST","PA1","RUN3",0.71,"Balanustrigonus",0.903,"balanus_trigonus",134
"RF","PA1","RUN4",0.506,"Balanustrigonus",0.939,"balanus_trigonus",134
"MAXNET","PA1","RUN4",0.716,"Balanustrigonus",0.947,"balanus_trigonus",134
"MARS","PA1","RUN4",0.741,"Balanustrigonus",0.924,"balanus_trigonus",134
"GAM","PA1","RUN4",0.79,"Balanustrigonus",0.915,"balanus_trigonus",134
"XGBOOST","PA1","RUN4",0.815,"Balanustrigonus",0.943,"balanus_trigonus",134
"RF","PA1","RUN5",0.666,"Balanustrigonus",0.925,"balanus_trigonus",134
"MAXNET","PA1","RUN5",0.801,"Balanustrigonus",0.931,"balanus_trigonus",134
"MARS","PA1","RUN5",0.739,"Balanustrigonus",0.906,"balanus_trigonus",134
"GAM","PA1","RUN5",0.751,"Balanustrigonus",0.925,"balanus_trigonus",134
"XGBOOST","PA1","RUN5",0.727,"Balanustrigonus",0.935,"balanus_trigonus",134
"RF","PA1","allRun",NA,"Balanustrigonus",NA,"balanus_trigonus",134
"MAXNET","PA1","allRun",NA,"Balanustrigonus",NA,"balanus_trigonus",134
"MARS","PA1","allRun",NA,"Balanustrigonus",NA,"balanus_trigonus",134
"GAM","PA1","allRun",NA,"Balanustrigonus",NA,"balanus_trigonus",134
"XGBOOST","PA1","allRun",NA,"Balanustrigonus",NA,"balanus_trigonus",134
"RF","PA2","RUN1",0.567,"Balanustrigonus",0.931,"balanus_trigonus",134
"MAXNET","PA2","RUN1",0.813,"Balanustrigonus",0.958,"balanus_trigonus",134
"MARS","PA2","RUN1",0.727,"Balanustrigonus",0.938,"balanus_trigonus",134
"GAM","PA2","RUN1",0.763,"Balanustrigonus",0.941,"balanus_trigonus",134
"XGBOOST","PA2","RUN1",0.715,"Balanustrigonus",0.946,"balanus_trigonus",134
"RF","PA2","RUN2",0.654,"Balanustrigonus",0.949,"balanus_trigonus",134
"MAXNET","PA2","RUN2",0.753,"Balanustrigonus",0.93,"balanus_trigonus",134
"MARS","PA2","RUN2",0.679,"Balanustrigonus",0.933,"balanus_trigonus",134
"GAM","PA2","RUN2",0.778,"Balanustrigonus",0.937,"balanus_trigonus",134
"XGBOOST","PA2","RUN2",0.765,"Balanustrigonus",0.936,"balanus_trigonus",134
"RF","PA2","RUN3",0.629,"Balanustrigonus",0.939,"balanus_trigonus",134
"MAXNET","PA2","RUN3",0.746,"Balanustrigonus",0.92,"balanus_trigonus",134
"MARS","PA2","RUN3",0.771,"Balanustrigonus",0.939,"balanus_trigonus",134
"GAM","PA2","RUN3",0.619,"Balanustrigonus",0.896,"balanus_trigonus",134
"XGBOOST","PA2","RUN3",0.771,"Balanustrigonus",0.947,"balanus_trigonus",134
"RF","PA2","RUN4",0.778,"Balanustrigonus",0.929,"balanus_trigonus",134
"MAXNET","PA2","RUN4",0.827,"Balanustrigonus",0.936,"balanus_trigonus",134
"MARS","PA2","RUN4",0.778,"Balanustrigonus",0.942,"balanus_trigonus",134
"GAM","PA2","RUN4",0.778,"Balanustrigonus",0.912,"balanus_trigonus",134
"XGBOOST","PA2","RUN4",0.642,"Balanustrigonus",0.93,"balanus_trigonus",134
"RF","PA2","RUN5",0.739,"Balanustrigonus",0.928,"balanus_trigonus",134
"MAXNET","PA2","RUN5",0.775,"Balanustrigonus",0.919,"balanus_trigonus",134
"MARS","PA2","RUN5",0.689,"Balanustrigonus",0.91,"balanus_trigonus",134
"GAM","PA2","RUN5",0.725,"Balanustrigonus",0.906,"balanus_trigonus",134
"XGBOOST","PA2","RUN5",0.763,"Balanustrigonus",0.908,"balanus_trigonus",134
"RF","PA2","allRun",NA,"Balanustrigonus",NA,"balanus_trigonus",134
"MAXNET","PA2","allRun",NA,"Balanustrigonus",NA,"balanus_trigonus",134
"MARS","PA2","allRun",NA,"Balanustrigonus",NA,"balanus_trigonus",134
"GAM","PA2","allRun",NA,"Balanustrigonus",NA,"balanus_trigonus",134
"XGBOOST","PA2","allRun",NA,"Balanustrigonus",NA,"balanus_trigonus",134
"RF","PA3","RUN1",0.715,"Balanustrigonus",0.971,"balanus_trigonus",134
"MAXNET","PA3","RUN1",0.863,"Balanustrigonus",0.974,"balanus_trigonus",134
"MARS","PA3","RUN1",0.653,"Balanustrigonus",0.936,"balanus_trigonus",134
"GAM","PA3","RUN1",0.738,"Balanustrigonus",0.941,"balanus_trigonus",134
"XGBOOST","PA3","RUN1",0.801,"Balanustrigonus",0.95,"balanus_trigonus",134
"RF","PA3","RUN2",0.667,"Balanustrigonus",0.957,"balanus_trigonus",134
"MAXNET","PA3","RUN2",0.802,"Balanustrigonus",0.97,"balanus_trigonus",134
"MARS","PA3","RUN2",0.852,"Balanustrigonus",0.969,"balanus_trigonus",134
"GAM","PA3","RUN2",0.778,"Balanustrigonus",0.953,"balanus_trigonus",134
"XGBOOST","PA3","RUN2",0.765,"Balanustrigonus",0.934,"balanus_trigonus",134
"RF","PA3","RUN3",0.797,"Balanustrigonus",0.969,"balanus_trigonus",134
"MAXNET","PA3","RUN3",0.849,"Balanustrigonus",0.953,"balanus_trigonus",134
"MARS","PA3","RUN3",0.824,"Balanustrigonus",0.942,"balanus_trigonus",134
"GAM","PA3","RUN3",0.786,"Balanustrigonus",0.947,"balanus_trigonus",134
"XGBOOST","PA3","RUN3",0.771,"Balanustrigonus",0.952,"balanus_trigonus",134
"RF","PA3","RUN4",0.765,"Balanustrigonus",0.955,"balanus_trigonus",134
"MAXNET","PA3","RUN4",0.728,"Balanustrigonus",0.936,"balanus_trigonus",134
"MARS","PA3","RUN4",0.765,"Balanustrigonus",0.957,"balanus_trigonus",134
"GAM","PA3","RUN4",0.741,"Balanustrigonus",0.917,"balanus_trigonus",134
"XGBOOST","PA3","RUN4",0.741,"Balanustrigonus",0.942,"balanus_trigonus",134
"RF","PA3","RUN5",0.691,"Balanustrigonus",0.963,"balanus_trigonus",134
"MAXNET","PA3","RUN5",0.789,"Balanustrigonus",0.96,"balanus_trigonus",134
"MARS","PA3","RUN5",0.776,"Balanustrigonus",0.96,"balanus_trigonus",134
"GAM","PA3","RUN5",0.788,"Balanustrigonus",0.95,"balanus_trigonus",134
"XGBOOST","PA3","RUN5",0.727,"Balanustrigonus",0.938,"balanus_trigonus",134
"RF","PA3","allRun",NA,"Balanustrigonus",NA,"balanus_trigonus",134
"MAXNET","PA3","allRun",NA,"Balanustrigonus",NA,"balanus_trigonus",134
"MARS","PA3","allRun",NA,"Balanustrigonus",NA,"balanus_trigonus",134
"GAM","PA3","allRun",NA,"Balanustrigonus",NA,"balanus_trigonus",134
"XGBOOST","PA3","allRun",NA,"Balanustrigonus",NA,"balanus_trigonus",134
"RF","allData","allRun",NA,"Balanustrigonus",NA,"balanus_trigonus",134
"MAXNET","allData","allRun",NA,"Balanustrigonus",NA,"balanus_trigonus",134
"MARS","allData","allRun",NA,"Balanustrigonus",NA,"balanus_trigonus",134
"GAM","allData","allRun",NA,"Balanustrigonus",NA,"balanus_trigonus",134
"XGBOOST","allData","allRun",NA,"Balanustrigonus",NA,"balanus_trigonus",134
"RF","PA1","RUN1",0.5,"Boccardiaproboscidea",1,"boccardia_proboscidea",10
"MAXNET","PA1","RUN1",0.5,"Boccardiaproboscidea",1,"boccardia_proboscidea",10
"MARS","PA1","RUN1",0.5,"Boccardiaproboscidea",0.833,"boccardia_proboscidea",10
"GAM","PA1","RUN1",0.833,"Boccardiaproboscidea",0.917,"boccardia_proboscidea",10
"XGBOOST","PA1","RUN1",0,"Boccardiaproboscidea",0.917,"boccardia_proboscidea",10
"RF","PA1","RUN2",0.333,"Boccardiaproboscidea",1,"boccardia_proboscidea",10
"MAXNET","PA1","RUN2",0.333,"Boccardiaproboscidea",0.667,"boccardia_proboscidea",10
"MARS","PA1","RUN2",0.333,"Boccardiaproboscidea",1,"boccardia_proboscidea",10
"GAM","PA1","RUN2",0.167,"Boccardiaproboscidea",0.583,"boccardia_proboscidea",10
"XGBOOST","PA1","RUN2",0.667,"Boccardiaproboscidea",0.792,"boccardia_proboscidea",10
"RF","PA1","RUN3",-0.667,"Boccardiaproboscidea",0.25,"boccardia_proboscidea",10
"MAXNET","PA1","RUN3",-0.333,"Boccardiaproboscidea",0.417,"boccardia_proboscidea",10
"MARS","PA1","RUN3",-0.333,"Boccardiaproboscidea",0,"boccardia_proboscidea",10
"GAM","PA1","RUN3",0,"Boccardiaproboscidea",0.333,"boccardia_proboscidea",10
"XGBOOST","PA1","RUN3",-0.5,"Boccardiaproboscidea",0.25,"boccardia_proboscidea",10
"RF","PA1","RUN4",-0.167,"Boccardiaproboscidea",0.417,"boccardia_proboscidea",10
"MAXNET","PA1","RUN4",0.333,"Boccardiaproboscidea",0.75,"boccardia_proboscidea",10
"MARS","PA1","RUN4",0.167,"Boccardiaproboscidea",0.583,"boccardia_proboscidea",10
"GAM","PA1","RUN4",0,"Boccardiaproboscidea",0.542,"boccardia_proboscidea",10
"XGBOOST","PA1","RUN4",0.333,"Boccardiaproboscidea",0.458,"boccardia_proboscidea",10
"RF","PA1","RUN5",0,"Boccardiaproboscidea",1,"boccardia_proboscidea",10
"MAXNET","PA1","RUN5",0.5,"Boccardiaproboscidea",0.917,"boccardia_proboscidea",10
"MARS","PA1","RUN5",0.333,"Boccardiaproboscidea",0.542,"boccardia_proboscidea",10
"GAM","PA1","RUN5",0.333,"Boccardiaproboscidea",0.667,"boccardia_proboscidea",10
"XGBOOST","PA1","RUN5",1,"Boccardiaproboscidea",1,"boccardia_proboscidea",10
"RF","PA1","allRun",NA,"Boccardiaproboscidea",NA,"boccardia_proboscidea",10
"MAXNET","PA1","allRun",NA,"Boccardiaproboscidea",NA,"boccardia_proboscidea",10
"MARS","PA1","allRun",NA,"Boccardiaproboscidea",NA,"boccardia_proboscidea",10
"GAM","PA1","allRun",NA,"Boccardiaproboscidea",NA,"boccardia_proboscidea",10
"XGBOOST","PA1","allRun",NA,"Boccardiaproboscidea",NA,"boccardia_proboscidea",10
"RF","PA2","RUN1",-0.333,"Boccardiaproboscidea",0.667,"boccardia_proboscidea",10
"MAXNET","PA2","RUN1",0.667,"Boccardiaproboscidea",0.917,"boccardia_proboscidea",10
"MARS","PA2","RUN1",0.333,"Boccardiaproboscidea",0.75,"boccardia_proboscidea",10
"GAM","PA2","RUN1",0.167,"Boccardiaproboscidea",0.625,"boccardia_proboscidea",10
"XGBOOST","PA2","RUN1",0.333,"Boccardiaproboscidea",0.708,"boccardia_proboscidea",10
"RF","PA2","RUN2",0,"Boccardiaproboscidea",0.708,"boccardia_proboscidea",10
"MAXNET","PA2","RUN2",0.5,"Boccardiaproboscidea",1,"boccardia_proboscidea",10
"MARS","PA2","RUN2",0.833,"Boccardiaproboscidea",0.917,"boccardia_proboscidea",10
"GAM","PA2","RUN2",0.333,"Boccardiaproboscidea",0.833,"boccardia_proboscidea",10
"XGBOOST","PA2","RUN2",-0.167,"Boccardiaproboscidea",0.833,"boccardia_proboscidea",10
"RF","PA2","RUN3",0.167,"Boccardiaproboscidea",0.833,"boccardia_proboscidea",10
"MAXNET","PA2","RUN3",0.833,"Boccardiaproboscidea",1,"boccardia_proboscidea",10
"MARS","PA2","RUN3",1,"Boccardiaproboscidea",1,"boccardia_proboscidea",10
"GAM","PA2","RUN3",0.5,"Boccardiaproboscidea",0.75,"boccardia_proboscidea",10
"XGBOOST","PA2","RUN3",1,"Boccardiaproboscidea",1,"boccardia_proboscidea",10
"RF","PA2","RUN4",0.333,"Boccardiaproboscidea",0.833,"boccardia_proboscidea",10
"MAXNET","PA2","RUN4",1,"Boccardiaproboscidea",1,"boccardia_proboscidea",10
"MARS","PA2","RUN4",1,"Boccardiaproboscidea",1,"boccardia_proboscidea",10
"GAM","PA2","RUN4",0,"Boccardiaproboscidea",0.5,"boccardia_proboscidea",10
"XGBOOST","PA2","RUN4",1,"Boccardiaproboscidea",1,"boccardia_proboscidea",10
"RF","PA2","RUN5",0,"Boccardiaproboscidea",0.417,"boccardia_proboscidea",10
"MAXNET","PA2","RUN5",0.167,"Boccardiaproboscidea",0.75,"boccardia_proboscidea",10
"MARS","PA2","RUN5",0.167,"Boccardiaproboscidea",0.583,"boccardia_proboscidea",10
"GAM","PA2","RUN5",-0.167,"Boccardiaproboscidea",0.417,"boccardia_proboscidea",10
"XGBOOST","PA2","RUN5",-0.167,"Boccardiaproboscidea",0.208,"boccardia_proboscidea",10
"RF","PA2","allRun",NA,"Boccardiaproboscidea",NA,"boccardia_proboscidea",10
"MAXNET","PA2","allRun",NA,"Boccardiaproboscidea",NA,"boccardia_proboscidea",10
"MARS","PA2","allRun",NA,"Boccardiaproboscidea",NA,"boccardia_proboscidea",10
"GAM","PA2","allRun",NA,"Boccardiaproboscidea",NA,"boccardia_proboscidea",10
"XGBOOST","PA2","allRun",NA,"Boccardiaproboscidea",NA,"boccardia_proboscidea",10
"RF","PA3","RUN1",0.5,"Boccardiaproboscidea",0.75,"boccardia_proboscidea",10
"MAXNET","PA3","RUN1",0.5,"Boccardiaproboscidea",0.75,"boccardia_proboscidea",10
"MARS","PA3","RUN1",0.5,"Boccardiaproboscidea",0.75,"boccardia_proboscidea",10
"GAM","PA3","RUN1",0.333,"Boccardiaproboscidea",0.667,"boccardia_proboscidea",10
"XGBOOST","PA3","RUN1",0,"Boccardiaproboscidea",1,"boccardia_proboscidea",10
"RF","PA3","RUN2",0.333,"Boccardiaproboscidea",0.833,"boccardia_proboscidea",10
"MAXNET","PA3","RUN2",0.333,"Boccardiaproboscidea",0.833,"boccardia_proboscidea",10
"MARS","PA3","RUN2",0.833,"Boccardiaproboscidea",0.917,"boccardia_proboscidea",10
"GAM","PA3","RUN2",0.333,"Boccardiaproboscidea",0.667,"boccardia_proboscidea",10
"XGBOOST","PA3","RUN2",0.333,"Boccardiaproboscidea",0.833,"boccardia_proboscidea",10
"RF","PA3","RUN3",0.5,"Boccardiaproboscidea",0.667,"boccardia_proboscidea",10
"MAXNET","PA3","RUN3",0.5,"Boccardiaproboscidea",0.917,"boccardia_proboscidea",10
"MARS","PA3","RUN3",0.5,"Boccardiaproboscidea",0.75,"boccardia_proboscidea",10
"GAM","PA3","RUN3",0.333,"Boccardiaproboscidea",0.667,"boccardia_proboscidea",10
"XGBOOST","PA3","RUN3",0.5,"Boccardiaproboscidea",0.625,"boccardia_proboscidea",10
"RF","PA3","RUN4",0.833,"Boccardiaproboscidea",0.833,"boccardia_proboscidea",10
"MAXNET","PA3","RUN4",0.833,"Boccardiaproboscidea",0.833,"boccardia_proboscidea",10
"MARS","PA3","RUN4",0.833,"Boccardiaproboscidea",0.917,"boccardia_proboscidea",10
"GAM","PA3","RUN4",0,"Boccardiaproboscidea",0.5,"boccardia_proboscidea",10
"XGBOOST","PA3","RUN4",-0.167,"Boccardiaproboscidea",0.833,"boccardia_proboscidea",10
"RF","PA3","RUN5",-0.167,"Boccardiaproboscidea",0.667,"boccardia_proboscidea",10
"MAXNET","PA3","RUN5",0.833,"Boccardiaproboscidea",1,"boccardia_proboscidea",10
"MARS","PA3","RUN5",0.667,"Boccardiaproboscidea",0.833,"boccardia_proboscidea",10
"GAM","PA3","RUN5",0,"Boccardiaproboscidea",0.5,"boccardia_proboscidea",10
"XGBOOST","PA3","RUN5",-0.167,"Boccardiaproboscidea",0.75,"boccardia_proboscidea",10
"RF","PA3","allRun",NA,"Boccardiaproboscidea",NA,"boccardia_proboscidea",10
"MAXNET","PA3","allRun",NA,"Boccardiaproboscidea",NA,"boccardia_proboscidea",10
"MARS","PA3","allRun",NA,"Boccardiaproboscidea",NA,"boccardia_proboscidea",10
"GAM","PA3","allRun",NA,"Boccardiaproboscidea",NA,"boccardia_proboscidea",10
"XGBOOST","PA3","allRun",NA,"Boccardiaproboscidea",NA,"boccardia_proboscidea",10
"RF","allData","allRun",NA,"Boccardiaproboscidea",NA,"boccardia_proboscidea",10
"MAXNET","allData","allRun",NA,"Boccardiaproboscidea",NA,"boccardia_proboscidea",10
"MARS","allData","allRun",NA,"Boccardiaproboscidea",NA,"boccardia_proboscidea",10
"GAM","allData","allRun",NA,"Boccardiaproboscidea",NA,"boccardia_proboscidea",10
"XGBOOST","allData","allRun",NA,"Boccardiaproboscidea",NA,"boccardia_proboscidea",10
"RF","PA1","RUN1",0.809,"Bonnemaisoniahamifera",0.965,"bonnemaisonia_hamifera",314
"MAXNET","PA1","RUN1",0.819,"Bonnemaisoniahamifera",0.965,"bonnemaisonia_hamifera",314
"MARS","PA1","RUN1",0.804,"Bonnemaisoniahamifera",0.963,"bonnemaisonia_hamifera",314
"GAM","PA1","RUN1",0.798,"Bonnemaisoniahamifera",0.938,"bonnemaisonia_hamifera",314
"XGBOOST","PA1","RUN1",0.698,"Bonnemaisoniahamifera",0.928,"bonnemaisonia_hamifera",314
"RF","PA1","RUN2",0.81,"Bonnemaisoniahamifera",0.967,"bonnemaisonia_hamifera",314
"MAXNET","PA1","RUN2",0.82,"Bonnemaisoniahamifera",0.973,"bonnemaisonia_hamifera",314
"MARS","PA1","RUN2",0.81,"Bonnemaisoniahamifera",0.967,"bonnemaisonia_hamifera",314
"GAM","PA1","RUN2",0.831,"Bonnemaisoniahamifera",0.963,"bonnemaisonia_hamifera",314
"XGBOOST","PA1","RUN2",0.757,"Bonnemaisoniahamifera",0.941,"bonnemaisonia_hamifera",314
"RF","PA1","RUN3",0.759,"Bonnemaisoniahamifera",0.957,"bonnemaisonia_hamifera",314
"MAXNET","PA1","RUN3",0.798,"Bonnemaisoniahamifera",0.955,"bonnemaisonia_hamifera",314
"MARS","PA1","RUN3",0.787,"Bonnemaisoniahamifera",0.949,"bonnemaisonia_hamifera",314
"GAM","PA1","RUN3",0.781,"Bonnemaisoniahamifera",0.949,"bonnemaisonia_hamifera",314
"XGBOOST","PA1","RUN3",0.765,"Bonnemaisoniahamifera",0.923,"bonnemaisonia_hamifera",314
"RF","PA1","RUN4",0.852,"Bonnemaisoniahamifera",0.973,"bonnemaisonia_hamifera",314
"MAXNET","PA1","RUN4",0.794,"Bonnemaisoniahamifera",0.968,"bonnemaisonia_hamifera",314
"MARS","PA1","RUN4",0.852,"Bonnemaisoniahamifera",0.971,"bonnemaisonia_hamifera",314
"GAM","PA1","RUN4",0.815,"Bonnemaisoniahamifera",0.966,"bonnemaisonia_hamifera",314
"XGBOOST","PA1","RUN4",0.778,"Bonnemaisoniahamifera",0.96,"bonnemaisonia_hamifera",314
"RF","PA1","RUN5",0.815,"Bonnemaisoniahamifera",0.963,"bonnemaisonia_hamifera",314
"MAXNET","PA1","RUN5",0.814,"Bonnemaisoniahamifera",0.956,"bonnemaisonia_hamifera",314
"MARS","PA1","RUN5",0.804,"Bonnemaisoniahamifera",0.955,"bonnemaisonia_hamifera",314
"GAM","PA1","RUN5",0.793,"Bonnemaisoniahamifera",0.946,"bonnemaisonia_hamifera",314
"XGBOOST","PA1","RUN5",0.772,"Bonnemaisoniahamifera",0.952,"bonnemaisonia_hamifera",314
"RF","PA1","allRun",NA,"Bonnemaisoniahamifera",NA,"bonnemaisonia_hamifera",314
"MAXNET","PA1","allRun",NA,"Bonnemaisoniahamifera",NA,"bonnemaisonia_hamifera",314
"MARS","PA1","allRun",NA,"Bonnemaisoniahamifera",NA,"bonnemaisonia_hamifera",314
"GAM","PA1","allRun",NA,"Bonnemaisoniahamifera",NA,"bonnemaisonia_hamifera",314
"XGBOOST","PA1","allRun",NA,"Bonnemaisoniahamifera",NA,"bonnemaisonia_hamifera",314
"RF","PA2","RUN1",0.857,"Bonnemaisoniahamifera",0.989,"bonnemaisonia_hamifera",314
"MAXNET","PA2","RUN1",0.867,"Bonnemaisoniahamifera",0.984,"bonnemaisonia_hamifera",314
"MARS","PA2","RUN1",0.856,"Bonnemaisoniahamifera",0.982,"bonnemaisonia_hamifera",314
"GAM","PA2","RUN1",0.857,"Bonnemaisoniahamifera",0.968,"bonnemaisonia_hamifera",314
"XGBOOST","PA2","RUN1",0.814,"Bonnemaisoniahamifera",0.965,"bonnemaisonia_hamifera",314
"RF","PA2","RUN2",0.884,"Bonnemaisoniahamifera",0.974,"bonnemaisonia_hamifera",314
"MAXNET","PA2","RUN2",0.841,"Bonnemaisoniahamifera",0.963,"bonnemaisonia_hamifera",314
"MARS","PA2","RUN2",0.804,"Bonnemaisoniahamifera",0.954,"bonnemaisonia_hamifera",314
"GAM","PA2","RUN2",0.783,"Bonnemaisoniahamifera",0.947,"bonnemaisonia_hamifera",314
"XGBOOST","PA2","RUN2",0.794,"Bonnemaisoniahamifera",0.947,"bonnemaisonia_hamifera",314
"RF","PA2","RUN3",0.839,"Bonnemaisoniahamifera",0.975,"bonnemaisonia_hamifera",314
"MAXNET","PA2","RUN3",0.872,"Bonnemaisoniahamifera",0.972,"bonnemaisonia_hamifera",314
"MARS","PA2","RUN3",0.867,"Bonnemaisoniahamifera",0.978,"bonnemaisonia_hamifera",314
"GAM","PA2","RUN3",0.867,"Bonnemaisoniahamifera",0.966,"bonnemaisonia_hamifera",314
"XGBOOST","PA2","RUN3",0.851,"Bonnemaisoniahamifera",0.951,"bonnemaisonia_hamifera",314
"RF","PA2","RUN4",0.741,"Bonnemaisoniahamifera",0.945,"bonnemaisonia_hamifera",314
"MAXNET","PA2","RUN4",0.725,"Bonnemaisoniahamifera",0.949,"bonnemaisonia_hamifera",314
"MARS","PA2","RUN4",0.725,"Bonnemaisoniahamifera",0.942,"bonnemaisonia_hamifera",314
"GAM","PA2","RUN4",0.783,"Bonnemaisoniahamifera",0.94,"bonnemaisonia_hamifera",314
"XGBOOST","PA2","RUN4",0.709,"Bonnemaisoniahamifera",0.936,"bonnemaisonia_hamifera",314
"RF","PA2","RUN5",0.825,"Bonnemaisoniahamifera",0.97,"bonnemaisonia_hamifera",314
"MAXNET","PA2","RUN5",0.804,"Bonnemaisoniahamifera",0.964,"bonnemaisonia_hamifera",314
"MARS","PA2","RUN5",0.851,"Bonnemaisoniahamifera",0.966,"bonnemaisonia_hamifera",314
"GAM","PA2","RUN5",0.82,"Bonnemaisoniahamifera",0.95,"bonnemaisonia_hamifera",314
"XGBOOST","PA2","RUN5",0.788,"Bonnemaisoniahamifera",0.934,"bonnemaisonia_hamifera",314
"RF","PA2","allRun",NA,"Bonnemaisoniahamifera",NA,"bonnemaisonia_hamifera",314
"MAXNET","PA2","allRun",NA,"Bonnemaisoniahamifera",NA,"bonnemaisonia_hamifera",314
"MARS","PA2","allRun",NA,"Bonnemaisoniahamifera",NA,"bonnemaisonia_hamifera",314
"GAM","PA2","allRun",NA,"Bonnemaisoniahamifera",NA,"bonnemaisonia_hamifera",314
"XGBOOST","PA2","allRun",NA,"Bonnemaisoniahamifera",NA,"bonnemaisonia_hamifera",314
"RF","PA3","RUN1",0.857,"Bonnemaisoniahamifera",0.977,"bonnemaisonia_hamifera",314
"MAXNET","PA3","RUN1",0.809,"Bonnemaisoniahamifera",0.97,"bonnemaisonia_hamifera",314
"MARS","PA3","RUN1",0.846,"Bonnemaisoniahamifera",0.963,"bonnemaisonia_hamifera",314
"GAM","PA3","RUN1",0.809,"Bonnemaisoniahamifera",0.943,"bonnemaisonia_hamifera",314
"XGBOOST","PA3","RUN1",0.777,"Bonnemaisoniahamifera",0.938,"bonnemaisonia_hamifera",314
"RF","PA3","RUN2",0.884,"Bonnemaisoniahamifera",0.98,"bonnemaisonia_hamifera",314
"MAXNET","PA3","RUN2",0.815,"Bonnemaisoniahamifera",0.969,"bonnemaisonia_hamifera",314
"MARS","PA3","RUN2",0.831,"Bonnemaisoniahamifera",0.971,"bonnemaisonia_hamifera",314
"GAM","PA3","RUN2",0.788,"Bonnemaisoniahamifera",0.958,"bonnemaisonia_hamifera",314
"XGBOOST","PA3","RUN2",0.799,"Bonnemaisoniahamifera",0.94,"bonnemaisonia_hamifera",314
"RF","PA3","RUN3",0.742,"Bonnemaisoniahamifera",0.967,"bonnemaisonia_hamifera",314
"MAXNET","PA3","RUN3",0.802,"Bonnemaisoniahamifera",0.973,"bonnemaisonia_hamifera",314
"MARS","PA3","RUN3",0.807,"Bonnemaisoniahamifera",0.968,"bonnemaisonia_hamifera",314
"GAM","PA3","RUN3",0.808,"Bonnemaisoniahamifera",0.952,"bonnemaisonia_hamifera",314
"XGBOOST","PA3","RUN3",0.743,"Bonnemaisoniahamifera",0.936,"bonnemaisonia_hamifera",314
"RF","PA3","RUN4",0.852,"Bonnemaisoniahamifera",0.966,"bonnemaisonia_hamifera",314
"MAXNET","PA3","RUN4",0.815,"Bonnemaisoniahamifera",0.968,"bonnemaisonia_hamifera",314
"MARS","PA3","RUN4",0.825,"Bonnemaisoniahamifera",0.961,"bonnemaisonia_hamifera",314
"GAM","PA3","RUN4",0.847,"Bonnemaisoniahamifera",0.957,"bonnemaisonia_hamifera",314
"XGBOOST","PA3","RUN4",0.741,"Bonnemaisoniahamifera",0.939,"bonnemaisonia_hamifera",314
"RF","PA3","RUN5",0.761,"Bonnemaisoniahamifera",0.959,"bonnemaisonia_hamifera",314
"MAXNET","PA3","RUN5",0.767,"Bonnemaisoniahamifera",0.953,"bonnemaisonia_hamifera",314
"MARS","PA3","RUN5",0.809,"Bonnemaisoniahamifera",0.953,"bonnemaisonia_hamifera",314
"GAM","PA3","RUN5",0.761,"Bonnemaisoniahamifera",0.938,"bonnemaisonia_hamifera",314
"XGBOOST","PA3","RUN5",0.793,"Bonnemaisoniahamifera",0.939,"bonnemaisonia_hamifera",314
"RF","PA3","allRun",NA,"Bonnemaisoniahamifera",NA,"bonnemaisonia_hamifera",314
"MAXNET","PA3","allRun",NA,"Bonnemaisoniahamifera",NA,"bonnemaisonia_hamifera",314
"MARS","PA3","allRun",NA,"Bonnemaisoniahamifera",NA,"bonnemaisonia_hamifera",314
"GAM","PA3","allRun",NA,"Bonnemaisoniahamifera",NA,"bonnemaisonia_hamifera",314
"XGBOOST","PA3","allRun",NA,"Bonnemaisoniahamifera",NA,"bonnemaisonia_hamifera",314
"RF","allData","allRun",NA,"Bonnemaisoniahamifera",NA,"bonnemaisonia_hamifera",314
"MAXNET","allData","allRun",NA,"Bonnemaisoniahamifera",NA,"bonnemaisonia_hamifera",314
"MARS","allData","allRun",NA,"Bonnemaisoniahamifera",NA,"bonnemaisonia_hamifera",314
"GAM","allData","allRun",NA,"Bonnemaisoniahamifera",NA,"bonnemaisonia_hamifera",314
"XGBOOST","allData","allRun",NA,"Bonnemaisoniahamifera",NA,"bonnemaisonia_hamifera",314
"RF","PA1","RUN1",0.724,"Botrylloidesviolaceus",0.948,"botrylloides_violaceus",258
"MAXNET","PA1","RUN1",0.742,"Botrylloidesviolaceus",0.937,"botrylloides_violaceus",258
"MARS","PA1","RUN1",0.807,"Botrylloidesviolaceus",0.944,"botrylloides_violaceus",258
"GAM","PA1","RUN1",0.781,"Botrylloidesviolaceus",0.916,"botrylloides_violaceus",258
"XGBOOST","PA1","RUN1",0.742,"Botrylloidesviolaceus",0.934,"botrylloides_violaceus",258
"RF","PA1","RUN2",0.779,"Botrylloidesviolaceus",0.949,"botrylloides_violaceus",258
"MAXNET","PA1","RUN2",0.793,"Botrylloidesviolaceus",0.955,"botrylloides_violaceus",258
"MARS","PA1","RUN2",0.799,"Botrylloidesviolaceus",0.937,"botrylloides_violaceus",258
"GAM","PA1","RUN2",0.819,"Botrylloidesviolaceus",0.94,"botrylloides_violaceus",258
"XGBOOST","PA1","RUN2",0.728,"Botrylloidesviolaceus",0.911,"botrylloides_violaceus",258
"RF","PA1","RUN3",0.782,"Botrylloidesviolaceus",0.963,"botrylloides_violaceus",258
"MAXNET","PA1","RUN3",0.761,"Botrylloidesviolaceus",0.968,"botrylloides_violaceus",258
"MARS","PA1","RUN3",0.832,"Botrylloidesviolaceus",0.966,"botrylloides_violaceus",258
"GAM","PA1","RUN3",0.773,"Botrylloidesviolaceus",0.959,"botrylloides_violaceus",258
"XGBOOST","PA1","RUN3",0.754,"Botrylloidesviolaceus",0.941,"botrylloides_violaceus",258
"RF","PA1","RUN4",0.713,"Botrylloidesviolaceus",0.959,"botrylloides_violaceus",258
"MAXNET","PA1","RUN4",0.792,"Botrylloidesviolaceus",0.966,"botrylloides_violaceus",258
"MARS","PA1","RUN4",0.773,"Botrylloidesviolaceus",0.957,"botrylloides_violaceus",258
"GAM","PA1","RUN4",0.76,"Botrylloidesviolaceus",0.961,"botrylloides_violaceus",258
"XGBOOST","PA1","RUN4",0.805,"Botrylloidesviolaceus",0.946,"botrylloides_violaceus",258
"RF","PA1","RUN5",0.634,"Botrylloidesviolaceus",0.927,"botrylloides_violaceus",258
"MAXNET","PA1","RUN5",0.704,"Botrylloidesviolaceus",0.917,"botrylloides_violaceus",258
"MARS","PA1","RUN5",0.608,"Botrylloidesviolaceus",0.911,"botrylloides_violaceus",258
"GAM","PA1","RUN5",0.653,"Botrylloidesviolaceus",0.901,"botrylloides_violaceus",258
"XGBOOST","PA1","RUN5",0.608,"Botrylloidesviolaceus",0.907,"botrylloides_violaceus",258
"RF","PA1","allRun",NA,"Botrylloidesviolaceus",NA,"botrylloides_violaceus",258
"MAXNET","PA1","allRun",NA,"Botrylloidesviolaceus",NA,"botrylloides_violaceus",258
"MARS","PA1","allRun",NA,"Botrylloidesviolaceus",NA,"botrylloides_violaceus",258
"GAM","PA1","allRun",NA,"Botrylloidesviolaceus",NA,"botrylloides_violaceus",258
"XGBOOST","PA1","allRun",NA,"Botrylloidesviolaceus",NA,"botrylloides_violaceus",258
"RF","PA2","RUN1",0.782,"Botrylloidesviolaceus",0.969,"botrylloides_violaceus",258
"MAXNET","PA2","RUN1",0.807,"Botrylloidesviolaceus",0.958,"botrylloides_violaceus",258
"MARS","PA2","RUN1",0.775,"Botrylloidesviolaceus",0.967,"botrylloides_violaceus",258
"GAM","PA2","RUN1",0.807,"Botrylloidesviolaceus",0.954,"botrylloides_violaceus",258
"XGBOOST","PA2","RUN1",0.749,"Botrylloidesviolaceus",0.954,"botrylloides_violaceus",258
"RF","PA2","RUN2",0.721,"Botrylloidesviolaceus",0.934,"botrylloides_violaceus",258
"MAXNET","PA2","RUN2",0.714,"Botrylloidesviolaceus",0.931,"botrylloides_violaceus",258
"MARS","PA2","RUN2",0.694,"Botrylloidesviolaceus",0.916,"botrylloides_violaceus",258
"GAM","PA2","RUN2",0.767,"Botrylloidesviolaceus",0.919,"botrylloides_violaceus",258
"XGBOOST","PA2","RUN2",0.694,"Botrylloidesviolaceus",0.921,"botrylloides_violaceus",258
"RF","PA2","RUN3",0.782,"Botrylloidesviolaceus",0.951,"botrylloides_violaceus",258
"MAXNET","PA2","RUN3",0.819,"Botrylloidesviolaceus",0.962,"botrylloides_violaceus",258
"MARS","PA2","RUN3",0.728,"Botrylloidesviolaceus",0.949,"botrylloides_violaceus",258
"GAM","PA2","RUN3",0.761,"Botrylloidesviolaceus",0.957,"botrylloides_violaceus",258
"XGBOOST","PA2","RUN3",0.703,"Botrylloidesviolaceus",0.943,"botrylloides_violaceus",258
"RF","PA2","RUN4",0.805,"Botrylloidesviolaceus",0.953,"botrylloides_violaceus",258
"MAXNET","PA2","RUN4",0.818,"Botrylloidesviolaceus",0.962,"botrylloides_violaceus",258
"MARS","PA2","RUN4",0.806,"Botrylloidesviolaceus",0.962,"botrylloides_violaceus",258
"GAM","PA2","RUN4",0.793,"Botrylloidesviolaceus",0.95,"botrylloides_violaceus",258
"XGBOOST","PA2","RUN4",0.825,"Botrylloidesviolaceus",0.955,"botrylloides_violaceus",258
"RF","PA2","RUN5",0.679,"Botrylloidesviolaceus",0.954,"botrylloides_violaceus",258
"MAXNET","PA2","RUN5",0.775,"Botrylloidesviolaceus",0.956,"botrylloides_violaceus",258
"MARS","PA2","RUN5",0.781,"Botrylloidesviolaceus",0.938,"botrylloides_violaceus",258
"GAM","PA2","RUN5",0.775,"Botrylloidesviolaceus",0.958,"botrylloides_violaceus",258
"XGBOOST","PA2","RUN5",0.762,"Botrylloidesviolaceus",0.944,"botrylloides_violaceus",258
"RF","PA2","allRun",NA,"Botrylloidesviolaceus",NA,"botrylloides_violaceus",258
"MAXNET","PA2","allRun",NA,"Botrylloidesviolaceus",NA,"botrylloides_violaceus",258
"MARS","PA2","allRun",NA,"Botrylloidesviolaceus",NA,"botrylloides_violaceus",258
"GAM","PA2","allRun",NA,"Botrylloidesviolaceus",NA,"botrylloides_violaceus",258
"XGBOOST","PA2","allRun",NA,"Botrylloidesviolaceus",NA,"botrylloides_violaceus",258
"RF","PA3","RUN1",0.673,"Botrylloidesviolaceus",0.956,"botrylloides_violaceus",258
"MAXNET","PA3","RUN1",0.781,"Botrylloidesviolaceus",0.953,"botrylloides_violaceus",258
"MARS","PA3","RUN1",0.8,"Botrylloidesviolaceus",0.949,"botrylloides_violaceus",258
"GAM","PA3","RUN1",0.787,"Botrylloidesviolaceus",0.951,"botrylloides_violaceus",258
"XGBOOST","PA3","RUN1",0.717,"Botrylloidesviolaceus",0.929,"botrylloides_violaceus",258
"RF","PA3","RUN2",0.7,"Botrylloidesviolaceus",0.959,"botrylloides_violaceus",258
"MAXNET","PA3","RUN2",0.818,"Botrylloidesviolaceus",0.971,"botrylloides_violaceus",258
"MARS","PA3","RUN2",0.805,"Botrylloidesviolaceus",0.964,"botrylloides_violaceus",258
"GAM","PA3","RUN2",0.799,"Botrylloidesviolaceus",0.96,"botrylloides_violaceus",258
"XGBOOST","PA3","RUN2",0.714,"Botrylloidesviolaceus",0.927,"botrylloides_violaceus",258
"RF","PA3","RUN3",0.653,"Botrylloidesviolaceus",0.924,"botrylloides_violaceus",258
"MAXNET","PA3","RUN3",0.658,"Botrylloidesviolaceus",0.915,"botrylloides_violaceus",258
"MARS","PA3","RUN3",0.703,"Botrylloidesviolaceus",0.914,"botrylloides_violaceus",258
"GAM","PA3","RUN3",0.652,"Botrylloidesviolaceus",0.917,"botrylloides_violaceus",258
"XGBOOST","PA3","RUN3",0.606,"Botrylloidesviolaceus",0.89,"botrylloides_violaceus",258
"RF","PA3","RUN4",0.674,"Botrylloidesviolaceus",0.924,"botrylloides_violaceus",258
"MAXNET","PA3","RUN4",0.727,"Botrylloidesviolaceus",0.94,"botrylloides_violaceus",258
"MARS","PA3","RUN4",0.681,"Botrylloidesviolaceus",0.922,"botrylloides_violaceus",258
"GAM","PA3","RUN4",0.76,"Botrylloidesviolaceus",0.933,"botrylloides_violaceus",258
"XGBOOST","PA3","RUN4",0.616,"Botrylloidesviolaceus",0.912,"botrylloides_violaceus",258
"RF","PA3","RUN5",0.705,"Botrylloidesviolaceus",0.942,"botrylloides_violaceus",258
"MAXNET","PA3","RUN5",0.788,"Botrylloidesviolaceus",0.946,"botrylloides_violaceus",258
"MARS","PA3","RUN5",0.742,"Botrylloidesviolaceus",0.934,"botrylloides_violaceus",258
"GAM","PA3","RUN5",0.704,"Botrylloidesviolaceus",0.94,"botrylloides_violaceus",258
"XGBOOST","PA3","RUN5",0.729,"Botrylloidesviolaceus",0.92,"botrylloides_violaceus",258
"RF","PA3","allRun",NA,"Botrylloidesviolaceus",NA,"botrylloides_violaceus",258
"MAXNET","PA3","allRun",NA,"Botrylloidesviolaceus",NA,"botrylloides_violaceus",258
"MARS","PA3","allRun",NA,"Botrylloidesviolaceus",NA,"botrylloides_violaceus",258
"GAM","PA3","allRun",NA,"Botrylloidesviolaceus",NA,"botrylloides_violaceus",258
"XGBOOST","PA3","allRun",NA,"Botrylloidesviolaceus",NA,"botrylloides_violaceus",258
"RF","allData","allRun",NA,"Botrylloidesviolaceus",NA,"botrylloides_violaceus",258
"MAXNET","allData","allRun",NA,"Botrylloidesviolaceus",NA,"botrylloides_violaceus",258
"MARS","allData","allRun",NA,"Botrylloidesviolaceus",NA,"botrylloides_violaceus",258
"GAM","allData","allRun",NA,"Botrylloidesviolaceus",NA,"botrylloides_violaceus",258
"XGBOOST","allData","allRun",NA,"Botrylloidesviolaceus",NA,"botrylloides_violaceus",258
"RF","PA1","RUN1",0.718,"Bugulaneritina",0.927,"bugula_neritina",167
"MAXNET","PA1","RUN1",0.769,"Bugulaneritina",0.936,"bugula_neritina",167
"MARS","PA1","RUN1",0.749,"Bugulaneritina",0.918,"bugula_neritina",167
"GAM","PA1","RUN1",0.759,"Bugulaneritina",0.914,"bugula_neritina",167
"XGBOOST","PA1","RUN1",0.759,"Bugulaneritina",0.927,"bugula_neritina",167
"RF","PA1","RUN2",0.774,"Bugulaneritina",0.961,"bugula_neritina",167
"MAXNET","PA1","RUN2",0.754,"Bugulaneritina",0.951,"bugula_neritina",167
"MARS","PA1","RUN2",0.754,"Bugulaneritina",0.904,"bugula_neritina",167
"GAM","PA1","RUN2",0.762,"Bugulaneritina",0.941,"bugula_neritina",167
"XGBOOST","PA1","RUN2",0.695,"Bugulaneritina",0.954,"bugula_neritina",167
"RF","PA1","RUN3",0.568,"Bugulaneritina",0.944,"bugula_neritina",167
"MAXNET","PA1","RUN3",0.791,"Bugulaneritina",0.935,"bugula_neritina",167
"MARS","PA1","RUN3",0.72,"Bugulaneritina",0.915,"bugula_neritina",167
"GAM","PA1","RUN3",0.751,"Bugulaneritina",0.908,"bugula_neritina",167
"XGBOOST","PA1","RUN3",0.74,"Bugulaneritina",0.923,"bugula_neritina",167
"RF","PA1","RUN4",0.851,"Bugulaneritina",0.97,"bugula_neritina",167
"MAXNET","PA1","RUN4",0.791,"Bugulaneritina",0.969,"bugula_neritina",167
"MARS","PA1","RUN4",0.791,"Bugulaneritina",0.956,"bugula_neritina",167
"GAM","PA1","RUN4",0.811,"Bugulaneritina",0.958,"bugula_neritina",167
"XGBOOST","PA1","RUN4",0.821,"Bugulaneritina",0.945,"bugula_neritina",167
"RF","PA1","RUN5",0.748,"Bugulaneritina",0.966,"bugula_neritina",167
"MAXNET","PA1","RUN5",0.688,"Bugulaneritina",0.94,"bugula_neritina",167
"MARS","PA1","RUN5",0.658,"Bugulaneritina",0.917,"bugula_neritina",167
"GAM","PA1","RUN5",0.688,"Bugulaneritina",0.941,"bugula_neritina",167
"XGBOOST","PA1","RUN5",0.789,"Bugulaneritina",0.953,"bugula_neritina",167
"RF","PA1","allRun",NA,"Bugulaneritina",NA,"bugula_neritina",167
"MAXNET","PA1","allRun",NA,"Bugulaneritina",NA,"bugula_neritina",167
"MARS","PA1","allRun",NA,"Bugulaneritina",NA,"bugula_neritina",167
"GAM","PA1","allRun",NA,"Bugulaneritina",NA,"bugula_neritina",167
"XGBOOST","PA1","allRun",NA,"Bugulaneritina",NA,"bugula_neritina",167
"RF","PA2","RUN1",0.718,"Bugulaneritina",0.948,"bugula_neritina",167
"MAXNET","PA2","RUN1",0.516,"Bugulaneritina",0.918,"bugula_neritina",167
"MARS","PA2","RUN1",0.526,"Bugulaneritina",0.763,"bugula_neritina",167
"GAM","PA2","RUN1",0.608,"Bugulaneritina",0.895,"bugula_neritina",167
"XGBOOST","PA2","RUN1",0.668,"Bugulaneritina",0.907,"bugula_neritina",167
"RF","PA2","RUN2",0.694,"Bugulaneritina",0.951,"bugula_neritina",167
"MAXNET","PA2","RUN2",0.722,"Bugulaneritina",0.935,"bugula_neritina",167
"MARS","PA2","RUN2",0.652,"Bugulaneritina",0.925,"bugula_neritina",167
"GAM","PA2","RUN2",0.711,"Bugulaneritina",0.912,"bugula_neritina",167
"XGBOOST","PA2","RUN2",0.586,"Bugulaneritina",0.889,"bugula_neritina",167
"RF","PA2","RUN3",0.718,"Bugulaneritina",0.963,"bugula_neritina",167
"MAXNET","PA2","RUN3",0.769,"Bugulaneritina",0.968,"bugula_neritina",167
"MARS","PA2","RUN3",0.759,"Bugulaneritina",0.948,"bugula_neritina",167
"GAM","PA2","RUN3",0.79,"Bugulaneritina",0.957,"bugula_neritina",167
"XGBOOST","PA2","RUN3",0.79,"Bugulaneritina",0.94,"bugula_neritina",167
"RF","PA2","RUN4",0.646,"Bugulaneritina",0.926,"bugula_neritina",167
"MAXNET","PA2","RUN4",0.682,"Bugulaneritina",0.913,"bugula_neritina",167
"MARS","PA2","RUN4",0.673,"Bugulaneritina",0.907,"bugula_neritina",167
"GAM","PA2","RUN4",0.672,"Bugulaneritina",0.921,"bugula_neritina",167
"XGBOOST","PA2","RUN4",0.694,"Bugulaneritina",0.892,"bugula_neritina",167
"RF","PA2","RUN5",0.577,"Bugulaneritina",0.922,"bugula_neritina",167
"MAXNET","PA2","RUN5",0.749,"Bugulaneritina",0.936,"bugula_neritina",167
"MARS","PA2","RUN5",0.709,"Bugulaneritina",0.911,"bugula_neritina",167
"GAM","PA2","RUN5",0.739,"Bugulaneritina",0.895,"bugula_neritina",167
"XGBOOST","PA2","RUN5",0.608,"Bugulaneritina",0.873,"bugula_neritina",167
"RF","PA2","allRun",NA,"Bugulaneritina",NA,"bugula_neritina",167
"MAXNET","PA2","allRun",NA,"Bugulaneritina",NA,"bugula_neritina",167
"MARS","PA2","allRun",NA,"Bugulaneritina",NA,"bugula_neritina",167
"GAM","PA2","allRun",NA,"Bugulaneritina",NA,"bugula_neritina",167
"XGBOOST","PA2","allRun",NA,"Bugulaneritina",NA,"bugula_neritina",167
"RF","PA3","RUN1",0.677,"Bugulaneritina",0.963,"bugula_neritina",167
"MAXNET","PA3","RUN1",0.819,"Bugulaneritina",0.956,"bugula_neritina",167
"MARS","PA3","RUN1",0.839,"Bugulaneritina",0.955,"bugula_neritina",167
"GAM","PA3","RUN1",0.648,"Bugulaneritina",0.922,"bugula_neritina",167
"XGBOOST","PA3","RUN1",0.789,"Bugulaneritina",0.958,"bugula_neritina",167
"RF","PA3","RUN2",0.705,"Bugulaneritina",0.967,"bugula_neritina",167
"MAXNET","PA3","RUN2",0.752,"Bugulaneritina",0.951,"bugula_neritina",167
"MARS","PA3","RUN2",0.703,"Bugulaneritina",0.933,"bugula_neritina",167
"GAM","PA3","RUN2",0.724,"Bugulaneritina",0.937,"bugula_neritina",167
"XGBOOST","PA3","RUN2",0.694,"Bugulaneritina",0.913,"bugula_neritina",167
"RF","PA3","RUN3",0.618,"Bugulaneritina",0.94,"bugula_neritina",167
"MAXNET","PA3","RUN3",0.689,"Bugulaneritina",0.938,"bugula_neritina",167
"MARS","PA3","RUN3",0.659,"Bugulaneritina",0.884,"bugula_neritina",167
"GAM","PA3","RUN3",0.68,"Bugulaneritina",0.927,"bugula_neritina",167
"XGBOOST","PA3","RUN3",0.71,"Bugulaneritina",0.92,"bugula_neritina",167
"RF","PA3","RUN4",0.802,"Bugulaneritina",0.953,"bugula_neritina",167
"MAXNET","PA3","RUN4",0.733,"Bugulaneritina",0.94,"bugula_neritina",167
"MARS","PA3","RUN4",0.772,"Bugulaneritina",0.906,"bugula_neritina",167
"GAM","PA3","RUN4",0.722,"Bugulaneritina",0.931,"bugula_neritina",167
"XGBOOST","PA3","RUN4",0.722,"Bugulaneritina",0.902,"bugula_neritina",167
"RF","PA3","RUN5",0.739,"Bugulaneritina",0.929,"bugula_neritina",167
"MAXNET","PA3","RUN5",0.739,"Bugulaneritina",0.94,"bugula_neritina",167
"MARS","PA3","RUN5",0.618,"Bugulaneritina",0.914,"bugula_neritina",167
"GAM","PA3","RUN5",0.749,"Bugulaneritina",0.923,"bugula_neritina",167
"XGBOOST","PA3","RUN5",0.769,"Bugulaneritina",0.92,"bugula_neritina",167
"RF","PA3","allRun",NA,"Bugulaneritina",NA,"bugula_neritina",167
"MAXNET","PA3","allRun",NA,"Bugulaneritina",NA,"bugula_neritina",167
"MARS","PA3","allRun",NA,"Bugulaneritina",NA,"bugula_neritina",167
"GAM","PA3","allRun",NA,"Bugulaneritina",NA,"bugula_neritina",167
"XGBOOST","PA3","allRun",NA,"Bugulaneritina",NA,"bugula_neritina",167
"RF","allData","allRun",NA,"Bugulaneritina",NA,"bugula_neritina",167
"MAXNET","allData","allRun",NA,"Bugulaneritina",NA,"bugula_neritina",167
"MARS","allData","allRun",NA,"Bugulaneritina",NA,"bugula_neritina",167
"GAM","allData","allRun",NA,"Bugulaneritina",NA,"bugula_neritina",167
"XGBOOST","allData","allRun",NA,"Bugulaneritina",NA,"bugula_neritina",167
"RF","PA1","RUN1",0.76,"Caprellamutica",0.943,"caprella_mutica",228
"MAXNET","PA1","RUN1",0.76,"Caprellamutica",0.929,"caprella_mutica",228
"MARS","PA1","RUN1",0.723,"Caprellamutica",0.931,"caprella_mutica",228
"GAM","PA1","RUN1",0.752,"Caprellamutica",0.914,"caprella_mutica",228
"XGBOOST","PA1","RUN1",0.702,"Caprellamutica",0.923,"caprella_mutica",228
"RF","PA1","RUN2",0.772,"Caprellamutica",0.961,"caprella_mutica",228
"MAXNET","PA1","RUN2",0.727,"Caprellamutica",0.961,"caprella_mutica",228
"MARS","PA1","RUN2",0.765,"Caprellamutica",0.944,"caprella_mutica",228
"GAM","PA1","RUN2",0.743,"Caprellamutica",0.949,"caprella_mutica",228
"XGBOOST","PA1","RUN2",0.809,"Caprellamutica",0.953,"caprella_mutica",228
"RF","PA1","RUN3",0.862,"Caprellamutica",0.966,"caprella_mutica",228
"MAXNET","PA1","RUN3",0.854,"Caprellamutica",0.979,"caprella_mutica",228
"MARS","PA1","RUN3",0.795,"Caprellamutica",0.969,"caprella_mutica",228
"GAM","PA1","RUN3",0.846,"Caprellamutica",0.959,"caprella_mutica",228
"XGBOOST","PA1","RUN3",0.774,"Caprellamutica",0.948,"caprella_mutica",228
"RF","PA1","RUN4",0.742,"Caprellamutica",0.949,"caprella_mutica",228
"MAXNET","PA1","RUN4",0.772,"Caprellamutica",0.939,"caprella_mutica",228
"MARS","PA1","RUN4",0.787,"Caprellamutica",0.943,"caprella_mutica",228
"GAM","PA1","RUN4",0.75,"Caprellamutica",0.927,"caprella_mutica",228
"XGBOOST","PA1","RUN4",0.691,"Caprellamutica",0.916,"caprella_mutica",228
"RF","PA1","RUN5",0.782,"Caprellamutica",0.965,"caprella_mutica",228
"MAXNET","PA1","RUN5",0.891,"Caprellamutica",0.975,"caprella_mutica",228
"MARS","PA1","RUN5",0.832,"Caprellamutica",0.967,"caprella_mutica",228
"GAM","PA1","RUN5",0.745,"Caprellamutica",0.948,"caprella_mutica",228
"XGBOOST","PA1","RUN5",0.847,"Caprellamutica",0.944,"caprella_mutica",228
"RF","PA1","allRun",NA,"Caprellamutica",NA,"caprella_mutica",228
"MAXNET","PA1","allRun",NA,"Caprellamutica",NA,"caprella_mutica",228
"MARS","PA1","allRun",NA,"Caprellamutica",NA,"caprella_mutica",228
"GAM","PA1","allRun",NA,"Caprellamutica",NA,"caprella_mutica",228
"XGBOOST","PA1","allRun",NA,"Caprellamutica",NA,"caprella_mutica",228
"RF","PA2","RUN1",0.84,"Caprellamutica",0.954,"caprella_mutica",228
"MAXNET","PA2","RUN1",0.789,"Caprellamutica",0.953,"caprella_mutica",228
"MARS","PA2","RUN1",0.825,"Caprellamutica",0.952,"caprella_mutica",228
"GAM","PA2","RUN1",0.825,"Caprellamutica",0.95,"caprella_mutica",228
"XGBOOST","PA2","RUN1",0.825,"Caprellamutica",0.952,"caprella_mutica",228
"RF","PA2","RUN2",0.787,"Caprellamutica",0.954,"caprella_mutica",228
"MAXNET","PA2","RUN2",0.72,"Caprellamutica",0.929,"caprella_mutica",228
"MARS","PA2","RUN2",0.765,"Caprellamutica",0.955,"caprella_mutica",228
"GAM","PA2","RUN2",0.677,"Caprellamutica",0.898,"caprella_mutica",228
"XGBOOST","PA2","RUN2",0.772,"Caprellamutica",0.903,"caprella_mutica",228
"RF","PA2","RUN3",0.702,"Caprellamutica",0.944,"caprella_mutica",228
"MAXNET","PA2","RUN3",0.795,"Caprellamutica",0.953,"caprella_mutica",228
"MARS","PA2","RUN3",0.774,"Caprellamutica",0.944,"caprella_mutica",228
"GAM","PA2","RUN3",0.766,"Caprellamutica",0.942,"caprella_mutica",228
"XGBOOST","PA2","RUN3",0.723,"Caprellamutica",0.94,"caprella_mutica",228
"RF","PA2","RUN4",0.771,"Caprellamutica",0.963,"caprella_mutica",228
"MAXNET","PA2","RUN4",0.824,"Caprellamutica",0.962,"caprella_mutica",228
"MARS","PA2","RUN4",0.803,"Caprellamutica",0.957,"caprella_mutica",228
"GAM","PA2","RUN4",0.766,"Caprellamutica",0.941,"caprella_mutica",228
"XGBOOST","PA2","RUN4",0.751,"Caprellamutica",0.918,"caprella_mutica",228
"RF","PA2","RUN5",0.768,"Caprellamutica",0.967,"caprella_mutica",228
"MAXNET","PA2","RUN5",0.811,"Caprellamutica",0.959,"caprella_mutica",228
"MARS","PA2","RUN5",0.811,"Caprellamutica",0.965,"caprella_mutica",228
"GAM","PA2","RUN5",0.76,"Caprellamutica",0.942,"caprella_mutica",228
"XGBOOST","PA2","RUN5",0.695,"Caprellamutica",0.935,"caprella_mutica",228
"RF","PA2","allRun",NA,"Caprellamutica",NA,"caprella_mutica",228
"MAXNET","PA2","allRun",NA,"Caprellamutica",NA,"caprella_mutica",228
"MARS","PA2","allRun",NA,"Caprellamutica",NA,"caprella_mutica",228
"GAM","PA2","allRun",NA,"Caprellamutica",NA,"caprella_mutica",228
"XGBOOST","PA2","allRun",NA,"Caprellamutica",NA,"caprella_mutica",228
"RF","PA3","RUN1",0.666,"Caprellamutica",0.953,"caprella_mutica",228
"MAXNET","PA3","RUN1",0.775,"Caprellamutica",0.945,"caprella_mutica",228
"MARS","PA3","RUN1",0.789,"Caprellamutica",0.95,"caprella_mutica",228
"GAM","PA3","RUN1",0.818,"Caprellamutica",0.945,"caprella_mutica",228
"XGBOOST","PA3","RUN1",0.63,"Caprellamutica",0.918,"caprella_mutica",228
"RF","PA3","RUN2",0.824,"Caprellamutica",0.955,"caprella_mutica",228
"MAXNET","PA3","RUN2",0.846,"Caprellamutica",0.942,"caprella_mutica",228
"MARS","PA3","RUN2",0.839,"Caprellamutica",0.959,"caprella_mutica",228
"GAM","PA3","RUN2",0.728,"Caprellamutica",0.929,"caprella_mutica",228
"XGBOOST","PA3","RUN2",0.802,"Caprellamutica",0.943,"caprella_mutica",228
"RF","PA3","RUN3",0.818,"Caprellamutica",0.964,"caprella_mutica",228
"MAXNET","PA3","RUN3",0.824,"Caprellamutica",0.95,"caprella_mutica",228
"MARS","PA3","RUN3",0.802,"Caprellamutica",0.937,"caprella_mutica",228
"GAM","PA3","RUN3",0.817,"Caprellamutica",0.951,"caprella_mutica",228
"XGBOOST","PA3","RUN3",0.781,"Caprellamutica",0.955,"caprella_mutica",228
"RF","PA3","RUN4",0.779,"Caprellamutica",0.948,"caprella_mutica",228
"MAXNET","PA3","RUN4",0.765,"Caprellamutica",0.947,"caprella_mutica",228
"MARS","PA3","RUN4",0.706,"Caprellamutica",0.917,"caprella_mutica",228
"GAM","PA3","RUN4",0.729,"Caprellamutica",0.913,"caprella_mutica",228
"XGBOOST","PA3","RUN4",0.736,"Caprellamutica",0.945,"caprella_mutica",228
"RF","PA3","RUN5",0.76,"Caprellamutica",0.957,"caprella_mutica",228
"MAXNET","PA3","RUN5",0.782,"Caprellamutica",0.952,"caprella_mutica",228
"MARS","PA3","RUN5",0.775,"Caprellamutica",0.956,"caprella_mutica",228
"GAM","PA3","RUN5",0.804,"Caprellamutica",0.939,"caprella_mutica",228
"XGBOOST","PA3","RUN5",0.745,"Caprellamutica",0.931,"caprella_mutica",228
"RF","PA3","allRun",NA,"Caprellamutica",NA,"caprella_mutica",228
"MAXNET","PA3","allRun",NA,"Caprellamutica",NA,"caprella_mutica",228
"MARS","PA3","allRun",NA,"Caprellamutica",NA,"caprella_mutica",228
"GAM","PA3","allRun",NA,"Caprellamutica",NA,"caprella_mutica",228
"XGBOOST","PA3","allRun",NA,"Caprellamutica",NA,"caprella_mutica",228
"RF","allData","allRun",NA,"Caprellamutica",NA,"caprella_mutica",228
"MAXNET","allData","allRun",NA,"Caprellamutica",NA,"caprella_mutica",228
"MARS","allData","allRun",NA,"Caprellamutica",NA,"caprella_mutica",228
"GAM","allData","allRun",NA,"Caprellamutica",NA,"caprella_mutica",228
"XGBOOST","allData","allRun",NA,"Caprellamutica",NA,"caprella_mutica",228
"RF","PA1","RUN1",0.667,"Caprellascaura",0.979,"caprella_scaura",14
"MAXNET","PA1","RUN1",1,"Caprellascaura",1,"caprella_scaura",14
"MARS","PA1","RUN1",0.542,"Caprellascaura",0.771,"caprella_scaura",14
"GAM","PA1","RUN1",-0.167,"Caprellascaura",0.5,"caprella_scaura",14
"XGBOOST","PA1","RUN1",0.667,"Caprellascaura",0.875,"caprella_scaura",14
"RF","PA1","RUN2",0.222,"Caprellascaura",0.815,"caprella_scaura",14
"MAXNET","PA1","RUN2",0.889,"Caprellascaura",0.926,"caprella_scaura",14
"MARS","PA1","RUN2",0.333,"Caprellascaura",0.667,"caprella_scaura",14
"GAM","PA1","RUN2",0.333,"Caprellascaura",0.667,"caprella_scaura",14
"XGBOOST","PA1","RUN2",0.889,"Caprellascaura",0.889,"caprella_scaura",14
"RF","PA1","RUN3",0,"Caprellascaura",0.688,"caprella_scaura",14
"MAXNET","PA1","RUN3",0,"Caprellascaura",0.594,"caprella_scaura",14
"MARS","PA1","RUN3",0.5,"Caprellascaura",0.875,"caprella_scaura",14
"GAM","PA1","RUN3",0.375,"Caprellascaura",0.688,"caprella_scaura",14
"XGBOOST","PA1","RUN3",0,"Caprellascaura",0.656,"caprella_scaura",14
"RF","PA1","RUN4",0.444,"Caprellascaura",0.778,"caprella_scaura",14
"MAXNET","PA1","RUN4",0.222,"Caprellascaura",0.741,"caprella_scaura",14
"MARS","PA1","RUN4",0.333,"Caprellascaura",0.611,"caprella_scaura",14
"GAM","PA1","RUN4",0.222,"Caprellascaura",0.611,"caprella_scaura",14
"XGBOOST","PA1","RUN4",0.333,"Caprellascaura",0.667,"caprella_scaura",14
"RF","PA1","RUN5",0.667,"Caprellascaura",0.917,"caprella_scaura",14
"MAXNET","PA1","RUN5",0.875,"Caprellascaura",1,"caprella_scaura",14
"MARS","PA1","RUN5",0.875,"Caprellascaura",0.958,"caprella_scaura",14
"GAM","PA1","RUN5",-0.125,"Caprellascaura",0.583,"caprella_scaura",14
"XGBOOST","PA1","RUN5",0.542,"Caprellascaura",0.917,"caprella_scaura",14
"RF","PA1","allRun",NA,"Caprellascaura",NA,"caprella_scaura",14
"MAXNET","PA1","allRun",NA,"Caprellascaura",NA,"caprella_scaura",14
"MARS","PA1","allRun",NA,"Caprellascaura",NA,"caprella_scaura",14
"GAM","PA1","allRun",NA,"Caprellascaura",NA,"caprella_scaura",14
"XGBOOST","PA1","allRun",NA,"Caprellascaura",NA,"caprella_scaura",14
"RF","PA2","RUN1",0.542,"Caprellascaura",0.833,"caprella_scaura",14
"MAXNET","PA2","RUN1",0.75,"Caprellascaura",0.875,"caprella_scaura",14
"MARS","PA2","RUN1",-0.042,"Caprellascaura",0.729,"caprella_scaura",14
"GAM","PA2","RUN1",0.875,"Caprellascaura",0.938,"caprella_scaura",14
"XGBOOST","PA2","RUN1",0.542,"Caprellascaura",0.771,"caprella_scaura",14
"RF","PA2","RUN2",0.333,"Caprellascaura",0.926,"caprella_scaura",14
"MAXNET","PA2","RUN2",0.889,"Caprellascaura",0.889,"caprella_scaura",14
"MARS","PA2","RUN2",0.667,"Caprellascaura",1,"caprella_scaura",14
"GAM","PA2","RUN2",-0.111,"Caprellascaura",0.444,"caprella_scaura",14
"XGBOOST","PA2","RUN2",0.222,"Caprellascaura",0.926,"caprella_scaura",14
"RF","PA2","RUN3",0.5,"Caprellascaura",0.875,"caprella_scaura",14
"MAXNET","PA2","RUN3",0.5,"Caprellascaura",0.812,"caprella_scaura",14
"MARS","PA2","RUN3",0.25,"Caprellascaura",0.75,"caprella_scaura",14
"GAM","PA2","RUN3",-0.25,"Caprellascaura",0.375,"caprella_scaura",14
"XGBOOST","PA2","RUN3",0.75,"Caprellascaura",0.812,"caprella_scaura",14
"RF","PA2","RUN4",0.111,"Caprellascaura",0.667,"caprella_scaura",14
"MAXNET","PA2","RUN4",0.444,"Caprellascaura",0.667,"caprella_scaura",14
"MARS","PA2","RUN4",0.667,"Caprellascaura",0.667,"caprella_scaura",14
"GAM","PA2","RUN4",-0.222,"Caprellascaura",0.389,"caprella_scaura",14
"XGBOOST","PA2","RUN4",0.444,"Caprellascaura",0.778,"caprella_scaura",14
"RF","PA2","RUN5",0.208,"Caprellascaura",0.625,"caprella_scaura",14
"MAXNET","PA2","RUN5",0.083,"Caprellascaura",0.562,"caprella_scaura",14
"MARS","PA2","RUN5",0.417,"Caprellascaura",0.708,"caprella_scaura",14
"GAM","PA2","RUN5",0.083,"Caprellascaura",0.542,"caprella_scaura",14
"XGBOOST","PA2","RUN5",0.417,"Caprellascaura",0.562,"caprella_scaura",14
"RF","PA2","allRun",NA,"Caprellascaura",NA,"caprella_scaura",14
"MAXNET","PA2","allRun",NA,"Caprellascaura",NA,"caprella_scaura",14
"MARS","PA2","allRun",NA,"Caprellascaura",NA,"caprella_scaura",14
"GAM","PA2","allRun",NA,"Caprellascaura",NA,"caprella_scaura",14
"XGBOOST","PA2","allRun",NA,"Caprellascaura",NA,"caprella_scaura",14
"RF","PA3","RUN1",0.208,"Caprellascaura",0.875,"caprella_scaura",14
"MAXNET","PA3","RUN1",0.208,"Caprellascaura",0.729,"caprella_scaura",14
"MARS","PA3","RUN1",0.333,"Caprellascaura",0.667,"caprella_scaura",14
"GAM","PA3","RUN1",0.542,"Caprellascaura",0.771,"caprella_scaura",14
"XGBOOST","PA3","RUN1",0.333,"Caprellascaura",0.667,"caprella_scaura",14
"RF","PA3","RUN2",0,"Caprellascaura",0.926,"caprella_scaura",14
"MAXNET","PA3","RUN2",0.333,"Caprellascaura",1,"caprella_scaura",14
"MARS","PA3","RUN2",-0.333,"Caprellascaura",0.333,"caprella_scaura",14
"GAM","PA3","RUN2",0.333,"Caprellascaura",0.815,"caprella_scaura",14
"XGBOOST","PA3","RUN2",0,"Caprellascaura",0.981,"caprella_scaura",14
"RF","PA3","RUN3",1,"Caprellascaura",1,"caprella_scaura",14
"MAXNET","PA3","RUN3",0.75,"Caprellascaura",1,"caprella_scaura",14
"MARS","PA3","RUN3",0.875,"Caprellascaura",1,"caprella_scaura",14
"GAM","PA3","RUN3",-0.75,"Caprellascaura",0.125,"caprella_scaura",14
"XGBOOST","PA3","RUN3",0,"Caprellascaura",1,"caprella_scaura",14
"RF","PA3","RUN4",0.778,"Caprellascaura",0.926,"caprella_scaura",14
"MAXNET","PA3","RUN4",0.556,"Caprellascaura",0.889,"caprella_scaura",14
"MARS","PA3","RUN4",0.667,"Caprellascaura",0.833,"caprella_scaura",14
"GAM","PA3","RUN4",0.778,"Caprellascaura",0.889,"caprella_scaura",14
"XGBOOST","PA3","RUN4",0.111,"Caprellascaura",0.815,"caprella_scaura",14
"RF","PA3","RUN5",0.542,"Caprellascaura",0.938,"caprella_scaura",14
"MAXNET","PA3","RUN5",0.625,"Caprellascaura",0.875,"caprella_scaura",14
"MARS","PA3","RUN5",0.5,"Caprellascaura",0.792,"caprella_scaura",14
"GAM","PA3","RUN5",0.167,"Caprellascaura",0.667,"caprella_scaura",14
"XGBOOST","PA3","RUN5",0.417,"Caprellascaura",0.917,"caprella_scaura",14
"RF","PA3","allRun",NA,"Caprellascaura",NA,"caprella_scaura",14
"MAXNET","PA3","allRun",NA,"Caprellascaura",NA,"caprella_scaura",14
"MARS","PA3","allRun",NA,"Caprellascaura",NA,"caprella_scaura",14
"GAM","PA3","allRun",NA,"Caprellascaura",NA,"caprella_scaura",14
"XGBOOST","PA3","allRun",NA,"Caprellascaura",NA,"caprella_scaura",14
"RF","allData","allRun",NA,"Caprellascaura",NA,"caprella_scaura",14
"MAXNET","allData","allRun",NA,"Caprellascaura",NA,"caprella_scaura",14
"MARS","allData","allRun",NA,"Caprellascaura",NA,"caprella_scaura",14
"GAM","allData","allRun",NA,"Caprellascaura",NA,"caprella_scaura",14
"XGBOOST","allData","allRun",NA,"Caprellascaura",NA,"caprella_scaura",14
"RF","PA1","RUN1",0.159,"Corambeobscura",0.83,"corambe_obscura",18
"MAXNET","PA1","RUN1",0.659,"Corambeobscura",0.909,"corambe_obscura",18
"MARS","PA1","RUN1",0.227,"Corambeobscura",0.614,"corambe_obscura",18
"GAM","PA1","RUN1",0.227,"Corambeobscura",0.705,"corambe_obscura",18
"XGBOOST","PA1","RUN1",0.659,"Corambeobscura",0.852,"corambe_obscura",18
"RF","PA1","RUN2",1,"Corambeobscura",1,"corambe_obscura",18
"MAXNET","PA1","RUN2",1,"Corambeobscura",1,"corambe_obscura",18
"MARS","PA1","RUN2",1,"Corambeobscura",1,"corambe_obscura",18
"GAM","PA1","RUN2",0.667,"Corambeobscura",0.833,"corambe_obscura",18
"XGBOOST","PA1","RUN2",1,"Corambeobscura",1,"corambe_obscura",18
"RF","PA1","RUN3",0.55,"Corambeobscura",0.787,"corambe_obscura",18
"MAXNET","PA1","RUN3",0.6,"Corambeobscura",0.875,"corambe_obscura",18
"MARS","PA1","RUN3",0.7,"Corambeobscura",0.812,"corambe_obscura",18
"GAM","PA1","RUN3",-0.15,"Corambeobscura",0.388,"corambe_obscura",18
"XGBOOST","PA1","RUN3",0.45,"Corambeobscura",0.787,"corambe_obscura",18
"RF","PA1","RUN4",0.667,"Corambeobscura",1,"corambe_obscura",18
"MAXNET","PA1","RUN4",0.667,"Corambeobscura",1,"corambe_obscura",18
"MARS","PA1","RUN4",0.667,"Corambeobscura",1,"corambe_obscura",18
"GAM","PA1","RUN4",0.394,"Corambeobscura",0.697,"corambe_obscura",18
"XGBOOST","PA1","RUN4",1,"Corambeobscura",1,"corambe_obscura",18
"RF","PA1","RUN5",0.5,"Corambeobscura",0.977,"corambe_obscura",18
"MAXNET","PA1","RUN5",0.818,"Corambeobscura",1,"corambe_obscura",18
"MARS","PA1","RUN5",0.727,"Corambeobscura",1,"corambe_obscura",18
"GAM","PA1","RUN5",0.409,"Corambeobscura",0.705,"corambe_obscura",18
"XGBOOST","PA1","RUN5",0.909,"Corambeobscura",0.989,"corambe_obscura",18
"RF","PA1","allRun",NA,"Corambeobscura",NA,"corambe_obscura",18
"MAXNET","PA1","allRun",NA,"Corambeobscura",NA,"corambe_obscura",18
"MARS","PA1","allRun",NA,"Corambeobscura",NA,"corambe_obscura",18
"GAM","PA1","allRun",NA,"Corambeobscura",NA,"corambe_obscura",18
"XGBOOST","PA1","allRun",NA,"Corambeobscura",NA,"corambe_obscura",18
"RF","PA2","RUN1",0.386,"Corambeobscura",0.795,"corambe_obscura",18
"MAXNET","PA2","RUN1",0.636,"Corambeobscura",0.841,"corambe_obscura",18
"MARS","PA2","RUN1",0.636,"Corambeobscura",0.864,"corambe_obscura",18
"GAM","PA2","RUN1",0.727,"Corambeobscura",0.864,"corambe_obscura",18
"XGBOOST","PA2","RUN1",0.568,"Corambeobscura",0.818,"corambe_obscura",18
"RF","PA2","RUN2",0.818,"Corambeobscura",0.955,"corambe_obscura",18
"MAXNET","PA2","RUN2",0.909,"Corambeobscura",0.97,"corambe_obscura",18
"MARS","PA2","RUN2",0.576,"Corambeobscura",0.894,"corambe_obscura",18
"GAM","PA2","RUN2",0.576,"Corambeobscura",0.788,"corambe_obscura",18
"XGBOOST","PA2","RUN2",0.242,"Corambeobscura",0.894,"corambe_obscura",18
"RF","PA2","RUN3",0.75,"Corambeobscura",1,"corambe_obscura",18
"MAXNET","PA2","RUN3",0.4,"Corambeobscura",0.95,"corambe_obscura",18
"MARS","PA2","RUN3",0.65,"Corambeobscura",0.975,"corambe_obscura",18
"GAM","PA2","RUN3",0.05,"Corambeobscura",0.5,"corambe_obscura",18
"XGBOOST","PA2","RUN3",0.25,"Corambeobscura",0.938,"corambe_obscura",18
"RF","PA2","RUN4",0.667,"Corambeobscura",0.848,"corambe_obscura",18
"MAXNET","PA2","RUN4",0.667,"Corambeobscura",0.97,"corambe_obscura",18
"MARS","PA2","RUN4",0.485,"Corambeobscura",0.879,"corambe_obscura",18
"GAM","PA2","RUN4",0.576,"Corambeobscura",0.788,"corambe_obscura",18
"XGBOOST","PA2","RUN4",0.667,"Corambeobscura",0.879,"corambe_obscura",18
"RF","PA2","RUN5",0.909,"Corambeobscura",0.977,"corambe_obscura",18
"MAXNET","PA2","RUN5",0.909,"Corambeobscura",1,"corambe_obscura",18
"MARS","PA2","RUN5",0.568,"Corambeobscura",0.784,"corambe_obscura",18
"GAM","PA2","RUN5",0.659,"Corambeobscura",0.83,"corambe_obscura",18
"XGBOOST","PA2","RUN5",0.409,"Corambeobscura",0.943,"corambe_obscura",18
"RF","PA2","allRun",NA,"Corambeobscura",NA,"corambe_obscura",18
"MAXNET","PA2","allRun",NA,"Corambeobscura",NA,"corambe_obscura",18
"MARS","PA2","allRun",NA,"Corambeobscura",NA,"corambe_obscura",18
"GAM","PA2","allRun",NA,"Corambeobscura",NA,"corambe_obscura",18
"XGBOOST","PA2","allRun",NA,"Corambeobscura",NA,"corambe_obscura",18
"RF","PA3","RUN1",0.159,"Corambeobscura",0.864,"corambe_obscura",18
"MAXNET","PA3","RUN1",0.75,"Corambeobscura",0.977,"corambe_obscura",18
"MARS","PA3","RUN1",0.659,"Corambeobscura",0.807,"corambe_obscura",18
"GAM","PA3","RUN1",-0.114,"Corambeobscura",0.523,"corambe_obscura",18
"XGBOOST","PA3","RUN1",0.5,"Corambeobscura",0.83,"corambe_obscura",18
"RF","PA3","RUN2",0.333,"Corambeobscura",0.97,"corambe_obscura",18
"MAXNET","PA3","RUN2",0.242,"Corambeobscura",0.879,"corambe_obscura",18
"MARS","PA3","RUN2",0.333,"Corambeobscura",0.667,"corambe_obscura",18
"GAM","PA3","RUN2",0.909,"Corambeobscura",0.955,"corambe_obscura",18
"XGBOOST","PA3","RUN2",0.333,"Corambeobscura",1,"corambe_obscura",18
"RF","PA3","RUN3",0.65,"Corambeobscura",0.838,"corambe_obscura",18
"MAXNET","PA3","RUN3",0.8,"Corambeobscura",0.95,"corambe_obscura",18
"MARS","PA3","RUN3",0.7,"Corambeobscura",0.85,"corambe_obscura",18
"GAM","PA3","RUN3",0.55,"Corambeobscura",0.775,"corambe_obscura",18
"XGBOOST","PA3","RUN3",0.8,"Corambeobscura",0.95,"corambe_obscura",18
"RF","PA3","RUN4",0.909,"Corambeobscura",1,"corambe_obscura",18
"MAXNET","PA3","RUN4",0.909,"Corambeobscura",0.97,"corambe_obscura",18
"MARS","PA3","RUN4",0.909,"Corambeobscura",0.97,"corambe_obscura",18
"GAM","PA3","RUN4",0.061,"Corambeobscura",0.53,"corambe_obscura",18
"XGBOOST","PA3","RUN4",0.909,"Corambeobscura",1,"corambe_obscura",18
"RF","PA3","RUN5",0.818,"Corambeobscura",0.932,"corambe_obscura",18
"MAXNET","PA3","RUN5",0.818,"Corambeobscura",0.955,"corambe_obscura",18
"MARS","PA3","RUN5",0.477,"Corambeobscura",0.739,"corambe_obscura",18
"GAM","PA3","RUN5",0.727,"Corambeobscura",0.864,"corambe_obscura",18
"XGBOOST","PA3","RUN5",0.568,"Corambeobscura",0.932,"corambe_obscura",18
"RF","PA3","allRun",NA,"Corambeobscura",NA,"corambe_obscura",18
"MAXNET","PA3","allRun",NA,"Corambeobscura",NA,"corambe_obscura",18
"MARS","PA3","allRun",NA,"Corambeobscura",NA,"corambe_obscura",18
"GAM","PA3","allRun",NA,"Corambeobscura",NA,"corambe_obscura",18
"XGBOOST","PA3","allRun",NA,"Corambeobscura",NA,"corambe_obscura",18
"RF","allData","allRun",NA,"Corambeobscura",NA,"corambe_obscura",18
"MAXNET","allData","allRun",NA,"Corambeobscura",NA,"corambe_obscura",18
"MARS","allData","allRun",NA,"Corambeobscura",NA,"corambe_obscura",18
"GAM","allData","allRun",NA,"Corambeobscura",NA,"corambe_obscura",18
"XGBOOST","allData","allRun",NA,"Corambeobscura",NA,"corambe_obscura",18
"RF","PA1","RUN1",0.752,"Cordylophoracaspia",0.952,"cordylophora_caspia",296
"MAXNET","PA1","RUN1",0.763,"Cordylophoracaspia",0.943,"cordylophora_caspia",296
"MARS","PA1","RUN1",0.713,"Cordylophoracaspia",0.946,"cordylophora_caspia",296
"GAM","PA1","RUN1",0.723,"Cordylophoracaspia",0.935,"cordylophora_caspia",296
"XGBOOST","PA1","RUN1",0.758,"Cordylophoracaspia",0.933,"cordylophora_caspia",296
"RF","PA1","RUN2",0.774,"Cordylophoracaspia",0.959,"cordylophora_caspia",296
"MAXNET","PA1","RUN2",0.797,"Cordylophoracaspia",0.959,"cordylophora_caspia",296
"MARS","PA1","RUN2",0.746,"Cordylophoracaspia",0.945,"cordylophora_caspia",296
"GAM","PA1","RUN2",0.729,"Cordylophoracaspia",0.955,"cordylophora_caspia",296
"XGBOOST","PA1","RUN2",0.751,"Cordylophoracaspia",0.955,"cordylophora_caspia",296
"RF","PA1","RUN3",0.777,"Cordylophoracaspia",0.956,"cordylophora_caspia",296
"MAXNET","PA1","RUN3",0.788,"Cordylophoracaspia",0.953,"cordylophora_caspia",296
"MARS","PA1","RUN3",0.743,"Cordylophoracaspia",0.929,"cordylophora_caspia",296
"GAM","PA1","RUN3",0.699,"Cordylophoracaspia",0.928,"cordylophora_caspia",296
"XGBOOST","PA1","RUN3",0.748,"Cordylophoracaspia",0.946,"cordylophora_caspia",296
"RF","PA1","RUN4",0.808,"Cordylophoracaspia",0.979,"cordylophora_caspia",296
"MAXNET","PA1","RUN4",0.825,"Cordylophoracaspia",0.971,"cordylophora_caspia",296
"MARS","PA1","RUN4",0.814,"Cordylophoracaspia",0.971,"cordylophora_caspia",296
"GAM","PA1","RUN4",0.757,"Cordylophoracaspia",0.95,"cordylophora_caspia",296
"XGBOOST","PA1","RUN4",0.785,"Cordylophoracaspia",0.964,"cordylophora_caspia",296
"RF","PA1","RUN5",0.627,"Cordylophoracaspia",0.918,"cordylophora_caspia",296
"MAXNET","PA1","RUN5",0.662,"Cordylophoracaspia",0.931,"cordylophora_caspia",296
"MARS","PA1","RUN5",0.65,"Cordylophoracaspia",0.933,"cordylophora_caspia",296
"GAM","PA1","RUN5",0.661,"Cordylophoracaspia",0.912,"cordylophora_caspia",296
"XGBOOST","PA1","RUN5",0.577,"Cordylophoracaspia",0.906,"cordylophora_caspia",296
"RF","PA1","allRun",NA,"Cordylophoracaspia",NA,"cordylophora_caspia",296
"MAXNET","PA1","allRun",NA,"Cordylophoracaspia",NA,"cordylophora_caspia",296
"MARS","PA1","allRun",NA,"Cordylophoracaspia",NA,"cordylophora_caspia",296
"GAM","PA1","allRun",NA,"Cordylophoracaspia",NA,"cordylophora_caspia",296
"XGBOOST","PA1","allRun",NA,"Cordylophoracaspia",NA,"cordylophora_caspia",296
"RF","PA2","RUN1",0.673,"Cordylophoracaspia",0.952,"cordylophora_caspia",296
"MAXNET","PA2","RUN1",0.701,"Cordylophoracaspia",0.946,"cordylophora_caspia",296
"MARS","PA2","RUN1",0.656,"Cordylophoracaspia",0.927,"cordylophora_caspia",296
"GAM","PA2","RUN1",0.684,"Cordylophoracaspia",0.939,"cordylophora_caspia",296
"XGBOOST","PA2","RUN1",0.701,"Cordylophoracaspia",0.93,"cordylophora_caspia",296
"RF","PA2","RUN2",0.802,"Cordylophoracaspia",0.972,"cordylophora_caspia",296
"MAXNET","PA2","RUN2",0.78,"Cordylophoracaspia",0.966,"cordylophora_caspia",296
"MARS","PA2","RUN2",0.734,"Cordylophoracaspia",0.95,"cordylophora_caspia",296
"GAM","PA2","RUN2",0.791,"Cordylophoracaspia",0.954,"cordylophora_caspia",296
"XGBOOST","PA2","RUN2",0.763,"Cordylophoracaspia",0.952,"cordylophora_caspia",296
"RF","PA2","RUN3",0.716,"Cordylophoracaspia",0.962,"cordylophora_caspia",296
"MAXNET","PA2","RUN3",0.681,"Cordylophoracaspia",0.948,"cordylophora_caspia",296
"MARS","PA2","RUN3",0.642,"Cordylophoracaspia",0.94,"cordylophora_caspia",296
"GAM","PA2","RUN3",0.704,"Cordylophoracaspia",0.936,"cordylophora_caspia",296
"XGBOOST","PA2","RUN3",0.738,"Cordylophoracaspia",0.943,"cordylophora_caspia",296
"RF","PA2","RUN4",0.802,"Cordylophoracaspia",0.958,"cordylophora_caspia",296
"MAXNET","PA2","RUN4",0.78,"Cordylophoracaspia",0.958,"cordylophora_caspia",296
"MARS","PA2","RUN4",0.751,"Cordylophoracaspia",0.952,"cordylophora_caspia",296
"GAM","PA2","RUN4",0.78,"Cordylophoracaspia",0.939,"cordylophora_caspia",296
"XGBOOST","PA2","RUN4",0.746,"Cordylophoracaspia",0.941,"cordylophora_caspia",296
"RF","PA2","RUN5",0.712,"Cordylophoracaspia",0.953,"cordylophora_caspia",296
"MAXNET","PA2","RUN5",0.679,"Cordylophoracaspia",0.932,"cordylophora_caspia",296
"MARS","PA2","RUN5",0.684,"Cordylophoracaspia",0.929,"cordylophora_caspia",296
"GAM","PA2","RUN5",0.684,"Cordylophoracaspia",0.926,"cordylophora_caspia",296
"XGBOOST","PA2","RUN5",0.667,"Cordylophoracaspia",0.929,"cordylophora_caspia",296
"RF","PA2","allRun",NA,"Cordylophoracaspia",NA,"cordylophora_caspia",296
"MAXNET","PA2","allRun",NA,"Cordylophoracaspia",NA,"cordylophora_caspia",296
"MARS","PA2","allRun",NA,"Cordylophoracaspia",NA,"cordylophora_caspia",296
"GAM","PA2","allRun",NA,"Cordylophoracaspia",NA,"cordylophora_caspia",296
"XGBOOST","PA2","allRun",NA,"Cordylophoracaspia",NA,"cordylophora_caspia",296
"RF","PA3","RUN1",0.904,"Cordylophoracaspia",0.986,"cordylophora_caspia",296
"MAXNET","PA3","RUN1",0.899,"Cordylophoracaspia",0.977,"cordylophora_caspia",296
"MARS","PA3","RUN1",0.786,"Cordylophoracaspia",0.979,"cordylophora_caspia",296
"GAM","PA3","RUN1",0.792,"Cordylophoracaspia",0.972,"cordylophora_caspia",296
"XGBOOST","PA3","RUN1",0.826,"Cordylophoracaspia",0.96,"cordylophora_caspia",296
"RF","PA3","RUN2",0.774,"Cordylophoracaspia",0.971,"cordylophora_caspia",296
"MAXNET","PA3","RUN2",0.74,"Cordylophoracaspia",0.968,"cordylophora_caspia",296
"MARS","PA3","RUN2",0.729,"Cordylophoracaspia",0.955,"cordylophora_caspia",296
"GAM","PA3","RUN2",0.712,"Cordylophoracaspia",0.938,"cordylophora_caspia",296
"XGBOOST","PA3","RUN2",0.774,"Cordylophoracaspia",0.961,"cordylophora_caspia",296
"RF","PA3","RUN3",0.689,"Cordylophoracaspia",0.952,"cordylophora_caspia",296
"MAXNET","PA3","RUN3",0.733,"Cordylophoracaspia",0.955,"cordylophora_caspia",296
"MARS","PA3","RUN3",0.76,"Cordylophoracaspia",0.949,"cordylophora_caspia",296
"GAM","PA3","RUN3",0.694,"Cordylophoracaspia",0.949,"cordylophora_caspia",296
"XGBOOST","PA3","RUN3",0.671,"Cordylophoracaspia",0.94,"cordylophora_caspia",296
"RF","PA3","RUN4",0.791,"Cordylophoracaspia",0.97,"cordylophora_caspia",296
"MAXNET","PA3","RUN4",0.831,"Cordylophoracaspia",0.959,"cordylophora_caspia",296
"MARS","PA3","RUN4",0.734,"Cordylophoracaspia",0.952,"cordylophora_caspia",296
"GAM","PA3","RUN4",0.751,"Cordylophoracaspia",0.95,"cordylophora_caspia",296
"XGBOOST","PA3","RUN4",0.808,"Cordylophoracaspia",0.942,"cordylophora_caspia",296
"RF","PA3","RUN5",0.701,"Cordylophoracaspia",0.925,"cordylophora_caspia",296
"MAXNET","PA3","RUN5",0.707,"Cordylophoracaspia",0.927,"cordylophora_caspia",296
"MARS","PA3","RUN5",0.645,"Cordylophoracaspia",0.902,"cordylophora_caspia",296
"GAM","PA3","RUN5",0.667,"Cordylophoracaspia",0.904,"cordylophora_caspia",296
"XGBOOST","PA3","RUN5",0.651,"Cordylophoracaspia",0.908,"cordylophora_caspia",296
"RF","PA3","allRun",NA,"Cordylophoracaspia",NA,"cordylophora_caspia",296
"MAXNET","PA3","allRun",NA,"Cordylophoracaspia",NA,"cordylophora_caspia",296
"MARS","PA3","allRun",NA,"Cordylophoracaspia",NA,"cordylophora_caspia",296
"GAM","PA3","allRun",NA,"Cordylophoracaspia",NA,"cordylophora_caspia",296
"XGBOOST","PA3","allRun",NA,"Cordylophoracaspia",NA,"cordylophora_caspia",296
"RF","allData","allRun",NA,"Cordylophoracaspia",NA,"cordylophora_caspia",296
"MAXNET","allData","allRun",NA,"Cordylophoracaspia",NA,"cordylophora_caspia",296
"MARS","allData","allRun",NA,"Cordylophoracaspia",NA,"cordylophora_caspia",296
"GAM","allData","allRun",NA,"Cordylophoracaspia",NA,"cordylophora_caspia",296
"XGBOOST","allData","allRun",NA,"Cordylophoracaspia",NA,"cordylophora_caspia",296
"RF","PA1","RUN1",0.735,"Corellaeumyota",0.938,"corella_eumyota",118
"MAXNET","PA1","RUN1",0.721,"Corellaeumyota",0.933,"corella_eumyota",118
"MARS","PA1","RUN1",0.721,"Corellaeumyota",0.911,"corella_eumyota",118
"GAM","PA1","RUN1",0.748,"Corellaeumyota",0.925,"corella_eumyota",118
"XGBOOST","PA1","RUN1",0.692,"Corellaeumyota",0.919,"corella_eumyota",118
"RF","PA1","RUN2",0.684,"Corellaeumyota",0.93,"corella_eumyota",118
"MAXNET","PA1","RUN2",0.802,"Corellaeumyota",0.949,"corella_eumyota",118
"MARS","PA1","RUN2",0.643,"Corellaeumyota",0.91,"corella_eumyota",118
"GAM","PA1","RUN2",0.541,"Corellaeumyota",0.913,"corella_eumyota",118
"XGBOOST","PA1","RUN2",0.672,"Corellaeumyota",0.899,"corella_eumyota",118
"RF","PA1","RUN3",0.761,"Corellaeumyota",0.969,"corella_eumyota",118
"MAXNET","PA1","RUN3",0.83,"Corellaeumyota",0.955,"corella_eumyota",118
"MARS","PA1","RUN3",0.786,"Corellaeumyota",0.935,"corella_eumyota",118
"GAM","PA1","RUN3",0.773,"Corellaeumyota",0.943,"corella_eumyota",118
"XGBOOST","PA1","RUN3",0.731,"Corellaeumyota",0.948,"corella_eumyota",118
"RF","PA1","RUN4",0.754,"Corellaeumyota",0.979,"corella_eumyota",118
"MAXNET","PA1","RUN4",0.841,"Corellaeumyota",0.943,"corella_eumyota",118
"MARS","PA1","RUN4",0.872,"Corellaeumyota",0.971,"corella_eumyota",118
"GAM","PA1","RUN4",0.871,"Corellaeumyota",0.949,"corella_eumyota",118
"XGBOOST","PA1","RUN4",0.827,"Corellaeumyota",0.968,"corella_eumyota",118
"RF","PA1","RUN5",0.888,"Corellaeumyota",0.969,"corella_eumyota",118
"MAXNET","PA1","RUN5",0.888,"Corellaeumyota",0.968,"corella_eumyota",118
"MARS","PA1","RUN5",0.86,"Corellaeumyota",0.941,"corella_eumyota",118
"GAM","PA1","RUN5",0.901,"Corellaeumyota",0.978,"corella_eumyota",118
"XGBOOST","PA1","RUN5",0.902,"Corellaeumyota",0.947,"corella_eumyota",118
"RF","PA1","allRun",NA,"Corellaeumyota",NA,"corella_eumyota",118
"MAXNET","PA1","allRun",NA,"Corellaeumyota",NA,"corella_eumyota",118
"MARS","PA1","allRun",NA,"Corellaeumyota",NA,"corella_eumyota",118
"GAM","PA1","allRun",NA,"Corellaeumyota",NA,"corella_eumyota",118
"XGBOOST","PA1","allRun",NA,"Corellaeumyota",NA,"corella_eumyota",118
"RF","PA2","RUN1",0.693,"Corellaeumyota",0.926,"corella_eumyota",118
"MAXNET","PA2","RUN1",0.86,"Corellaeumyota",0.963,"corella_eumyota",118
"MARS","PA2","RUN1",0.664,"Corellaeumyota",0.928,"corella_eumyota",118
"GAM","PA2","RUN1",0.707,"Corellaeumyota",0.939,"corella_eumyota",118
"XGBOOST","PA2","RUN1",0.623,"Corellaeumyota",0.913,"corella_eumyota",118
"RF","PA2","RUN2",0.756,"Corellaeumyota",0.934,"corella_eumyota",118
"MAXNET","PA2","RUN2",0.785,"Corellaeumyota",0.908,"corella_eumyota",118
"MARS","PA2","RUN2",0.743,"Corellaeumyota",0.903,"corella_eumyota",118
"GAM","PA2","RUN2",0.829,"Corellaeumyota",0.937,"corella_eumyota",118
"XGBOOST","PA2","RUN2",0.786,"Corellaeumyota",0.929,"corella_eumyota",118
"RF","PA2","RUN3",0.762,"Corellaeumyota",0.981,"corella_eumyota",118
"MAXNET","PA2","RUN3",0.845,"Corellaeumyota",0.977,"corella_eumyota",118
"MARS","PA2","RUN3",0.731,"Corellaeumyota",0.974,"corella_eumyota",118
"GAM","PA2","RUN3",0.829,"Corellaeumyota",0.979,"corella_eumyota",118
"XGBOOST","PA2","RUN3",0.86,"Corellaeumyota",0.965,"corella_eumyota",118
"RF","PA2","RUN4",0.771,"Corellaeumyota",0.948,"corella_eumyota",118
"MAXNET","PA2","RUN4",0.799,"Corellaeumyota",0.955,"corella_eumyota",118
"MARS","PA2","RUN4",0.729,"Corellaeumyota",0.913,"corella_eumyota",118
"GAM","PA2","RUN4",0.744,"Corellaeumyota",0.932,"corella_eumyota",118
"XGBOOST","PA2","RUN4",0.757,"Corellaeumyota",0.933,"corella_eumyota",118
"RF","PA2","RUN5",0.805,"Corellaeumyota",0.951,"corella_eumyota",118
"MAXNET","PA2","RUN5",0.804,"Corellaeumyota",0.939,"corella_eumyota",118
"MARS","PA2","RUN5",0.707,"Corellaeumyota",0.919,"corella_eumyota",118
"GAM","PA2","RUN5",0.846,"Corellaeumyota",0.958,"corella_eumyota",118
"XGBOOST","PA2","RUN5",0.804,"Corellaeumyota",0.933,"corella_eumyota",118
"RF","PA2","allRun",NA,"Corellaeumyota",NA,"corella_eumyota",118
"MAXNET","PA2","allRun",NA,"Corellaeumyota",NA,"corella_eumyota",118
"MARS","PA2","allRun",NA,"Corellaeumyota",NA,"corella_eumyota",118
"GAM","PA2","allRun",NA,"Corellaeumyota",NA,"corella_eumyota",118
"XGBOOST","PA2","allRun",NA,"Corellaeumyota",NA,"corella_eumyota",118
"RF","PA3","RUN1",0.652,"Corellaeumyota",0.942,"corella_eumyota",118
"MAXNET","PA3","RUN1",0.735,"Corellaeumyota",0.928,"corella_eumyota",118
"MARS","PA3","RUN1",0.874,"Corellaeumyota",0.959,"corella_eumyota",118
"GAM","PA3","RUN1",0.818,"Corellaeumyota",0.946,"corella_eumyota",118
"XGBOOST","PA3","RUN1",0.54,"Corellaeumyota",0.903,"corella_eumyota",118
"RF","PA3","RUN2",0.742,"Corellaeumyota",0.96,"corella_eumyota",118
"MAXNET","PA3","RUN2",0.785,"Corellaeumyota",0.95,"corella_eumyota",118
"MARS","PA3","RUN2",0.684,"Corellaeumyota",0.879,"corella_eumyota",118
"GAM","PA3","RUN2",0.715,"Corellaeumyota",0.934,"corella_eumyota",118
"XGBOOST","PA3","RUN2",0.786,"Corellaeumyota",0.93,"corella_eumyota",118
"RF","PA3","RUN3",0.874,"Corellaeumyota",0.953,"corella_eumyota",118
"MAXNET","PA3","RUN3",0.86,"Corellaeumyota",0.938,"corella_eumyota",118
"MARS","PA3","RUN3",0.804,"Corellaeumyota",0.956,"corella_eumyota",118
"GAM","PA3","RUN3",0.831,"Corellaeumyota",0.959,"corella_eumyota",118
"XGBOOST","PA3","RUN3",0.789,"Corellaeumyota",0.95,"corella_eumyota",118
"RF","PA3","RUN4",0.697,"Corellaeumyota",0.965,"corella_eumyota",118
"MAXNET","PA3","RUN4",0.799,"Corellaeumyota",0.977,"corella_eumyota",118
"MARS","PA3","RUN4",0.771,"Corellaeumyota",0.966,"corella_eumyota",118
"GAM","PA3","RUN4",0.799,"Corellaeumyota",0.973,"corella_eumyota",118
"XGBOOST","PA3","RUN4",0.669,"Corellaeumyota",0.947,"corella_eumyota",118
"RF","PA3","RUN5",0.887,"Corellaeumyota",0.974,"corella_eumyota",118
"MAXNET","PA3","RUN5",0.887,"Corellaeumyota",0.985,"corella_eumyota",118
"MARS","PA3","RUN5",0.831,"Corellaeumyota",0.974,"corella_eumyota",118
"GAM","PA3","RUN5",0.859,"Corellaeumyota",0.967,"corella_eumyota",118
"XGBOOST","PA3","RUN5",0.887,"Corellaeumyota",0.945,"corella_eumyota",118
"RF","PA3","allRun",NA,"Corellaeumyota",NA,"corella_eumyota",118
"MAXNET","PA3","allRun",NA,"Corellaeumyota",NA,"corella_eumyota",118
"MARS","PA3","allRun",NA,"Corellaeumyota",NA,"corella_eumyota",118
"GAM","PA3","allRun",NA,"Corellaeumyota",NA,"corella_eumyota",118
"XGBOOST","PA3","allRun",NA,"Corellaeumyota",NA,"corella_eumyota",118
"RF","allData","allRun",NA,"Corellaeumyota",NA,"corella_eumyota",118
"MAXNET","allData","allRun",NA,"Corellaeumyota",NA,"corella_eumyota",118
"MARS","allData","allRun",NA,"Corellaeumyota",NA,"corella_eumyota",118
"GAM","allData","allRun",NA,"Corellaeumyota",NA,"corella_eumyota",118
"XGBOOST","allData","allRun",NA,"Corellaeumyota",NA,"corella_eumyota",118
"RF","PA1","RUN1",0.843,"Crepidulafornicata",0.976,"crepidula_fornicata",829
"MAXNET","PA1","RUN1",0.827,"Crepidulafornicata",0.969,"crepidula_fornicata",829
"MARS","PA1","RUN1",0.849,"Crepidulafornicata",0.968,"crepidula_fornicata",829
"GAM","PA1","RUN1",0.825,"Crepidulafornicata",0.949,"crepidula_fornicata",829
"XGBOOST","PA1","RUN1",0.755,"Crepidulafornicata",0.933,"crepidula_fornicata",829
"RF","PA1","RUN2",0.849,"Crepidulafornicata",0.979,"crepidula_fornicata",829
"MAXNET","PA1","RUN2",0.849,"Crepidulafornicata",0.97,"crepidula_fornicata",829
"MARS","PA1","RUN2",0.819,"Crepidulafornicata",0.968,"crepidula_fornicata",829
"GAM","PA1","RUN2",0.821,"Crepidulafornicata",0.96,"crepidula_fornicata",829
"XGBOOST","PA1","RUN2",0.793,"Crepidulafornicata",0.949,"crepidula_fornicata",829
"RF","PA1","RUN3",0.847,"Crepidulafornicata",0.985,"crepidula_fornicata",829
"MAXNET","PA1","RUN3",0.806,"Crepidulafornicata",0.974,"crepidula_fornicata",829
"MARS","PA1","RUN3",0.807,"Crepidulafornicata",0.974,"crepidula_fornicata",829
"GAM","PA1","RUN3",0.768,"Crepidulafornicata",0.956,"crepidula_fornicata",829
"XGBOOST","PA1","RUN3",0.734,"Crepidulafornicata",0.944,"crepidula_fornicata",829
"RF","PA1","RUN4",0.891,"Crepidulafornicata",0.985,"crepidula_fornicata",829
"MAXNET","PA1","RUN4",0.851,"Crepidulafornicata",0.981,"crepidula_fornicata",829
"MARS","PA1","RUN4",0.845,"Crepidulafornicata",0.98,"crepidula_fornicata",829
"GAM","PA1","RUN4",0.821,"Crepidulafornicata",0.967,"crepidula_fornicata",829
"XGBOOST","PA1","RUN4",0.783,"Crepidulafornicata",0.951,"crepidula_fornicata",829
"RF","PA1","RUN5",0.835,"Crepidulafornicata",0.977,"crepidula_fornicata",829
"MAXNET","PA1","RUN5",0.771,"Crepidulafornicata",0.959,"crepidula_fornicata",829
"MARS","PA1","RUN5",0.799,"Crepidulafornicata",0.96,"crepidula_fornicata",829
"GAM","PA1","RUN5",0.769,"Crepidulafornicata",0.946,"crepidula_fornicata",829
"XGBOOST","PA1","RUN5",0.767,"Crepidulafornicata",0.937,"crepidula_fornicata",829
"RF","PA1","allRun",NA,"Crepidulafornicata",NA,"crepidula_fornicata",829
"MAXNET","PA1","allRun",NA,"Crepidulafornicata",NA,"crepidula_fornicata",829
"MARS","PA1","allRun",NA,"Crepidulafornicata",NA,"crepidula_fornicata",829
"GAM","PA1","allRun",NA,"Crepidulafornicata",NA,"crepidula_fornicata",829
"XGBOOST","PA1","allRun",NA,"Crepidulafornicata",NA,"crepidula_fornicata",829
"RF","PA2","RUN1",0.871,"Crepidulafornicata",0.976,"crepidula_fornicata",829
"MAXNET","PA2","RUN1",0.801,"Crepidulafornicata",0.962,"crepidula_fornicata",829
"MARS","PA2","RUN1",0.779,"Crepidulafornicata",0.954,"crepidula_fornicata",829
"GAM","PA2","RUN1",0.773,"Crepidulafornicata",0.952,"crepidula_fornicata",829
"XGBOOST","PA2","RUN1",0.747,"Crepidulafornicata",0.934,"crepidula_fornicata",829
"RF","PA2","RUN2",0.855,"Crepidulafornicata",0.986,"crepidula_fornicata",829
"MAXNET","PA2","RUN2",0.845,"Crepidulafornicata",0.979,"crepidula_fornicata",829
"MARS","PA2","RUN2",0.849,"Crepidulafornicata",0.974,"crepidula_fornicata",829
"GAM","PA2","RUN2",0.825,"Crepidulafornicata",0.974,"crepidula_fornicata",829
"XGBOOST","PA2","RUN2",0.811,"Crepidulafornicata",0.963,"crepidula_fornicata",829
"RF","PA2","RUN3",0.885,"Crepidulafornicata",0.986,"crepidula_fornicata",829
"MAXNET","PA2","RUN3",0.861,"Crepidulafornicata",0.98,"crepidula_fornicata",829
"MARS","PA2","RUN3",0.839,"Crepidulafornicata",0.978,"crepidula_fornicata",829
"GAM","PA2","RUN3",0.823,"Crepidulafornicata",0.957,"crepidula_fornicata",829
"XGBOOST","PA2","RUN3",0.78,"Crepidulafornicata",0.951,"crepidula_fornicata",829
"RF","PA2","RUN4",0.835,"Crepidulafornicata",0.978,"crepidula_fornicata",829
"MAXNET","PA2","RUN4",0.795,"Crepidulafornicata",0.961,"crepidula_fornicata",829
"MARS","PA2","RUN4",0.781,"Crepidulafornicata",0.962,"crepidula_fornicata",829
"GAM","PA2","RUN4",0.783,"Crepidulafornicata",0.956,"crepidula_fornicata",829
"XGBOOST","PA2","RUN4",0.765,"Crepidulafornicata",0.938,"crepidula_fornicata",829
"RF","PA2","RUN5",0.859,"Crepidulafornicata",0.979,"crepidula_fornicata",829
"MAXNET","PA2","RUN5",0.811,"Crepidulafornicata",0.97,"crepidula_fornicata",829
"MARS","PA2","RUN5",0.799,"Crepidulafornicata",0.968,"crepidula_fornicata",829
"GAM","PA2","RUN5",0.803,"Crepidulafornicata",0.954,"crepidula_fornicata",829
"XGBOOST","PA2","RUN5",0.773,"Crepidulafornicata",0.948,"crepidula_fornicata",829
"RF","PA2","allRun",NA,"Crepidulafornicata",NA,"crepidula_fornicata",829
"MAXNET","PA2","allRun",NA,"Crepidulafornicata",NA,"crepidula_fornicata",829
"MARS","PA2","allRun",NA,"Crepidulafornicata",NA,"crepidula_fornicata",829
"GAM","PA2","allRun",NA,"Crepidulafornicata",NA,"crepidula_fornicata",829
"XGBOOST","PA2","allRun",NA,"Crepidulafornicata",NA,"crepidula_fornicata",829
"RF","PA3","RUN1",0.831,"Crepidulafornicata",0.981,"crepidula_fornicata",829
"MAXNET","PA3","RUN1",0.803,"Crepidulafornicata",0.968,"crepidula_fornicata",829
"MARS","PA3","RUN1",0.823,"Crepidulafornicata",0.973,"crepidula_fornicata",829
"GAM","PA3","RUN1",0.769,"Crepidulafornicata",0.953,"crepidula_fornicata",829
"XGBOOST","PA3","RUN1",0.787,"Crepidulafornicata",0.952,"crepidula_fornicata",829
"RF","PA3","RUN2",0.829,"Crepidulafornicata",0.973,"crepidula_fornicata",829
"MAXNET","PA3","RUN2",0.831,"Crepidulafornicata",0.967,"crepidula_fornicata",829
"MARS","PA3","RUN2",0.829,"Crepidulafornicata",0.963,"crepidula_fornicata",829
"GAM","PA3","RUN2",0.811,"Crepidulafornicata",0.952,"crepidula_fornicata",829
"XGBOOST","PA3","RUN2",0.725,"Crepidulafornicata",0.938,"crepidula_fornicata",829
"RF","PA3","RUN3",0.875,"Crepidulafornicata",0.986,"crepidula_fornicata",829
"MAXNET","PA3","RUN3",0.759,"Crepidulafornicata",0.959,"crepidula_fornicata",829
"MARS","PA3","RUN3",0.789,"Crepidulafornicata",0.966,"crepidula_fornicata",829
"GAM","PA3","RUN3",0.746,"Crepidulafornicata",0.944,"crepidula_fornicata",829
"XGBOOST","PA3","RUN3",0.765,"Crepidulafornicata",0.938,"crepidula_fornicata",829
"RF","PA3","RUN4",0.851,"Crepidulafornicata",0.981,"crepidula_fornicata",829
"MAXNET","PA3","RUN4",0.817,"Crepidulafornicata",0.971,"crepidula_fornicata",829
"MARS","PA3","RUN4",0.807,"Crepidulafornicata",0.964,"crepidula_fornicata",829
"GAM","PA3","RUN4",0.779,"Crepidulafornicata",0.953,"crepidula_fornicata",829
"XGBOOST","PA3","RUN4",0.737,"Crepidulafornicata",0.946,"crepidula_fornicata",829
"RF","PA3","RUN5",0.885,"Crepidulafornicata",0.981,"crepidula_fornicata",829
"MAXNET","PA3","RUN5",0.823,"Crepidulafornicata",0.971,"crepidula_fornicata",829
"MARS","PA3","RUN5",0.835,"Crepidulafornicata",0.967,"crepidula_fornicata",829
"GAM","PA3","RUN5",0.793,"Crepidulafornicata",0.956,"crepidula_fornicata",829
"XGBOOST","PA3","RUN5",0.765,"Crepidulafornicata",0.951,"crepidula_fornicata",829
"RF","PA3","allRun",NA,"Crepidulafornicata",NA,"crepidula_fornicata",829
"MAXNET","PA3","allRun",NA,"Crepidulafornicata",NA,"crepidula_fornicata",829
"MARS","PA3","allRun",NA,"Crepidulafornicata",NA,"crepidula_fornicata",829
"GAM","PA3","allRun",NA,"Crepidulafornicata",NA,"crepidula_fornicata",829
"XGBOOST","PA3","allRun",NA,"Crepidulafornicata",NA,"crepidula_fornicata",829
"RF","allData","allRun",NA,"Crepidulafornicata",NA,"crepidula_fornicata",829
"MAXNET","allData","allRun",NA,"Crepidulafornicata",NA,"crepidula_fornicata",829
"MARS","allData","allRun",NA,"Crepidulafornicata",NA,"crepidula_fornicata",829
"GAM","allData","allRun",NA,"Crepidulafornicata",NA,"crepidula_fornicata",829
"XGBOOST","allData","allRun",NA,"Crepidulafornicata",NA,"crepidula_fornicata",829
"RF","PA1","RUN1",0.809,"Cutleriamultifida",0.959,"cutleria_multifida",174
"MAXNET","PA1","RUN1",0.875,"Cutleriamultifida",0.965,"cutleria_multifida",174
"MARS","PA1","RUN1",0.875,"Cutleriamultifida",0.967,"cutleria_multifida",174
"GAM","PA1","RUN1",0.789,"Cutleriamultifida",0.914,"cutleria_multifida",174
"XGBOOST","PA1","RUN1",0.789,"Cutleriamultifida",0.935,"cutleria_multifida",174
"RF","PA1","RUN2",0.695,"Cutleriamultifida",0.942,"cutleria_multifida",174
"MAXNET","PA1","RUN2",0.79,"Cutleriamultifida",0.943,"cutleria_multifida",174
"MARS","PA1","RUN2",0.762,"Cutleriamultifida",0.914,"cutleria_multifida",174
"GAM","PA1","RUN2",0.781,"Cutleriamultifida",0.938,"cutleria_multifida",174
"XGBOOST","PA1","RUN2",0.724,"Cutleriamultifida",0.925,"cutleria_multifida",174
"RF","PA1","RUN3",0.756,"Cutleriamultifida",0.957,"cutleria_multifida",174
"MAXNET","PA1","RUN3",0.786,"Cutleriamultifida",0.963,"cutleria_multifida",174
"MARS","PA1","RUN3",0.864,"Cutleriamultifida",0.96,"cutleria_multifida",174
"GAM","PA1","RUN3",0.806,"Cutleriamultifida",0.956,"cutleria_multifida",174
"XGBOOST","PA1","RUN3",0.796,"Cutleriamultifida",0.966,"cutleria_multifida",174
"RF","PA1","RUN4",0.743,"Cutleriamultifida",0.898,"cutleria_multifida",174
"MAXNET","PA1","RUN4",0.714,"Cutleriamultifida",0.907,"cutleria_multifida",174
"MARS","PA1","RUN4",0.676,"Cutleriamultifida",0.895,"cutleria_multifida",174
"GAM","PA1","RUN4",0.695,"Cutleriamultifida",0.89,"cutleria_multifida",174
"XGBOOST","PA1","RUN4",0.562,"Cutleriamultifida",0.869,"cutleria_multifida",174
"RF","PA1","RUN5",0.752,"Cutleriamultifida",0.966,"cutleria_multifida",174
"MAXNET","PA1","RUN5",0.847,"Cutleriamultifida",0.964,"cutleria_multifida",174
"MARS","PA1","RUN5",0.79,"Cutleriamultifida",0.945,"cutleria_multifida",174
"GAM","PA1","RUN5",0.904,"Cutleriamultifida",0.959,"cutleria_multifida",174
"XGBOOST","PA1","RUN5",0.827,"Cutleriamultifida",0.943,"cutleria_multifida",174
"RF","PA1","allRun",NA,"Cutleriamultifida",NA,"cutleria_multifida",174
"MAXNET","PA1","allRun",NA,"Cutleriamultifida",NA,"cutleria_multifida",174
"MARS","PA1","allRun",NA,"Cutleriamultifida",NA,"cutleria_multifida",174
"GAM","PA1","allRun",NA,"Cutleriamultifida",NA,"cutleria_multifida",174
"XGBOOST","PA1","allRun",NA,"Cutleriamultifida",NA,"cutleria_multifida",174
"RF","PA2","RUN1",0.59,"Cutleriamultifida",0.939,"cutleria_multifida",174
"MAXNET","PA2","RUN1",0.751,"Cutleriamultifida",0.931,"cutleria_multifida",174
"MARS","PA2","RUN1",0.751,"Cutleriamultifida",0.927,"cutleria_multifida",174
"GAM","PA2","RUN1",0.675,"Cutleriamultifida",0.93,"cutleria_multifida",174
"XGBOOST","PA2","RUN1",0.741,"Cutleriamultifida",0.936,"cutleria_multifida",174
"RF","PA2","RUN2",0.8,"Cutleriamultifida",0.974,"cutleria_multifida",174
"MAXNET","PA2","RUN2",0.848,"Cutleriamultifida",0.956,"cutleria_multifida",174
"MARS","PA2","RUN2",0.686,"Cutleriamultifida",0.926,"cutleria_multifida",174
"GAM","PA2","RUN2",0.771,"Cutleriamultifida",0.95,"cutleria_multifida",174
"XGBOOST","PA2","RUN2",0.714,"Cutleriamultifida",0.924,"cutleria_multifida",174
"RF","PA2","RUN3",0.815,"Cutleriamultifida",0.939,"cutleria_multifida",174
"MAXNET","PA2","RUN3",0.767,"Cutleriamultifida",0.939,"cutleria_multifida",174
"MARS","PA2","RUN3",0.787,"Cutleriamultifida",0.941,"cutleria_multifida",174
"GAM","PA2","RUN3",0.758,"Cutleriamultifida",0.94,"cutleria_multifida",174
"XGBOOST","PA2","RUN3",0.777,"Cutleriamultifida",0.92,"cutleria_multifida",174
"RF","PA2","RUN4",0.829,"Cutleriamultifida",0.964,"cutleria_multifida",174
"MAXNET","PA2","RUN4",0.771,"Cutleriamultifida",0.97,"cutleria_multifida",174
"MARS","PA2","RUN4",0.781,"Cutleriamultifida",0.95,"cutleria_multifida",174
"GAM","PA2","RUN4",0.876,"Cutleriamultifida",0.968,"cutleria_multifida",174
"XGBOOST","PA2","RUN4",0.8,"Cutleriamultifida",0.923,"cutleria_multifida",174
"RF","PA2","RUN5",0.856,"Cutleriamultifida",0.949,"cutleria_multifida",174
"MAXNET","PA2","RUN5",0.79,"Cutleriamultifida",0.958,"cutleria_multifida",174
"MARS","PA2","RUN5",0.827,"Cutleriamultifida",0.955,"cutleria_multifida",174
"GAM","PA2","RUN5",0.809,"Cutleriamultifida",0.94,"cutleria_multifida",174
"XGBOOST","PA2","RUN5",0.723,"Cutleriamultifida",0.938,"cutleria_multifida",174
"RF","PA2","allRun",NA,"Cutleriamultifida",NA,"cutleria_multifida",174
"MAXNET","PA2","allRun",NA,"Cutleriamultifida",NA,"cutleria_multifida",174
"MARS","PA2","allRun",NA,"Cutleriamultifida",NA,"cutleria_multifida",174
"GAM","PA2","allRun",NA,"Cutleriamultifida",NA,"cutleria_multifida",174
"XGBOOST","PA2","allRun",NA,"Cutleriamultifida",NA,"cutleria_multifida",174
"RF","PA3","RUN1",0.761,"Cutleriamultifida",0.969,"cutleria_multifida",174
"MAXNET","PA3","RUN1",0.751,"Cutleriamultifida",0.967,"cutleria_multifida",174
"MARS","PA3","RUN1",0.761,"Cutleriamultifida",0.958,"cutleria_multifida",174
"GAM","PA3","RUN1",0.808,"Cutleriamultifida",0.951,"cutleria_multifida",174
"XGBOOST","PA3","RUN1",0.79,"Cutleriamultifida",0.938,"cutleria_multifida",174
"RF","PA3","RUN2",0.762,"Cutleriamultifida",0.946,"cutleria_multifida",174
"MAXNET","PA3","RUN2",0.79,"Cutleriamultifida",0.932,"cutleria_multifida",174
"MARS","PA3","RUN2",0.8,"Cutleriamultifida",0.933,"cutleria_multifida",174
"GAM","PA3","RUN2",0.781,"Cutleriamultifida",0.927,"cutleria_multifida",174
"XGBOOST","PA3","RUN2",0.762,"Cutleriamultifida",0.917,"cutleria_multifida",174
"RF","PA3","RUN3",0.786,"Cutleriamultifida",0.94,"cutleria_multifida",174
"MAXNET","PA3","RUN3",0.766,"Cutleriamultifida",0.94,"cutleria_multifida",174
"MARS","PA3","RUN3",0.777,"Cutleriamultifida",0.929,"cutleria_multifida",174
"GAM","PA3","RUN3",0.777,"Cutleriamultifida",0.935,"cutleria_multifida",174
"XGBOOST","PA3","RUN3",0.718,"Cutleriamultifida",0.908,"cutleria_multifida",174
"RF","PA3","RUN4",0.8,"Cutleriamultifida",0.964,"cutleria_multifida",174
"MAXNET","PA3","RUN4",0.8,"Cutleriamultifida",0.97,"cutleria_multifida",174
"MARS","PA3","RUN4",0.8,"Cutleriamultifida",0.966,"cutleria_multifida",174
"GAM","PA3","RUN4",0.686,"Cutleriamultifida",0.927,"cutleria_multifida",174
"XGBOOST","PA3","RUN4",0.781,"Cutleriamultifida",0.935,"cutleria_multifida",174
"RF","PA3","RUN5",0.704,"Cutleriamultifida",0.95,"cutleria_multifida",174
"MAXNET","PA3","RUN5",0.751,"Cutleriamultifida",0.934,"cutleria_multifida",174
"MARS","PA3","RUN5",0.704,"Cutleriamultifida",0.913,"cutleria_multifida",174
"GAM","PA3","RUN5",0.674,"Cutleriamultifida",0.887,"cutleria_multifida",174
"XGBOOST","PA3","RUN5",0.741,"Cutleriamultifida",0.949,"cutleria_multifida",174
"RF","PA3","allRun",NA,"Cutleriamultifida",NA,"cutleria_multifida",174
"MAXNET","PA3","allRun",NA,"Cutleriamultifida",NA,"cutleria_multifida",174
"MARS","PA3","allRun",NA,"Cutleriamultifida",NA,"cutleria_multifida",174
"GAM","PA3","allRun",NA,"Cutleriamultifida",NA,"cutleria_multifida",174
"XGBOOST","PA3","allRun",NA,"Cutleriamultifida",NA,"cutleria_multifida",174
"RF","allData","allRun",NA,"Cutleriamultifida",NA,"cutleria_multifida",174
"MAXNET","allData","allRun",NA,"Cutleriamultifida",NA,"cutleria_multifida",174
"MARS","allData","allRun",NA,"Cutleriamultifida",NA,"cutleria_multifida",174
"GAM","allData","allRun",NA,"Cutleriamultifida",NA,"cutleria_multifida",174
"XGBOOST","allData","allRun",NA,"Cutleriamultifida",NA,"cutleria_multifida",174
"RF","PA1","RUN1",0.814,"Dasysiphoniajaponica",0.954,"dasysiphonia_japonica",215
"MAXNET","PA1","RUN1",0.729,"Dasysiphoniajaponica",0.94,"dasysiphonia_japonica",215
"MARS","PA1","RUN1",0.806,"Dasysiphoniajaponica",0.955,"dasysiphonia_japonica",215
"GAM","PA1","RUN1",0.76,"Dasysiphoniajaponica",0.928,"dasysiphonia_japonica",215
"XGBOOST","PA1","RUN1",0.721,"Dasysiphoniajaponica",0.929,"dasysiphonia_japonica",215
"RF","PA1","RUN2",0.705,"Dasysiphoniajaponica",0.968,"dasysiphonia_japonica",215
"MAXNET","PA1","RUN2",0.798,"Dasysiphoniajaponica",0.962,"dasysiphonia_japonica",215
"MARS","PA1","RUN2",0.713,"Dasysiphoniajaponica",0.947,"dasysiphonia_japonica",215
"GAM","PA1","RUN2",0.798,"Dasysiphoniajaponica",0.961,"dasysiphonia_japonica",215
"XGBOOST","PA1","RUN2",0.729,"Dasysiphoniajaponica",0.932,"dasysiphonia_japonica",215
"RF","PA1","RUN3",0.806,"Dasysiphoniajaponica",0.962,"dasysiphonia_japonica",215
"MAXNET","PA1","RUN3",0.798,"Dasysiphoniajaponica",0.957,"dasysiphonia_japonica",215
"MARS","PA1","RUN3",0.837,"Dasysiphoniajaponica",0.971,"dasysiphonia_japonica",215
"GAM","PA1","RUN3",0.791,"Dasysiphoniajaponica",0.954,"dasysiphonia_japonica",215
"XGBOOST","PA1","RUN3",0.783,"Dasysiphoniajaponica",0.931,"dasysiphonia_japonica",215
"RF","PA1","RUN4",0.915,"Dasysiphoniajaponica",0.977,"dasysiphonia_japonica",215
"MAXNET","PA1","RUN4",0.922,"Dasysiphoniajaponica",0.978,"dasysiphonia_japonica",215
"MARS","PA1","RUN4",0.907,"Dasysiphoniajaponica",0.964,"dasysiphonia_japonica",215
"GAM","PA1","RUN4",0.884,"Dasysiphoniajaponica",0.979,"dasysiphonia_japonica",215
"XGBOOST","PA1","RUN4",0.86,"Dasysiphoniajaponica",0.966,"dasysiphonia_japonica",215
"RF","PA1","RUN5",0.76,"Dasysiphoniajaponica",0.974,"dasysiphonia_japonica",215
"MAXNET","PA1","RUN5",0.775,"Dasysiphoniajaponica",0.963,"dasysiphonia_japonica",215
"MARS","PA1","RUN5",0.775,"Dasysiphoniajaponica",0.964,"dasysiphonia_japonica",215
"GAM","PA1","RUN5",0.791,"Dasysiphoniajaponica",0.957,"dasysiphonia_japonica",215
"XGBOOST","PA1","RUN5",0.752,"Dasysiphoniajaponica",0.952,"dasysiphonia_japonica",215
"RF","PA1","allRun",NA,"Dasysiphoniajaponica",NA,"dasysiphonia_japonica",215
"MAXNET","PA1","allRun",NA,"Dasysiphoniajaponica",NA,"dasysiphonia_japonica",215
"MARS","PA1","allRun",NA,"Dasysiphoniajaponica",NA,"dasysiphonia_japonica",215
"GAM","PA1","allRun",NA,"Dasysiphoniajaponica",NA,"dasysiphonia_japonica",215
"XGBOOST","PA1","allRun",NA,"Dasysiphoniajaponica",NA,"dasysiphonia_japonica",215
"RF","PA2","RUN1",0.744,"Dasysiphoniajaponica",0.964,"dasysiphonia_japonica",215
"MAXNET","PA2","RUN1",0.837,"Dasysiphoniajaponica",0.969,"dasysiphonia_japonica",215
"MARS","PA2","RUN1",0.791,"Dasysiphoniajaponica",0.957,"dasysiphonia_japonica",215
"GAM","PA2","RUN1",0.814,"Dasysiphoniajaponica",0.967,"dasysiphonia_japonica",215
"XGBOOST","PA2","RUN1",0.713,"Dasysiphoniajaponica",0.944,"dasysiphonia_japonica",215
"RF","PA2","RUN2",0.868,"Dasysiphoniajaponica",0.984,"dasysiphonia_japonica",215
"MAXNET","PA2","RUN2",0.891,"Dasysiphoniajaponica",0.969,"dasysiphonia_japonica",215
"MARS","PA2","RUN2",0.86,"Dasysiphoniajaponica",0.963,"dasysiphonia_japonica",215
"GAM","PA2","RUN2",0.837,"Dasysiphoniajaponica",0.963,"dasysiphonia_japonica",215
"XGBOOST","PA2","RUN2",0.806,"Dasysiphoniajaponica",0.954,"dasysiphonia_japonica",215
"RF","PA2","RUN3",0.752,"Dasysiphoniajaponica",0.964,"dasysiphonia_japonica",215
"MAXNET","PA2","RUN3",0.721,"Dasysiphoniajaponica",0.951,"dasysiphonia_japonica",215
"MARS","PA2","RUN3",0.775,"Dasysiphoniajaponica",0.95,"dasysiphonia_japonica",215
"GAM","PA2","RUN3",0.721,"Dasysiphoniajaponica",0.945,"dasysiphonia_japonica",215
"XGBOOST","PA2","RUN3",0.69,"Dasysiphoniajaponica",0.944,"dasysiphonia_japonica",215
"RF","PA2","RUN4",0.837,"Dasysiphoniajaponica",0.969,"dasysiphonia_japonica",215
"MAXNET","PA2","RUN4",0.822,"Dasysiphoniajaponica",0.954,"dasysiphonia_japonica",215
"MARS","PA2","RUN4",0.822,"Dasysiphoniajaponica",0.966,"dasysiphonia_japonica",215
"GAM","PA2","RUN4",0.86,"Dasysiphoniajaponica",0.96,"dasysiphonia_japonica",215
"XGBOOST","PA2","RUN4",0.837,"Dasysiphoniajaponica",0.948,"dasysiphonia_japonica",215
"RF","PA2","RUN5",0.868,"Dasysiphoniajaponica",0.977,"dasysiphonia_japonica",215
"MAXNET","PA2","RUN5",0.876,"Dasysiphoniajaponica",0.983,"dasysiphonia_japonica",215
"MARS","PA2","RUN5",0.891,"Dasysiphoniajaponica",0.976,"dasysiphonia_japonica",215
"GAM","PA2","RUN5",0.845,"Dasysiphoniajaponica",0.975,"dasysiphonia_japonica",215
"XGBOOST","PA2","RUN5",0.853,"Dasysiphoniajaponica",0.962,"dasysiphonia_japonica",215
"RF","PA2","allRun",NA,"Dasysiphoniajaponica",NA,"dasysiphonia_japonica",215
"MAXNET","PA2","allRun",NA,"Dasysiphoniajaponica",NA,"dasysiphonia_japonica",215
"MARS","PA2","allRun",NA,"Dasysiphoniajaponica",NA,"dasysiphonia_japonica",215
"GAM","PA2","allRun",NA,"Dasysiphoniajaponica",NA,"dasysiphonia_japonica",215
"XGBOOST","PA2","allRun",NA,"Dasysiphoniajaponica",NA,"dasysiphonia_japonica",215
"RF","PA3","RUN1",0.837,"Dasysiphoniajaponica",0.974,"dasysiphonia_japonica",215
"MAXNET","PA3","RUN1",0.86,"Dasysiphoniajaponica",0.961,"dasysiphonia_japonica",215
"MARS","PA3","RUN1",0.845,"Dasysiphoniajaponica",0.966,"dasysiphonia_japonica",215
"GAM","PA3","RUN1",0.814,"Dasysiphoniajaponica",0.955,"dasysiphonia_japonica",215
"XGBOOST","PA3","RUN1",0.837,"Dasysiphoniajaponica",0.958,"dasysiphonia_japonica",215
"RF","PA3","RUN2",0.705,"Dasysiphoniajaponica",0.942,"dasysiphonia_japonica",215
"MAXNET","PA3","RUN2",0.721,"Dasysiphoniajaponica",0.924,"dasysiphonia_japonica",215
"MARS","PA3","RUN2",0.674,"Dasysiphoniajaponica",0.905,"dasysiphonia_japonica",215
"GAM","PA3","RUN2",0.729,"Dasysiphoniajaponica",0.922,"dasysiphonia_japonica",215
"XGBOOST","PA3","RUN2",0.574,"Dasysiphoniajaponica",0.853,"dasysiphonia_japonica",215
"RF","PA3","RUN3",0.783,"Dasysiphoniajaponica",0.955,"dasysiphonia_japonica",215
"MAXNET","PA3","RUN3",0.814,"Dasysiphoniajaponica",0.959,"dasysiphonia_japonica",215
"MARS","PA3","RUN3",0.729,"Dasysiphoniajaponica",0.935,"dasysiphonia_japonica",215
"GAM","PA3","RUN3",0.806,"Dasysiphoniajaponica",0.944,"dasysiphonia_japonica",215
"XGBOOST","PA3","RUN3",0.729,"Dasysiphoniajaponica",0.933,"dasysiphonia_japonica",215
"RF","PA3","RUN4",0.798,"Dasysiphoniajaponica",0.977,"dasysiphonia_japonica",215
"MAXNET","PA3","RUN4",0.798,"Dasysiphoniajaponica",0.955,"dasysiphonia_japonica",215
"MARS","PA3","RUN4",0.829,"Dasysiphoniajaponica",0.962,"dasysiphonia_japonica",215
"GAM","PA3","RUN4",0.744,"Dasysiphoniajaponica",0.955,"dasysiphonia_japonica",215
"XGBOOST","PA3","RUN4",0.721,"Dasysiphoniajaponica",0.956,"dasysiphonia_japonica",215
"RF","PA3","RUN5",0.876,"Dasysiphoniajaponica",0.991,"dasysiphonia_japonica",215
"MAXNET","PA3","RUN5",0.853,"Dasysiphoniajaponica",0.985,"dasysiphonia_japonica",215
"MARS","PA3","RUN5",0.884,"Dasysiphoniajaponica",0.985,"dasysiphonia_japonica",215
"GAM","PA3","RUN5",0.837,"Dasysiphoniajaponica",0.978,"dasysiphonia_japonica",215
"XGBOOST","PA3","RUN5",0.806,"Dasysiphoniajaponica",0.953,"dasysiphonia_japonica",215
"RF","PA3","allRun",NA,"Dasysiphoniajaponica",NA,"dasysiphonia_japonica",215
"MAXNET","PA3","allRun",NA,"Dasysiphoniajaponica",NA,"dasysiphonia_japonica",215
"MARS","PA3","allRun",NA,"Dasysiphoniajaponica",NA,"dasysiphonia_japonica",215
"GAM","PA3","allRun",NA,"Dasysiphoniajaponica",NA,"dasysiphonia_japonica",215
"XGBOOST","PA3","allRun",NA,"Dasysiphoniajaponica",NA,"dasysiphonia_japonica",215
"RF","allData","allRun",NA,"Dasysiphoniajaponica",NA,"dasysiphonia_japonica",215
"MAXNET","allData","allRun",NA,"Dasysiphoniajaponica",NA,"dasysiphonia_japonica",215
"MARS","allData","allRun",NA,"Dasysiphoniajaponica",NA,"dasysiphonia_japonica",215
"GAM","allData","allRun",NA,"Dasysiphoniajaponica",NA,"dasysiphonia_japonica",215
"XGBOOST","allData","allRun",NA,"Dasysiphoniajaponica",NA,"dasysiphonia_japonica",215
"RF","PA1","RUN1",0.871,"Ensisleei",0.983,"ensis_leei",605
"MAXNET","PA1","RUN1",0.862,"Ensisleei",0.977,"ensis_leei",605
"MARS","PA1","RUN1",0.868,"Ensisleei",0.976,"ensis_leei",605
"GAM","PA1","RUN1",0.846,"Ensisleei",0.967,"ensis_leei",605
"XGBOOST","PA1","RUN1",0.84,"Ensisleei",0.967,"ensis_leei",605
"RF","PA1","RUN2",0.821,"Ensisleei",0.971,"ensis_leei",605
"MAXNET","PA1","RUN2",0.848,"Ensisleei",0.972,"ensis_leei",605
"MARS","PA1","RUN2",0.837,"Ensisleei",0.975,"ensis_leei",605
"GAM","PA1","RUN2",0.802,"Ensisleei",0.954,"ensis_leei",605
"XGBOOST","PA1","RUN2",0.796,"Ensisleei",0.948,"ensis_leei",605
"RF","PA1","RUN3",0.807,"Ensisleei",0.965,"ensis_leei",605
"MAXNET","PA1","RUN3",0.793,"Ensisleei",0.962,"ensis_leei",605
"MARS","PA1","RUN3",0.81,"Ensisleei",0.967,"ensis_leei",605
"GAM","PA1","RUN3",0.807,"Ensisleei",0.954,"ensis_leei",605
"XGBOOST","PA1","RUN3",0.76,"Ensisleei",0.943,"ensis_leei",605
"RF","PA1","RUN4",0.813,"Ensisleei",0.967,"ensis_leei",605
"MAXNET","PA1","RUN4",0.791,"Ensisleei",0.956,"ensis_leei",605
"MARS","PA1","RUN4",0.824,"Ensisleei",0.958,"ensis_leei",605
"GAM","PA1","RUN4",0.802,"Ensisleei",0.95,"ensis_leei",605
"XGBOOST","PA1","RUN4",0.791,"Ensisleei",0.939,"ensis_leei",605
"RF","PA1","RUN5",0.815,"Ensisleei",0.971,"ensis_leei",605
"MAXNET","PA1","RUN5",0.84,"Ensisleei",0.97,"ensis_leei",605
"MARS","PA1","RUN5",0.813,"Ensisleei",0.968,"ensis_leei",605
"GAM","PA1","RUN5",0.81,"Ensisleei",0.957,"ensis_leei",605
"XGBOOST","PA1","RUN5",0.758,"Ensisleei",0.948,"ensis_leei",605
"RF","PA1","allRun",NA,"Ensisleei",NA,"ensis_leei",605
"MAXNET","PA1","allRun",NA,"Ensisleei",NA,"ensis_leei",605
"MARS","PA1","allRun",NA,"Ensisleei",NA,"ensis_leei",605
"GAM","PA1","allRun",NA,"Ensisleei",NA,"ensis_leei",605
"XGBOOST","PA1","allRun",NA,"Ensisleei",NA,"ensis_leei",605
"RF","PA2","RUN1",0.821,"Ensisleei",0.976,"ensis_leei",605
"MAXNET","PA2","RUN1",0.824,"Ensisleei",0.97,"ensis_leei",605
"MARS","PA2","RUN1",0.829,"Ensisleei",0.961,"ensis_leei",605
"GAM","PA2","RUN1",0.799,"Ensisleei",0.955,"ensis_leei",605
"XGBOOST","PA2","RUN1",0.769,"Ensisleei",0.951,"ensis_leei",605
"RF","PA2","RUN2",0.826,"Ensisleei",0.979,"ensis_leei",605
"MAXNET","PA2","RUN2",0.854,"Ensisleei",0.978,"ensis_leei",605
"MARS","PA2","RUN2",0.837,"Ensisleei",0.973,"ensis_leei",605
"GAM","PA2","RUN2",0.835,"Ensisleei",0.965,"ensis_leei",605
"XGBOOST","PA2","RUN2",0.752,"Ensisleei",0.948,"ensis_leei",605
"RF","PA2","RUN3",0.835,"Ensisleei",0.972,"ensis_leei",605
"MAXNET","PA2","RUN3",0.785,"Ensisleei",0.958,"ensis_leei",605
"MARS","PA2","RUN3",0.837,"Ensisleei",0.966,"ensis_leei",605
"GAM","PA2","RUN3",0.785,"Ensisleei",0.949,"ensis_leei",605
"XGBOOST","PA2","RUN3",0.785,"Ensisleei",0.95,"ensis_leei",605
"RF","PA2","RUN4",0.777,"Ensisleei",0.962,"ensis_leei",605
"MAXNET","PA2","RUN4",0.813,"Ensisleei",0.967,"ensis_leei",605
"MARS","PA2","RUN4",0.799,"Ensisleei",0.968,"ensis_leei",605
"GAM","PA2","RUN4",0.799,"Ensisleei",0.954,"ensis_leei",605
"XGBOOST","PA2","RUN4",0.755,"Ensisleei",0.942,"ensis_leei",605
"RF","PA2","RUN5",0.846,"Ensisleei",0.969,"ensis_leei",605
"MAXNET","PA2","RUN5",0.829,"Ensisleei",0.966,"ensis_leei",605
"MARS","PA2","RUN5",0.829,"Ensisleei",0.965,"ensis_leei",605
"GAM","PA2","RUN5",0.818,"Ensisleei",0.954,"ensis_leei",605
"XGBOOST","PA2","RUN5",0.829,"Ensisleei",0.95,"ensis_leei",605
"RF","PA2","allRun",NA,"Ensisleei",NA,"ensis_leei",605
"MAXNET","PA2","allRun",NA,"Ensisleei",NA,"ensis_leei",605
"MARS","PA2","allRun",NA,"Ensisleei",NA,"ensis_leei",605
"GAM","PA2","allRun",NA,"Ensisleei",NA,"ensis_leei",605
"XGBOOST","PA2","allRun",NA,"Ensisleei",NA,"ensis_leei",605
"RF","PA3","RUN1",0.873,"Ensisleei",0.981,"ensis_leei",605
"MAXNET","PA3","RUN1",0.846,"Ensisleei",0.981,"ensis_leei",605
"MARS","PA3","RUN1",0.865,"Ensisleei",0.976,"ensis_leei",605
"GAM","PA3","RUN1",0.799,"Ensisleei",0.964,"ensis_leei",605
"XGBOOST","PA3","RUN1",0.791,"Ensisleei",0.964,"ensis_leei",605
"RF","PA3","RUN2",0.837,"Ensisleei",0.965,"ensis_leei",605
"MAXNET","PA3","RUN2",0.846,"Ensisleei",0.962,"ensis_leei",605
"MARS","PA3","RUN2",0.843,"Ensisleei",0.961,"ensis_leei",605
"GAM","PA3","RUN2",0.815,"Ensisleei",0.939,"ensis_leei",605
"XGBOOST","PA3","RUN2",0.769,"Ensisleei",0.941,"ensis_leei",605
"RF","PA3","RUN3",0.843,"Ensisleei",0.973,"ensis_leei",605
"MAXNET","PA3","RUN3",0.788,"Ensisleei",0.961,"ensis_leei",605
"MARS","PA3","RUN3",0.832,"Ensisleei",0.963,"ensis_leei",605
"GAM","PA3","RUN3",0.76,"Ensisleei",0.948,"ensis_leei",605
"XGBOOST","PA3","RUN3",0.722,"Ensisleei",0.944,"ensis_leei",605
"RF","PA3","RUN4",0.774,"Ensisleei",0.969,"ensis_leei",605
"MAXNET","PA3","RUN4",0.791,"Ensisleei",0.963,"ensis_leei",605
"MARS","PA3","RUN4",0.824,"Ensisleei",0.964,"ensis_leei",605
"GAM","PA3","RUN4",0.802,"Ensisleei",0.944,"ensis_leei",605
"XGBOOST","PA3","RUN4",0.744,"Ensisleei",0.94,"ensis_leei",605
"RF","PA3","RUN5",0.868,"Ensisleei",0.973,"ensis_leei",605
"MAXNET","PA3","RUN5",0.857,"Ensisleei",0.973,"ensis_leei",605
"MARS","PA3","RUN5",0.846,"Ensisleei",0.973,"ensis_leei",605
"GAM","PA3","RUN5",0.837,"Ensisleei",0.969,"ensis_leei",605
"XGBOOST","PA3","RUN5",0.802,"Ensisleei",0.961,"ensis_leei",605
"RF","PA3","allRun",NA,"Ensisleei",NA,"ensis_leei",605
"MAXNET","PA3","allRun",NA,"Ensisleei",NA,"ensis_leei",605
"MARS","PA3","allRun",NA,"Ensisleei",NA,"ensis_leei",605
"GAM","PA3","allRun",NA,"Ensisleei",NA,"ensis_leei",605
"XGBOOST","PA3","allRun",NA,"Ensisleei",NA,"ensis_leei",605
"RF","allData","allRun",NA,"Ensisleei",NA,"ensis_leei",605
"MAXNET","allData","allRun",NA,"Ensisleei",NA,"ensis_leei",605
"MARS","allData","allRun",NA,"Ensisleei",NA,"ensis_leei",605
"GAM","allData","allRun",NA,"Ensisleei",NA,"ensis_leei",605
"XGBOOST","allData","allRun",NA,"Ensisleei",NA,"ensis_leei",605
"RF","PA1","RUN1",0.533,"Evadneanonyx",0.889,"evadne_anonyx",100
"MAXNET","PA1","RUN1",0.65,"Evadneanonyx",0.875,"evadne_anonyx",100
"MARS","PA1","RUN1",0.65,"Evadneanonyx",0.91,"evadne_anonyx",100
"GAM","PA1","RUN1",0.6,"Evadneanonyx",0.849,"evadne_anonyx",100
"XGBOOST","PA1","RUN1",0.467,"Evadneanonyx",0.831,"evadne_anonyx",100
"RF","PA1","RUN2",0.533,"Evadneanonyx",0.89,"evadne_anonyx",100
"MAXNET","PA1","RUN2",0.567,"Evadneanonyx",0.827,"evadne_anonyx",100
"MARS","PA1","RUN2",0.533,"Evadneanonyx",0.89,"evadne_anonyx",100
"GAM","PA1","RUN2",0.55,"Evadneanonyx",0.833,"evadne_anonyx",100
"XGBOOST","PA1","RUN2",0.467,"Evadneanonyx",0.829,"evadne_anonyx",100
"RF","PA1","RUN3",0.517,"Evadneanonyx",0.88,"evadne_anonyx",100
"MAXNET","PA1","RUN3",0.55,"Evadneanonyx",0.862,"evadne_anonyx",100
"MARS","PA1","RUN3",0.6,"Evadneanonyx",0.865,"evadne_anonyx",100
"GAM","PA1","RUN3",0.7,"Evadneanonyx",0.897,"evadne_anonyx",100
"XGBOOST","PA1","RUN3",0.25,"Evadneanonyx",0.755,"evadne_anonyx",100
"RF","PA1","RUN4",0.767,"Evadneanonyx",0.941,"evadne_anonyx",100
"MAXNET","PA1","RUN4",0.767,"Evadneanonyx",0.96,"evadne_anonyx",100
"MARS","PA1","RUN4",0.717,"Evadneanonyx",0.916,"evadne_anonyx",100
"GAM","PA1","RUN4",0.633,"Evadneanonyx",0.932,"evadne_anonyx",100
"XGBOOST","PA1","RUN4",0.717,"Evadneanonyx",0.923,"evadne_anonyx",100
"RF","PA1","RUN5",0.55,"Evadneanonyx",0.935,"evadne_anonyx",100
"MAXNET","PA1","RUN5",0.7,"Evadneanonyx",0.94,"evadne_anonyx",100
"MARS","PA1","RUN5",0.65,"Evadneanonyx",0.903,"evadne_anonyx",100
"GAM","PA1","RUN5",0.667,"Evadneanonyx",0.89,"evadne_anonyx",100
"XGBOOST","PA1","RUN5",0.683,"Evadneanonyx",0.9,"evadne_anonyx",100
"RF","PA1","allRun",NA,"Evadneanonyx",NA,"evadne_anonyx",100
"MAXNET","PA1","allRun",NA,"Evadneanonyx",NA,"evadne_anonyx",100
"MARS","PA1","allRun",NA,"Evadneanonyx",NA,"evadne_anonyx",100
"GAM","PA1","allRun",NA,"Evadneanonyx",NA,"evadne_anonyx",100
"XGBOOST","PA1","allRun",NA,"Evadneanonyx",NA,"evadne_anonyx",100
"RF","PA2","RUN1",0.533,"Evadneanonyx",0.865,"evadne_anonyx",100
"MAXNET","PA2","RUN1",0.65,"Evadneanonyx",0.907,"evadne_anonyx",100
"MARS","PA2","RUN1",0.533,"Evadneanonyx",0.902,"evadne_anonyx",100
"GAM","PA2","RUN1",0.567,"Evadneanonyx",0.897,"evadne_anonyx",100
"XGBOOST","PA2","RUN1",0.35,"Evadneanonyx",0.793,"evadne_anonyx",100
"RF","PA2","RUN2",0.633,"Evadneanonyx",0.947,"evadne_anonyx",100
"MAXNET","PA2","RUN2",0.6,"Evadneanonyx",0.9,"evadne_anonyx",100
"MARS","PA2","RUN2",0.767,"Evadneanonyx",0.927,"evadne_anonyx",100
"GAM","PA2","RUN2",0.55,"Evadneanonyx",0.881,"evadne_anonyx",100
"XGBOOST","PA2","RUN2",0.633,"Evadneanonyx",0.902,"evadne_anonyx",100
"RF","PA2","RUN3",0.683,"Evadneanonyx",0.942,"evadne_anonyx",100
"MAXNET","PA2","RUN3",0.7,"Evadneanonyx",0.933,"evadne_anonyx",100
"MARS","PA2","RUN3",0.583,"Evadneanonyx",0.908,"evadne_anonyx",100
"GAM","PA2","RUN3",0.6,"Evadneanonyx",0.907,"evadne_anonyx",100
"XGBOOST","PA2","RUN3",0.7,"Evadneanonyx",0.891,"evadne_anonyx",100
"RF","PA2","RUN4",0.567,"Evadneanonyx",0.893,"evadne_anonyx",100
"MAXNET","PA2","RUN4",0.7,"Evadneanonyx",0.907,"evadne_anonyx",100
"MARS","PA2","RUN4",0.567,"Evadneanonyx",0.892,"evadne_anonyx",100
"GAM","PA2","RUN4",0.783,"Evadneanonyx",0.897,"evadne_anonyx",100
"XGBOOST","PA2","RUN4",0.667,"Evadneanonyx",0.882,"evadne_anonyx",100
"RF","PA2","RUN5",0.517,"Evadneanonyx",0.877,"evadne_anonyx",100
"MAXNET","PA2","RUN5",0.567,"Evadneanonyx",0.87,"evadne_anonyx",100
"MARS","PA2","RUN5",0.433,"Evadneanonyx",0.852,"evadne_anonyx",100
"GAM","PA2","RUN5",0.6,"Evadneanonyx",0.878,"evadne_anonyx",100
"XGBOOST","PA2","RUN5",0.483,"Evadneanonyx",0.857,"evadne_anonyx",100
"RF","PA2","allRun",NA,"Evadneanonyx",NA,"evadne_anonyx",100
"MAXNET","PA2","allRun",NA,"Evadneanonyx",NA,"evadne_anonyx",100
"MARS","PA2","allRun",NA,"Evadneanonyx",NA,"evadne_anonyx",100
"GAM","PA2","allRun",NA,"Evadneanonyx",NA,"evadne_anonyx",100
"XGBOOST","PA2","allRun",NA,"Evadneanonyx",NA,"evadne_anonyx",100
"RF","PA3","RUN1",0.6,"Evadneanonyx",0.915,"evadne_anonyx",100
"MAXNET","PA3","RUN1",0.467,"Evadneanonyx",0.887,"evadne_anonyx",100
"MARS","PA3","RUN1",0.467,"Evadneanonyx",0.833,"evadne_anonyx",100
"GAM","PA3","RUN1",0.517,"Evadneanonyx",0.903,"evadne_anonyx",100
"XGBOOST","PA3","RUN1",0.633,"Evadneanonyx",0.872,"evadne_anonyx",100
"RF","PA3","RUN2",0.667,"Evadneanonyx",0.898,"evadne_anonyx",100
"MAXNET","PA3","RUN2",0.55,"Evadneanonyx",0.902,"evadne_anonyx",100
"MARS","PA3","RUN2",0.617,"Evadneanonyx",0.908,"evadne_anonyx",100
"GAM","PA3","RUN2",0.617,"Evadneanonyx",0.902,"evadne_anonyx",100
"XGBOOST","PA3","RUN2",0.417,"Evadneanonyx",0.833,"evadne_anonyx",100
"RF","PA3","RUN3",0.467,"Evadneanonyx",0.837,"evadne_anonyx",100
"MAXNET","PA3","RUN3",0.533,"Evadneanonyx",0.815,"evadne_anonyx",100
"MARS","PA3","RUN3",0.517,"Evadneanonyx",0.863,"evadne_anonyx",100
"GAM","PA3","RUN3",0.383,"Evadneanonyx",0.76,"evadne_anonyx",100
"XGBOOST","PA3","RUN3",0.4,"Evadneanonyx",0.718,"evadne_anonyx",100
"RF","PA3","RUN4",0.633,"Evadneanonyx",0.953,"evadne_anonyx",100
"MAXNET","PA3","RUN4",0.633,"Evadneanonyx",0.944,"evadne_anonyx",100
"MARS","PA3","RUN4",0.733,"Evadneanonyx",0.935,"evadne_anonyx",100
"GAM","PA3","RUN4",0.6,"Evadneanonyx",0.914,"evadne_anonyx",100
"XGBOOST","PA3","RUN4",0.633,"Evadneanonyx",0.901,"evadne_anonyx",100
"RF","PA3","RUN5",0.633,"Evadneanonyx",0.89,"evadne_anonyx",100
"MAXNET","PA3","RUN5",0.733,"Evadneanonyx",0.897,"evadne_anonyx",100
"MARS","PA3","RUN5",0.483,"Evadneanonyx",0.848,"evadne_anonyx",100
"GAM","PA3","RUN5",0.65,"Evadneanonyx",0.874,"evadne_anonyx",100
"XGBOOST","PA3","RUN5",0.6,"Evadneanonyx",0.828,"evadne_anonyx",100
"RF","PA3","allRun",NA,"Evadneanonyx",NA,"evadne_anonyx",100
"MAXNET","PA3","allRun",NA,"Evadneanonyx",NA,"evadne_anonyx",100
"MARS","PA3","allRun",NA,"Evadneanonyx",NA,"evadne_anonyx",100
"GAM","PA3","allRun",NA,"Evadneanonyx",NA,"evadne_anonyx",100
"XGBOOST","PA3","allRun",NA,"Evadneanonyx",NA,"evadne_anonyx",100
"RF","allData","allRun",NA,"Evadneanonyx",NA,"evadne_anonyx",100
"MAXNET","allData","allRun",NA,"Evadneanonyx",NA,"evadne_anonyx",100
"MARS","allData","allRun",NA,"Evadneanonyx",NA,"evadne_anonyx",100
"GAM","allData","allRun",NA,"Evadneanonyx",NA,"evadne_anonyx",100
"XGBOOST","allData","allRun",NA,"Evadneanonyx",NA,"evadne_anonyx",100
"RF","PA1","RUN1",0.775,"Fenestrulinadelicia",0.941,"fenestrulina_delicia",29
"MAXNET","PA1","RUN1",0.775,"Fenestrulinadelicia",0.912,"fenestrulina_delicia",29
"MARS","PA1","RUN1",0.49,"Fenestrulinadelicia",0.784,"fenestrulina_delicia",29
"GAM","PA1","RUN1",0.373,"Fenestrulinadelicia",0.686,"fenestrulina_delicia",29
"XGBOOST","PA1","RUN1",0.608,"Fenestrulinadelicia",0.941,"fenestrulina_delicia",29
"RF","PA1","RUN2",0.611,"Fenestrulinadelicia",0.972,"fenestrulina_delicia",29
"MAXNET","PA1","RUN2",0.5,"Fenestrulinadelicia",0.981,"fenestrulina_delicia",29
"MARS","PA1","RUN2",0.667,"Fenestrulinadelicia",0.87,"fenestrulina_delicia",29
"GAM","PA1","RUN2",0.556,"Fenestrulinadelicia",0.778,"fenestrulina_delicia",29
"XGBOOST","PA1","RUN2",0.611,"Fenestrulinadelicia",0.866,"fenestrulina_delicia",29
"RF","PA1","RUN3",0.682,"Fenestrulinadelicia",0.782,"fenestrulina_delicia",29
"MAXNET","PA1","RUN3",0.741,"Fenestrulinadelicia",0.918,"fenestrulina_delicia",29
"MARS","PA1","RUN3",0.624,"Fenestrulinadelicia",0.806,"fenestrulina_delicia",29
"GAM","PA1","RUN3",0.624,"Fenestrulinadelicia",0.794,"fenestrulina_delicia",29
"XGBOOST","PA1","RUN3",0.741,"Fenestrulinadelicia",0.835,"fenestrulina_delicia",29
"RF","PA1","RUN4",0.778,"Fenestrulinadelicia",0.963,"fenestrulina_delicia",29
"MAXNET","PA1","RUN4",0.611,"Fenestrulinadelicia",0.935,"fenestrulina_delicia",29
"MARS","PA1","RUN4",0.833,"Fenestrulinadelicia",0.917,"fenestrulina_delicia",29
"GAM","PA1","RUN4",0.167,"Fenestrulinadelicia",0.653,"fenestrulina_delicia",29
"XGBOOST","PA1","RUN4",0.889,"Fenestrulinadelicia",0.903,"fenestrulina_delicia",29
"RF","PA1","RUN5",0.716,"Fenestrulinadelicia",0.941,"fenestrulina_delicia",29
"MAXNET","PA1","RUN5",0.882,"Fenestrulinadelicia",0.941,"fenestrulina_delicia",29
"MARS","PA1","RUN5",0.324,"Fenestrulinadelicia",0.902,"fenestrulina_delicia",29
"GAM","PA1","RUN5",0.5,"Fenestrulinadelicia",0.75,"fenestrulina_delicia",29
"XGBOOST","PA1","RUN5",0.549,"Fenestrulinadelicia",0.926,"fenestrulina_delicia",29
"RF","PA1","allRun",NA,"Fenestrulinadelicia",NA,"fenestrulina_delicia",29
"MAXNET","PA1","allRun",NA,"Fenestrulinadelicia",NA,"fenestrulina_delicia",29
"MARS","PA1","allRun",NA,"Fenestrulinadelicia",NA,"fenestrulina_delicia",29
"GAM","PA1","allRun",NA,"Fenestrulinadelicia",NA,"fenestrulina_delicia",29
"XGBOOST","PA1","allRun",NA,"Fenestrulinadelicia",NA,"fenestrulina_delicia",29
"RF","PA2","RUN1",0.775,"Fenestrulinadelicia",0.828,"fenestrulina_delicia",29
"MAXNET","PA2","RUN1",0.549,"Fenestrulinadelicia",0.902,"fenestrulina_delicia",29
"MARS","PA2","RUN1",0.657,"Fenestrulinadelicia",0.828,"fenestrulina_delicia",29
"GAM","PA2","RUN1",0.657,"Fenestrulinadelicia",0.828,"fenestrulina_delicia",29
"XGBOOST","PA2","RUN1",0.775,"Fenestrulinadelicia",0.853,"fenestrulina_delicia",29
"RF","PA2","RUN2",0.667,"Fenestrulinadelicia",0.944,"fenestrulina_delicia",29
"MAXNET","PA2","RUN2",0.667,"Fenestrulinadelicia",0.981,"fenestrulina_delicia",29
"MARS","PA2","RUN2",0.5,"Fenestrulinadelicia",0.75,"fenestrulina_delicia",29
"GAM","PA2","RUN2",0.556,"Fenestrulinadelicia",0.778,"fenestrulina_delicia",29
"XGBOOST","PA2","RUN2",0.5,"Fenestrulinadelicia",0.815,"fenestrulina_delicia",29
"RF","PA2","RUN3",0.941,"Fenestrulinadelicia",1,"fenestrulina_delicia",29
"MAXNET","PA2","RUN3",0.941,"Fenestrulinadelicia",0.988,"fenestrulina_delicia",29
"MARS","PA2","RUN3",1,"Fenestrulinadelicia",1,"fenestrulina_delicia",29
"GAM","PA2","RUN3",0.941,"Fenestrulinadelicia",0.988,"fenestrulina_delicia",29
"XGBOOST","PA2","RUN3",0.941,"Fenestrulinadelicia",0.953,"fenestrulina_delicia",29
"RF","PA2","RUN4",0.722,"Fenestrulinadelicia",0.954,"fenestrulina_delicia",29
"MAXNET","PA2","RUN4",0.556,"Fenestrulinadelicia",0.917,"fenestrulina_delicia",29
"MARS","PA2","RUN4",0.667,"Fenestrulinadelicia",0.88,"fenestrulina_delicia",29
"GAM","PA2","RUN4",0.278,"Fenestrulinadelicia",0.708,"fenestrulina_delicia",29
"XGBOOST","PA2","RUN4",0.778,"Fenestrulinadelicia",0.931,"fenestrulina_delicia",29
"RF","PA2","RUN5",0.882,"Fenestrulinadelicia",0.961,"fenestrulina_delicia",29
"MAXNET","PA2","RUN5",0.765,"Fenestrulinadelicia",0.951,"fenestrulina_delicia",29
"MARS","PA2","RUN5",0.716,"Fenestrulinadelicia",0.922,"fenestrulina_delicia",29
"GAM","PA2","RUN5",0.824,"Fenestrulinadelicia",0.961,"fenestrulina_delicia",29
"XGBOOST","PA2","RUN5",0.824,"Fenestrulinadelicia",1,"fenestrulina_delicia",29
"RF","PA2","allRun",NA,"Fenestrulinadelicia",NA,"fenestrulina_delicia",29
"MAXNET","PA2","allRun",NA,"Fenestrulinadelicia",NA,"fenestrulina_delicia",29
"MARS","PA2","allRun",NA,"Fenestrulinadelicia",NA,"fenestrulina_delicia",29
"GAM","PA2","allRun",NA,"Fenestrulinadelicia",NA,"fenestrulina_delicia",29
"XGBOOST","PA2","allRun",NA,"Fenestrulinadelicia",NA,"fenestrulina_delicia",29
"RF","PA3","RUN1",0.833,"Fenestrulinadelicia",0.882,"fenestrulina_delicia",29
"MAXNET","PA3","RUN1",0.775,"Fenestrulinadelicia",0.961,"fenestrulina_delicia",29
"MARS","PA3","RUN1",0.667,"Fenestrulinadelicia",0.833,"fenestrulina_delicia",29
"GAM","PA3","RUN1",0.657,"Fenestrulinadelicia",0.873,"fenestrulina_delicia",29
"XGBOOST","PA3","RUN1",0.775,"Fenestrulinadelicia",0.824,"fenestrulina_delicia",29
"RF","PA3","RUN2",0.944,"Fenestrulinadelicia",1,"fenestrulina_delicia",29
"MAXNET","PA3","RUN2",0.056,"Fenestrulinadelicia",0.852,"fenestrulina_delicia",29
"MARS","PA3","RUN2",0.056,"Fenestrulinadelicia",0.759,"fenestrulina_delicia",29
"GAM","PA3","RUN2",0.556,"Fenestrulinadelicia",0.806,"fenestrulina_delicia",29
"XGBOOST","PA3","RUN2",0.278,"Fenestrulinadelicia",0.713,"fenestrulina_delicia",29
"RF","PA3","RUN3",0.565,"Fenestrulinadelicia",0.841,"fenestrulina_delicia",29
"MAXNET","PA3","RUN3",0.506,"Fenestrulinadelicia",0.906,"fenestrulina_delicia",29
"MARS","PA3","RUN3",0.765,"Fenestrulinadelicia",0.906,"fenestrulina_delicia",29
"GAM","PA3","RUN3",0.106,"Fenestrulinadelicia",0.553,"fenestrulina_delicia",29
"XGBOOST","PA3","RUN3",0.424,"Fenestrulinadelicia",0.729,"fenestrulina_delicia",29
"RF","PA3","RUN4",0.444,"Fenestrulinadelicia",0.819,"fenestrulina_delicia",29
"MAXNET","PA3","RUN4",0.389,"Fenestrulinadelicia",0.898,"fenestrulina_delicia",29
"MARS","PA3","RUN4",0.5,"Fenestrulinadelicia",0.903,"fenestrulina_delicia",29
"GAM","PA3","RUN4",0.556,"Fenestrulinadelicia",0.759,"fenestrulina_delicia",29
"XGBOOST","PA3","RUN4",0.444,"Fenestrulinadelicia",0.694,"fenestrulina_delicia",29
"RF","PA3","RUN5",0.657,"Fenestrulinadelicia",0.912,"fenestrulina_delicia",29
"MAXNET","PA3","RUN5",0.716,"Fenestrulinadelicia",0.833,"fenestrulina_delicia",29
"MARS","PA3","RUN5",0.598,"Fenestrulinadelicia",0.833,"fenestrulina_delicia",29
"GAM","PA3","RUN5",0.716,"Fenestrulinadelicia",0.843,"fenestrulina_delicia",29
"XGBOOST","PA3","RUN5",0.382,"Fenestrulinadelicia",0.902,"fenestrulina_delicia",29
"RF","PA3","allRun",NA,"Fenestrulinadelicia",NA,"fenestrulina_delicia",29
"MAXNET","PA3","allRun",NA,"Fenestrulinadelicia",NA,"fenestrulina_delicia",29
"MARS","PA3","allRun",NA,"Fenestrulinadelicia",NA,"fenestrulina_delicia",29
"GAM","PA3","allRun",NA,"Fenestrulinadelicia",NA,"fenestrulina_delicia",29
"XGBOOST","PA3","allRun",NA,"Fenestrulinadelicia",NA,"fenestrulina_delicia",29
"RF","allData","allRun",NA,"Fenestrulinadelicia",NA,"fenestrulina_delicia",29
"MAXNET","allData","allRun",NA,"Fenestrulinadelicia",NA,"fenestrulina_delicia",29
"MARS","allData","allRun",NA,"Fenestrulinadelicia",NA,"fenestrulina_delicia",29
"GAM","allData","allRun",NA,"Fenestrulinadelicia",NA,"fenestrulina_delicia",29
"XGBOOST","allData","allRun",NA,"Fenestrulinadelicia",NA,"fenestrulina_delicia",29
"RF","PA1","RUN1",0.525,"Fibrocapsajaponica",0.826,"fibrocapsa_japonica",142
"MAXNET","PA1","RUN1",0.491,"Fibrocapsajaponica",0.805,"fibrocapsa_japonica",142
"MARS","PA1","RUN1",0.514,"Fibrocapsajaponica",0.797,"fibrocapsa_japonica",142
"GAM","PA1","RUN1",0.526,"Fibrocapsajaponica",0.79,"fibrocapsa_japonica",142
"XGBOOST","PA1","RUN1",0.42,"Fibrocapsajaponica",0.786,"fibrocapsa_japonica",142
"RF","PA1","RUN2",0.501,"Fibrocapsajaponica",0.865,"fibrocapsa_japonica",142
"MAXNET","PA1","RUN2",0.479,"Fibrocapsajaponica",0.878,"fibrocapsa_japonica",142
"MARS","PA1","RUN2",0.569,"Fibrocapsajaponica",0.86,"fibrocapsa_japonica",142
"GAM","PA1","RUN2",0.501,"Fibrocapsajaponica",0.857,"fibrocapsa_japonica",142
"XGBOOST","PA1","RUN2",0.547,"Fibrocapsajaponica",0.865,"fibrocapsa_japonica",142
"RF","PA1","RUN3",0.669,"Fibrocapsajaponica",0.938,"fibrocapsa_japonica",142
"MAXNET","PA1","RUN3",0.728,"Fibrocapsajaponica",0.932,"fibrocapsa_japonica",142
"MARS","PA1","RUN3",0.542,"Fibrocapsajaponica",0.856,"fibrocapsa_japonica",142
"GAM","PA1","RUN3",0.659,"Fibrocapsajaponica",0.904,"fibrocapsa_japonica",142
"XGBOOST","PA1","RUN3",0.705,"Fibrocapsajaponica",0.895,"fibrocapsa_japonica",142
"RF","PA1","RUN4",0.596,"Fibrocapsajaponica",0.883,"fibrocapsa_japonica",142
"MAXNET","PA1","RUN4",0.592,"Fibrocapsajaponica",0.874,"fibrocapsa_japonica",142
"MARS","PA1","RUN4",0.57,"Fibrocapsajaponica",0.851,"fibrocapsa_japonica",142
"GAM","PA1","RUN4",0.628,"Fibrocapsajaponica",0.856,"fibrocapsa_japonica",142
"XGBOOST","PA1","RUN4",0.582,"Fibrocapsajaponica",0.847,"fibrocapsa_japonica",142
"RF","PA1","RUN5",0.621,"Fibrocapsajaponica",0.888,"fibrocapsa_japonica",142
"MAXNET","PA1","RUN5",0.514,"Fibrocapsajaponica",0.897,"fibrocapsa_japonica",142
"MARS","PA1","RUN5",0.656,"Fibrocapsajaponica",0.897,"fibrocapsa_japonica",142
"GAM","PA1","RUN5",0.739,"Fibrocapsajaponica",0.929,"fibrocapsa_japonica",142
"XGBOOST","PA1","RUN5",0.681,"Fibrocapsajaponica",0.884,"fibrocapsa_japonica",142
"RF","PA1","allRun",NA,"Fibrocapsajaponica",NA,"fibrocapsa_japonica",142
"MAXNET","PA1","allRun",NA,"Fibrocapsajaponica",NA,"fibrocapsa_japonica",142
"MARS","PA1","allRun",NA,"Fibrocapsajaponica",NA,"fibrocapsa_japonica",142
"GAM","PA1","allRun",NA,"Fibrocapsajaponica",NA,"fibrocapsa_japonica",142
"XGBOOST","PA1","allRun",NA,"Fibrocapsajaponica",NA,"fibrocapsa_japonica",142
"RF","PA2","RUN1",0.538,"Fibrocapsajaponica",0.85,"fibrocapsa_japonica",142
"MAXNET","PA2","RUN1",0.515,"Fibrocapsajaponica",0.866,"fibrocapsa_japonica",142
"MARS","PA2","RUN1",0.586,"Fibrocapsajaponica",0.872,"fibrocapsa_japonica",142
"GAM","PA2","RUN1",0.514,"Fibrocapsajaponica",0.868,"fibrocapsa_japonica",142
"XGBOOST","PA2","RUN1",0.468,"Fibrocapsajaponica",0.817,"fibrocapsa_japonica",142
"RF","PA2","RUN2",0.562,"Fibrocapsajaponica",0.851,"fibrocapsa_japonica",142
"MAXNET","PA2","RUN2",0.514,"Fibrocapsajaponica",0.83,"fibrocapsa_japonica",142
"MARS","PA2","RUN2",0.49,"Fibrocapsajaponica",0.815,"fibrocapsa_japonica",142
"GAM","PA2","RUN2",0.488,"Fibrocapsajaponica",0.83,"fibrocapsa_japonica",142
"XGBOOST","PA2","RUN2",0.455,"Fibrocapsajaponica",0.805,"fibrocapsa_japonica",142
"RF","PA2","RUN3",0.586,"Fibrocapsajaponica",0.865,"fibrocapsa_japonica",142
"MAXNET","PA2","RUN3",0.609,"Fibrocapsajaponica",0.867,"fibrocapsa_japonica",142
"MARS","PA2","RUN3",0.611,"Fibrocapsajaponica",0.864,"fibrocapsa_japonica",142
"GAM","PA2","RUN3",0.493,"Fibrocapsajaponica",0.849,"fibrocapsa_japonica",142
"XGBOOST","PA2","RUN3",0.602,"Fibrocapsajaponica",0.871,"fibrocapsa_japonica",142
"RF","PA2","RUN4",0.538,"Fibrocapsajaponica",0.841,"fibrocapsa_japonica",142
"MAXNET","PA2","RUN4",0.466,"Fibrocapsajaponica",0.815,"fibrocapsa_japonica",142
"MARS","PA2","RUN4",0.535,"Fibrocapsajaponica",0.801,"fibrocapsa_japonica",142
"GAM","PA2","RUN4",0.454,"Fibrocapsajaponica",0.819,"fibrocapsa_japonica",142
"XGBOOST","PA2","RUN4",0.546,"Fibrocapsajaponica",0.821,"fibrocapsa_japonica",142
"RF","PA2","RUN5",0.763,"Fibrocapsajaponica",0.925,"fibrocapsa_japonica",142
"MAXNET","PA2","RUN5",0.81,"Fibrocapsajaponica",0.921,"fibrocapsa_japonica",142
"MARS","PA2","RUN5",0.669,"Fibrocapsajaponica",0.872,"fibrocapsa_japonica",142
"GAM","PA2","RUN5",0.705,"Fibrocapsajaponica",0.912,"fibrocapsa_japonica",142
"XGBOOST","PA2","RUN5",0.633,"Fibrocapsajaponica",0.89,"fibrocapsa_japonica",142
"RF","PA2","allRun",NA,"Fibrocapsajaponica",NA,"fibrocapsa_japonica",142
"MAXNET","PA2","allRun",NA,"Fibrocapsajaponica",NA,"fibrocapsa_japonica",142
"MARS","PA2","allRun",NA,"Fibrocapsajaponica",NA,"fibrocapsa_japonica",142
"GAM","PA2","allRun",NA,"Fibrocapsajaponica",NA,"fibrocapsa_japonica",142
"XGBOOST","PA2","allRun",NA,"Fibrocapsajaponica",NA,"fibrocapsa_japonica",142
"RF","PA3","RUN1",0.608,"Fibrocapsajaponica",0.895,"fibrocapsa_japonica",142
"MAXNET","PA3","RUN1",0.55,"Fibrocapsajaponica",0.871,"fibrocapsa_japonica",142
"MARS","PA3","RUN1",0.479,"Fibrocapsajaponica",0.837,"fibrocapsa_japonica",142
"GAM","PA3","RUN1",0.597,"Fibrocapsajaponica",0.887,"fibrocapsa_japonica",142
"XGBOOST","PA3","RUN1",0.551,"Fibrocapsajaponica",0.835,"fibrocapsa_japonica",142
"RF","PA3","RUN2",0.64,"Fibrocapsajaponica",0.92,"fibrocapsa_japonica",142
"MAXNET","PA3","RUN2",0.65,"Fibrocapsajaponica",0.878,"fibrocapsa_japonica",142
"MARS","PA3","RUN2",0.512,"Fibrocapsajaponica",0.826,"fibrocapsa_japonica",142
"GAM","PA3","RUN2",0.673,"Fibrocapsajaponica",0.913,"fibrocapsa_japonica",142
"XGBOOST","PA3","RUN2",0.627,"Fibrocapsajaponica",0.846,"fibrocapsa_japonica",142
"RF","PA3","RUN3",0.538,"Fibrocapsajaponica",0.857,"fibrocapsa_japonica",142
"MAXNET","PA3","RUN3",0.517,"Fibrocapsajaponica",0.823,"fibrocapsa_japonica",142
"MARS","PA3","RUN3",0.54,"Fibrocapsajaponica",0.846,"fibrocapsa_japonica",142
"GAM","PA3","RUN3",0.6,"Fibrocapsajaponica",0.851,"fibrocapsa_japonica",142
"XGBOOST","PA3","RUN3",0.493,"Fibrocapsajaponica",0.81,"fibrocapsa_japonica",142
"RF","PA3","RUN4",0.48,"Fibrocapsajaponica",0.833,"fibrocapsa_japonica",142
"MAXNET","PA3","RUN4",0.48,"Fibrocapsajaponica",0.835,"fibrocapsa_japonica",142
"MARS","PA3","RUN4",0.432,"Fibrocapsajaponica",0.821,"fibrocapsa_japonica",142
"GAM","PA3","RUN4",0.5,"Fibrocapsajaponica",0.819,"fibrocapsa_japonica",142
"XGBOOST","PA3","RUN4",0.397,"Fibrocapsajaponica",0.785,"fibrocapsa_japonica",142
"RF","PA3","RUN5",0.727,"Fibrocapsajaponica",0.948,"fibrocapsa_japonica",142
"MAXNET","PA3","RUN5",0.68,"Fibrocapsajaponica",0.94,"fibrocapsa_japonica",142
"MARS","PA3","RUN5",0.647,"Fibrocapsajaponica",0.892,"fibrocapsa_japonica",142
"GAM","PA3","RUN5",0.657,"Fibrocapsajaponica",0.905,"fibrocapsa_japonica",142
"XGBOOST","PA3","RUN5",0.573,"Fibrocapsajaponica",0.865,"fibrocapsa_japonica",142
"RF","PA3","allRun",NA,"Fibrocapsajaponica",NA,"fibrocapsa_japonica",142
"MAXNET","PA3","allRun",NA,"Fibrocapsajaponica",NA,"fibrocapsa_japonica",142
"MARS","PA3","allRun",NA,"Fibrocapsajaponica",NA,"fibrocapsa_japonica",142
"GAM","PA3","allRun",NA,"Fibrocapsajaponica",NA,"fibrocapsa_japonica",142
"XGBOOST","PA3","allRun",NA,"Fibrocapsajaponica",NA,"fibrocapsa_japonica",142
"RF","allData","allRun",NA,"Fibrocapsajaponica",NA,"fibrocapsa_japonica",142
"MAXNET","allData","allRun",NA,"Fibrocapsajaponica",NA,"fibrocapsa_japonica",142
"MARS","allData","allRun",NA,"Fibrocapsajaponica",NA,"fibrocapsa_japonica",142
"GAM","allData","allRun",NA,"Fibrocapsajaponica",NA,"fibrocapsa_japonica",142
"XGBOOST","allData","allRun",NA,"Fibrocapsajaponica",NA,"fibrocapsa_japonica",142
"RF","PA1","RUN1",0.739,"Ficopomatusenigmaticus",0.932,"ficopomatus_enigmaticus",51
"MAXNET","PA1","RUN1",0.806,"Ficopomatusenigmaticus",0.903,"ficopomatus_enigmaticus",51
"MARS","PA1","RUN1",0.606,"Ficopomatusenigmaticus",0.835,"ficopomatus_enigmaticus",51
"GAM","PA1","RUN1",0.545,"Ficopomatusenigmaticus",0.887,"ficopomatus_enigmaticus",51
"XGBOOST","PA1","RUN1",0.642,"Ficopomatusenigmaticus",0.877,"ficopomatus_enigmaticus",51
"RF","PA1","RUN2",0.633,"Ficopomatusenigmaticus",0.902,"ficopomatus_enigmaticus",51
"MAXNET","PA1","RUN2",0.5,"Ficopomatusenigmaticus",0.933,"ficopomatus_enigmaticus",51
"MARS","PA1","RUN2",0.5,"Ficopomatusenigmaticus",0.837,"ficopomatus_enigmaticus",51
"GAM","PA1","RUN2",0.633,"Ficopomatusenigmaticus",0.917,"ficopomatus_enigmaticus",51
"XGBOOST","PA1","RUN2",0.533,"Ficopomatusenigmaticus",0.883,"ficopomatus_enigmaticus",51
"RF","PA1","RUN3",0.507,"Ficopomatusenigmaticus",0.908,"ficopomatus_enigmaticus",51
"MAXNET","PA1","RUN3",0.507,"Ficopomatusenigmaticus",0.868,"ficopomatus_enigmaticus",51
"MARS","PA1","RUN3",0.716,"Ficopomatusenigmaticus",0.93,"ficopomatus_enigmaticus",51
"GAM","PA1","RUN3",0.475,"Ficopomatusenigmaticus",0.784,"ficopomatus_enigmaticus",51
"XGBOOST","PA1","RUN3",0.534,"Ficopomatusenigmaticus",0.856,"ficopomatus_enigmaticus",51
"RF","PA1","RUN4",0.533,"Ficopomatusenigmaticus",0.893,"ficopomatus_enigmaticus",51
"MAXNET","PA1","RUN4",0.767,"Ficopomatusenigmaticus",0.9,"ficopomatus_enigmaticus",51
"MARS","PA1","RUN4",0.567,"Ficopomatusenigmaticus",0.91,"ficopomatus_enigmaticus",51
"GAM","PA1","RUN4",0.333,"Ficopomatusenigmaticus",0.797,"ficopomatus_enigmaticus",51
"XGBOOST","PA1","RUN4",0.6,"Ficopomatusenigmaticus",0.845,"ficopomatus_enigmaticus",51
"RF","PA1","RUN5",0.239,"Ficopomatusenigmaticus",0.813,"ficopomatus_enigmaticus",51
"MAXNET","PA1","RUN5",0.203,"Ficopomatusenigmaticus",0.803,"ficopomatus_enigmaticus",51
"MARS","PA1","RUN5",0.339,"Ficopomatusenigmaticus",0.75,"ficopomatus_enigmaticus",51
"GAM","PA1","RUN5",0.339,"Ficopomatusenigmaticus",0.739,"ficopomatus_enigmaticus",51
"XGBOOST","PA1","RUN5",0.271,"Ficopomatusenigmaticus",0.792,"ficopomatus_enigmaticus",51
"RF","PA1","allRun",NA,"Ficopomatusenigmaticus",NA,"ficopomatus_enigmaticus",51
"MAXNET","PA1","allRun",NA,"Ficopomatusenigmaticus",NA,"ficopomatus_enigmaticus",51
"MARS","PA1","allRun",NA,"Ficopomatusenigmaticus",NA,"ficopomatus_enigmaticus",51
"GAM","PA1","allRun",NA,"Ficopomatusenigmaticus",NA,"ficopomatus_enigmaticus",51
"XGBOOST","PA1","allRun",NA,"Ficopomatusenigmaticus",NA,"ficopomatus_enigmaticus",51
"RF","PA2","RUN1",0.571,"Ficopomatusenigmaticus",0.873,"ficopomatus_enigmaticus",51
"MAXNET","PA2","RUN1",0.603,"Ficopomatusenigmaticus",0.871,"ficopomatus_enigmaticus",51
"MARS","PA2","RUN1",0.439,"Ficopomatusenigmaticus",0.897,"ficopomatus_enigmaticus",51
"GAM","PA2","RUN1",0.31,"Ficopomatusenigmaticus",0.766,"ficopomatus_enigmaticus",51
"XGBOOST","PA2","RUN1",0.571,"Ficopomatusenigmaticus",0.865,"ficopomatus_enigmaticus",51
"RF","PA2","RUN2",0.767,"Ficopomatusenigmaticus",0.95,"ficopomatus_enigmaticus",51
"MAXNET","PA2","RUN2",0.9,"Ficopomatusenigmaticus",0.99,"ficopomatus_enigmaticus",51
"MARS","PA2","RUN2",0.767,"Ficopomatusenigmaticus",0.977,"ficopomatus_enigmaticus",51
"GAM","PA2","RUN2",0.767,"Ficopomatusenigmaticus",0.947,"ficopomatus_enigmaticus",51
"XGBOOST","PA2","RUN2",0.833,"Ficopomatusenigmaticus",0.968,"ficopomatus_enigmaticus",51
"RF","PA2","RUN3",0.63,"Ficopomatusenigmaticus",0.934,"ficopomatus_enigmaticus",51
"MAXNET","PA2","RUN3",0.716,"Ficopomatusenigmaticus",0.913,"ficopomatus_enigmaticus",51
"MARS","PA2","RUN3",0.839,"Ficopomatusenigmaticus",0.933,"ficopomatus_enigmaticus",51
"GAM","PA2","RUN3",0.683,"Ficopomatusenigmaticus",0.853,"ficopomatus_enigmaticus",51
"XGBOOST","PA2","RUN3",0.754,"Ficopomatusenigmaticus",0.953,"ficopomatus_enigmaticus",51
"RF","PA2","RUN4",0.333,"Ficopomatusenigmaticus",0.79,"ficopomatus_enigmaticus",51
"MAXNET","PA2","RUN4",0.533,"Ficopomatusenigmaticus",0.817,"ficopomatus_enigmaticus",51
"MARS","PA2","RUN4",0.667,"Ficopomatusenigmaticus",0.843,"ficopomatus_enigmaticus",51
"GAM","PA2","RUN4",0.6,"Ficopomatusenigmaticus",0.84,"ficopomatus_enigmaticus",51
"XGBOOST","PA2","RUN4",0.4,"Ficopomatusenigmaticus",0.855,"ficopomatus_enigmaticus",51
"RF","PA2","RUN5",0.271,"Ficopomatusenigmaticus",0.79,"ficopomatus_enigmaticus",51
"MAXNET","PA2","RUN5",0.706,"Ficopomatusenigmaticus",0.918,"ficopomatus_enigmaticus",51
"MARS","PA2","RUN5",0.31,"Ficopomatusenigmaticus",0.787,"ficopomatus_enigmaticus",51
"GAM","PA2","RUN5",0.242,"Ficopomatusenigmaticus",0.803,"ficopomatus_enigmaticus",51
"XGBOOST","PA2","RUN5",0.374,"Ficopomatusenigmaticus",0.785,"ficopomatus_enigmaticus",51
"RF","PA2","allRun",NA,"Ficopomatusenigmaticus",NA,"ficopomatus_enigmaticus",51
"MAXNET","PA2","allRun",NA,"Ficopomatusenigmaticus",NA,"ficopomatus_enigmaticus",51
"MARS","PA2","allRun",NA,"Ficopomatusenigmaticus",NA,"ficopomatus_enigmaticus",51
"GAM","PA2","allRun",NA,"Ficopomatusenigmaticus",NA,"ficopomatus_enigmaticus",51
"XGBOOST","PA2","allRun",NA,"Ficopomatusenigmaticus",NA,"ficopomatus_enigmaticus",51
"RF","PA3","RUN1",0.303,"Ficopomatusenigmaticus",0.808,"ficopomatus_enigmaticus",51
"MAXNET","PA3","RUN1",0.403,"Ficopomatusenigmaticus",0.89,"ficopomatus_enigmaticus",51
"MARS","PA3","RUN1",0.274,"Ficopomatusenigmaticus",0.734,"ficopomatus_enigmaticus",51
"GAM","PA3","RUN1",0.242,"Ficopomatusenigmaticus",0.668,"ficopomatus_enigmaticus",51
"XGBOOST","PA3","RUN1",0.474,"Ficopomatusenigmaticus",0.839,"ficopomatus_enigmaticus",51
"RF","PA3","RUN2",0.633,"Ficopomatusenigmaticus",0.892,"ficopomatus_enigmaticus",51
"MAXNET","PA3","RUN2",0.867,"Ficopomatusenigmaticus",0.945,"ficopomatus_enigmaticus",51
"MARS","PA3","RUN2",0.7,"Ficopomatusenigmaticus",0.903,"ficopomatus_enigmaticus",51
"GAM","PA3","RUN2",0.5,"Ficopomatusenigmaticus",0.833,"ficopomatus_enigmaticus",51
"XGBOOST","PA3","RUN2",0.6,"Ficopomatusenigmaticus",0.873,"ficopomatus_enigmaticus",51
"RF","PA3","RUN3",0.507,"Ficopomatusenigmaticus",0.818,"ficopomatus_enigmaticus",51
"MAXNET","PA3","RUN3",0.56,"Ficopomatusenigmaticus",0.848,"ficopomatus_enigmaticus",51
"MARS","PA3","RUN3",0.56,"Ficopomatusenigmaticus",0.862,"ficopomatus_enigmaticus",51
"GAM","PA3","RUN3",0.566,"Ficopomatusenigmaticus",0.834,"ficopomatus_enigmaticus",51
"XGBOOST","PA3","RUN3",0.54,"Ficopomatusenigmaticus",0.817,"ficopomatus_enigmaticus",51
"RF","PA3","RUN4",0.533,"Ficopomatusenigmaticus",0.88,"ficopomatus_enigmaticus",51
"MAXNET","PA3","RUN4",0.433,"Ficopomatusenigmaticus",0.863,"ficopomatus_enigmaticus",51
"MARS","PA3","RUN4",0.633,"Ficopomatusenigmaticus",0.93,"ficopomatus_enigmaticus",51
"GAM","PA3","RUN4",0.467,"Ficopomatusenigmaticus",0.813,"ficopomatus_enigmaticus",51
"XGBOOST","PA3","RUN4",0.6,"Ficopomatusenigmaticus",0.885,"ficopomatus_enigmaticus",51
"RF","PA3","RUN5",0.568,"Ficopomatusenigmaticus",0.952,"ficopomatus_enigmaticus",51
"MAXNET","PA3","RUN5",0.768,"Ficopomatusenigmaticus",0.968,"ficopomatus_enigmaticus",51
"MARS","PA3","RUN5",0.671,"Ficopomatusenigmaticus",0.945,"ficopomatus_enigmaticus",51
"GAM","PA3","RUN5",0.806,"Ficopomatusenigmaticus",0.942,"ficopomatus_enigmaticus",51
"XGBOOST","PA3","RUN5",0.639,"Ficopomatusenigmaticus",0.885,"ficopomatus_enigmaticus",51
"RF","PA3","allRun",NA,"Ficopomatusenigmaticus",NA,"ficopomatus_enigmaticus",51
"MAXNET","PA3","allRun",NA,"Ficopomatusenigmaticus",NA,"ficopomatus_enigmaticus",51
"MARS","PA3","allRun",NA,"Ficopomatusenigmaticus",NA,"ficopomatus_enigmaticus",51
"GAM","PA3","allRun",NA,"Ficopomatusenigmaticus",NA,"ficopomatus_enigmaticus",51
"XGBOOST","PA3","allRun",NA,"Ficopomatusenigmaticus",NA,"ficopomatus_enigmaticus",51
"RF","allData","allRun",NA,"Ficopomatusenigmaticus",NA,"ficopomatus_enigmaticus",51
"MAXNET","allData","allRun",NA,"Ficopomatusenigmaticus",NA,"ficopomatus_enigmaticus",51
"MARS","allData","allRun",NA,"Ficopomatusenigmaticus",NA,"ficopomatus_enigmaticus",51
"GAM","allData","allRun",NA,"Ficopomatusenigmaticus",NA,"ficopomatus_enigmaticus",51
"XGBOOST","allData","allRun",NA,"Ficopomatusenigmaticus",NA,"ficopomatus_enigmaticus",51
"RF","PA1","RUN1",0.76,"Gammarustigrinus",0.947,"gammarus_tigrinus",125
"MAXNET","PA1","RUN1",0.787,"Gammarustigrinus",0.93,"gammarus_tigrinus",125
"MARS","PA1","RUN1",0.747,"Gammarustigrinus",0.935,"gammarus_tigrinus",125
"GAM","PA1","RUN1",0.693,"Gammarustigrinus",0.904,"gammarus_tigrinus",125
"XGBOOST","PA1","RUN1",0.627,"Gammarustigrinus",0.891,"gammarus_tigrinus",125
"RF","PA1","RUN2",0.867,"Gammarustigrinus",0.972,"gammarus_tigrinus",125
"MAXNET","PA1","RUN2",0.827,"Gammarustigrinus",0.974,"gammarus_tigrinus",125
"MARS","PA1","RUN2",0.893,"Gammarustigrinus",0.975,"gammarus_tigrinus",125
"GAM","PA1","RUN2",0.853,"Gammarustigrinus",0.958,"gammarus_tigrinus",125
"XGBOOST","PA1","RUN2",0.8,"Gammarustigrinus",0.951,"gammarus_tigrinus",125
"RF","PA1","RUN3",0.867,"Gammarustigrinus",0.975,"gammarus_tigrinus",125
"MAXNET","PA1","RUN3",0.8,"Gammarustigrinus",0.968,"gammarus_tigrinus",125
"MARS","PA1","RUN3",0.893,"Gammarustigrinus",0.979,"gammarus_tigrinus",125
"GAM","PA1","RUN3",0.84,"Gammarustigrinus",0.971,"gammarus_tigrinus",125
"XGBOOST","PA1","RUN3",0.84,"Gammarustigrinus",0.948,"gammarus_tigrinus",125
"RF","PA1","RUN4",0.907,"Gammarustigrinus",0.976,"gammarus_tigrinus",125
"MAXNET","PA1","RUN4",0.88,"Gammarustigrinus",0.972,"gammarus_tigrinus",125
"MARS","PA1","RUN4",0.827,"Gammarustigrinus",0.965,"gammarus_tigrinus",125
"GAM","PA1","RUN4",0.893,"Gammarustigrinus",0.974,"gammarus_tigrinus",125
"XGBOOST","PA1","RUN4",0.867,"Gammarustigrinus",0.973,"gammarus_tigrinus",125
"RF","PA1","RUN5",0.547,"Gammarustigrinus",0.858,"gammarus_tigrinus",125
"MAXNET","PA1","RUN5",0.653,"Gammarustigrinus",0.895,"gammarus_tigrinus",125
"MARS","PA1","RUN5",0.613,"Gammarustigrinus",0.896,"gammarus_tigrinus",125
"GAM","PA1","RUN5",0.627,"Gammarustigrinus",0.881,"gammarus_tigrinus",125
"XGBOOST","PA1","RUN5",0.48,"Gammarustigrinus",0.839,"gammarus_tigrinus",125
"RF","PA1","allRun",NA,"Gammarustigrinus",NA,"gammarus_tigrinus",125
"MAXNET","PA1","allRun",NA,"Gammarustigrinus",NA,"gammarus_tigrinus",125
"MARS","PA1","allRun",NA,"Gammarustigrinus",NA,"gammarus_tigrinus",125
"GAM","PA1","allRun",NA,"Gammarustigrinus",NA,"gammarus_tigrinus",125
"XGBOOST","PA1","allRun",NA,"Gammarustigrinus",NA,"gammarus_tigrinus",125
"RF","PA2","RUN1",0.813,"Gammarustigrinus",0.966,"gammarus_tigrinus",125
"MAXNET","PA2","RUN1",0.853,"Gammarustigrinus",0.962,"gammarus_tigrinus",125
"MARS","PA2","RUN1",0.867,"Gammarustigrinus",0.963,"gammarus_tigrinus",125
"GAM","PA2","RUN1",0.853,"Gammarustigrinus",0.955,"gammarus_tigrinus",125
"XGBOOST","PA2","RUN1",0.76,"Gammarustigrinus",0.936,"gammarus_tigrinus",125
"RF","PA2","RUN2",0.653,"Gammarustigrinus",0.939,"gammarus_tigrinus",125
"MAXNET","PA2","RUN2",0.733,"Gammarustigrinus",0.945,"gammarus_tigrinus",125
"MARS","PA2","RUN2",0.707,"Gammarustigrinus",0.911,"gammarus_tigrinus",125
"GAM","PA2","RUN2",0.707,"Gammarustigrinus",0.931,"gammarus_tigrinus",125
"XGBOOST","PA2","RUN2",0.707,"Gammarustigrinus",0.915,"gammarus_tigrinus",125
"RF","PA2","RUN3",0.693,"Gammarustigrinus",0.921,"gammarus_tigrinus",125
"MAXNET","PA2","RUN3",0.76,"Gammarustigrinus",0.928,"gammarus_tigrinus",125
"MARS","PA2","RUN3",0.733,"Gammarustigrinus",0.891,"gammarus_tigrinus",125
"GAM","PA2","RUN3",0.707,"Gammarustigrinus",0.927,"gammarus_tigrinus",125
"XGBOOST","PA2","RUN3",0.707,"Gammarustigrinus",0.925,"gammarus_tigrinus",125
"RF","PA2","RUN4",0.853,"Gammarustigrinus",0.968,"gammarus_tigrinus",125
"MAXNET","PA2","RUN4",0.907,"Gammarustigrinus",0.973,"gammarus_tigrinus",125
"MARS","PA2","RUN4",0.84,"Gammarustigrinus",0.965,"gammarus_tigrinus",125
"GAM","PA2","RUN4",0.8,"Gammarustigrinus",0.943,"gammarus_tigrinus",125
"XGBOOST","PA2","RUN4",0.787,"Gammarustigrinus",0.943,"gammarus_tigrinus",125
"RF","PA2","RUN5",0.68,"Gammarustigrinus",0.915,"gammarus_tigrinus",125
"MAXNET","PA2","RUN5",0.68,"Gammarustigrinus",0.913,"gammarus_tigrinus",125
"MARS","PA2","RUN5",0.56,"Gammarustigrinus",0.858,"gammarus_tigrinus",125
"GAM","PA2","RUN5",0.72,"Gammarustigrinus",0.924,"gammarus_tigrinus",125
"XGBOOST","PA2","RUN5",0.693,"Gammarustigrinus",0.886,"gammarus_tigrinus",125
"RF","PA2","allRun",NA,"Gammarustigrinus",NA,"gammarus_tigrinus",125
"MAXNET","PA2","allRun",NA,"Gammarustigrinus",NA,"gammarus_tigrinus",125
"MARS","PA2","allRun",NA,"Gammarustigrinus",NA,"gammarus_tigrinus",125
"GAM","PA2","allRun",NA,"Gammarustigrinus",NA,"gammarus_tigrinus",125
"XGBOOST","PA2","allRun",NA,"Gammarustigrinus",NA,"gammarus_tigrinus",125
"RF","PA3","RUN1",0.787,"Gammarustigrinus",0.934,"gammarus_tigrinus",125
"MAXNET","PA3","RUN1",0.893,"Gammarustigrinus",0.947,"gammarus_tigrinus",125
"MARS","PA3","RUN1",0.907,"Gammarustigrinus",0.955,"gammarus_tigrinus",125
"GAM","PA3","RUN1",0.827,"Gammarustigrinus",0.958,"gammarus_tigrinus",125
"XGBOOST","PA3","RUN1",0.72,"Gammarustigrinus",0.905,"gammarus_tigrinus",125
"RF","PA3","RUN2",0.853,"Gammarustigrinus",0.941,"gammarus_tigrinus",125
"MAXNET","PA3","RUN2",0.773,"Gammarustigrinus",0.955,"gammarus_tigrinus",125
"MARS","PA3","RUN2",0.84,"Gammarustigrinus",0.964,"gammarus_tigrinus",125
"GAM","PA3","RUN2",0.8,"Gammarustigrinus",0.957,"gammarus_tigrinus",125
"XGBOOST","PA3","RUN2",0.773,"Gammarustigrinus",0.94,"gammarus_tigrinus",125
"RF","PA3","RUN3",0.787,"Gammarustigrinus",0.953,"gammarus_tigrinus",125
"MAXNET","PA3","RUN3",0.747,"Gammarustigrinus",0.949,"gammarus_tigrinus",125
"MARS","PA3","RUN3",0.8,"Gammarustigrinus",0.946,"gammarus_tigrinus",125
"GAM","PA3","RUN3",0.733,"Gammarustigrinus",0.942,"gammarus_tigrinus",125
"XGBOOST","PA3","RUN3",0.773,"Gammarustigrinus",0.955,"gammarus_tigrinus",125
"RF","PA3","RUN4",0.787,"Gammarustigrinus",0.95,"gammarus_tigrinus",125
"MAXNET","PA3","RUN4",0.787,"Gammarustigrinus",0.95,"gammarus_tigrinus",125
"MARS","PA3","RUN4",0.8,"Gammarustigrinus",0.963,"gammarus_tigrinus",125
"GAM","PA3","RUN4",0.787,"Gammarustigrinus",0.927,"gammarus_tigrinus",125
"XGBOOST","PA3","RUN4",0.733,"Gammarustigrinus",0.902,"gammarus_tigrinus",125
"RF","PA3","RUN5",0.8,"Gammarustigrinus",0.966,"gammarus_tigrinus",125
"MAXNET","PA3","RUN5",0.853,"Gammarustigrinus",0.967,"gammarus_tigrinus",125
"MARS","PA3","RUN5",0.6,"Gammarustigrinus",0.943,"gammarus_tigrinus",125
"GAM","PA3","RUN5",0.773,"Gammarustigrinus",0.969,"gammarus_tigrinus",125
"XGBOOST","PA3","RUN5",0.773,"Gammarustigrinus",0.943,"gammarus_tigrinus",125
"RF","PA3","allRun",NA,"Gammarustigrinus",NA,"gammarus_tigrinus",125
"MAXNET","PA3","allRun",NA,"Gammarustigrinus",NA,"gammarus_tigrinus",125
"MARS","PA3","allRun",NA,"Gammarustigrinus",NA,"gammarus_tigrinus",125
"GAM","PA3","allRun",NA,"Gammarustigrinus",NA,"gammarus_tigrinus",125
"XGBOOST","PA3","allRun",NA,"Gammarustigrinus",NA,"gammarus_tigrinus",125
"RF","allData","allRun",NA,"Gammarustigrinus",NA,"gammarus_tigrinus",125
"MAXNET","allData","allRun",NA,"Gammarustigrinus",NA,"gammarus_tigrinus",125
"MARS","allData","allRun",NA,"Gammarustigrinus",NA,"gammarus_tigrinus",125
"GAM","allData","allRun",NA,"Gammarustigrinus",NA,"gammarus_tigrinus",125
"XGBOOST","allData","allRun",NA,"Gammarustigrinus",NA,"gammarus_tigrinus",125
"RF","PA1","RUN1",0.688,"Gonionemusvertens",0.934,"gonionemus_vertens",63
"MAXNET","PA1","RUN1",0.609,"Gonionemusvertens",0.883,"gonionemus_vertens",63
"MARS","PA1","RUN1",0.739,"Gonionemusvertens",0.881,"gonionemus_vertens",63
"GAM","PA1","RUN1",0.431,"Gonionemusvertens",0.802,"gonionemus_vertens",63
"XGBOOST","PA1","RUN1",0.763,"Gonionemusvertens",0.918,"gonionemus_vertens",63
"RF","PA1","RUN2",0.752,"Gonionemusvertens",0.893,"gonionemus_vertens",63
"MAXNET","PA1","RUN2",0.615,"Gonionemusvertens",0.921,"gonionemus_vertens",63
"MARS","PA1","RUN2",0.588,"Gonionemusvertens",0.874,"gonionemus_vertens",63
"GAM","PA1","RUN2",0.372,"Gonionemusvertens",0.851,"gonionemus_vertens",63
"XGBOOST","PA1","RUN2",0.617,"Gonionemusvertens",0.814,"gonionemus_vertens",63
"RF","PA1","RUN3",0.431,"Gonionemusvertens",0.766,"gonionemus_vertens",63
"MAXNET","PA1","RUN3",0.532,"Gonionemusvertens",0.808,"gonionemus_vertens",63
"MARS","PA1","RUN3",0.377,"Gonionemusvertens",0.77,"gonionemus_vertens",63
"GAM","PA1","RUN3",0.377,"Gonionemusvertens",0.741,"gonionemus_vertens",63
"XGBOOST","PA1","RUN3",0.482,"Gonionemusvertens",0.826,"gonionemus_vertens",63
"RF","PA1","RUN4",0.642,"Gonionemusvertens",0.868,"gonionemus_vertens",63
"MAXNET","PA1","RUN4",0.673,"Gonionemusvertens",0.865,"gonionemus_vertens",63
"MARS","PA1","RUN4",0.615,"Gonionemusvertens",0.864,"gonionemus_vertens",63
"GAM","PA1","RUN4",0.644,"Gonionemusvertens",0.875,"gonionemus_vertens",63
"XGBOOST","PA1","RUN4",0.725,"Gonionemusvertens",0.881,"gonionemus_vertens",63
"RF","PA1","RUN5",0.717,"Gonionemusvertens",0.915,"gonionemus_vertens",63
"MAXNET","PA1","RUN5",0.69,"Gonionemusvertens",0.935,"gonionemus_vertens",63
"MARS","PA1","RUN5",0.613,"Gonionemusvertens",0.899,"gonionemus_vertens",63
"GAM","PA1","RUN5",0.431,"Gonionemusvertens",0.844,"gonionemus_vertens",63
"XGBOOST","PA1","RUN5",0.534,"Gonionemusvertens",0.842,"gonionemus_vertens",63
"RF","PA1","allRun",NA,"Gonionemusvertens",NA,"gonionemus_vertens",63
"MAXNET","PA1","allRun",NA,"Gonionemusvertens",NA,"gonionemus_vertens",63
"MARS","PA1","allRun",NA,"Gonionemusvertens",NA,"gonionemus_vertens",63
"GAM","PA1","allRun",NA,"Gonionemusvertens",NA,"gonionemus_vertens",63
"XGBOOST","PA1","allRun",NA,"Gonionemusvertens",NA,"gonionemus_vertens",63
"RF","PA2","RUN1",0.534,"Gonionemusvertens",0.861,"gonionemus_vertens",63
"MAXNET","PA2","RUN1",0.508,"Gonionemusvertens",0.877,"gonionemus_vertens",63
"MARS","PA2","RUN1",0.536,"Gonionemusvertens",0.889,"gonionemus_vertens",63
"GAM","PA2","RUN1",0.429,"Gonionemusvertens",0.842,"gonionemus_vertens",63
"XGBOOST","PA2","RUN1",0.611,"Gonionemusvertens",0.867,"gonionemus_vertens",63
"RF","PA2","RUN2",0.728,"Gonionemusvertens",0.908,"gonionemus_vertens",63
"MAXNET","PA2","RUN2",0.535,"Gonionemusvertens",0.925,"gonionemus_vertens",63
"MARS","PA2","RUN2",0.706,"Gonionemusvertens",0.947,"gonionemus_vertens",63
"GAM","PA2","RUN2",0.535,"Gonionemusvertens",0.911,"gonionemus_vertens",63
"XGBOOST","PA2","RUN2",0.456,"Gonionemusvertens",0.851,"gonionemus_vertens",63
"RF","PA2","RUN3",0.503,"Gonionemusvertens",0.819,"gonionemus_vertens",63
"MAXNET","PA2","RUN3",0.48,"Gonionemusvertens",0.806,"gonionemus_vertens",63
"MARS","PA2","RUN3",0.534,"Gonionemusvertens",0.82,"gonionemus_vertens",63
"GAM","PA2","RUN3",0.526,"Gonionemusvertens",0.826,"gonionemus_vertens",63
"XGBOOST","PA2","RUN3",0.557,"Gonionemusvertens",0.775,"gonionemus_vertens",63
"RF","PA2","RUN4",0.561,"Gonionemusvertens",0.839,"gonionemus_vertens",63
"MAXNET","PA2","RUN4",0.649,"Gonionemusvertens",0.84,"gonionemus_vertens",63
"MARS","PA2","RUN4",0.702,"Gonionemusvertens",0.871,"gonionemus_vertens",63
"GAM","PA2","RUN4",0.509,"Gonionemusvertens",0.829,"gonionemus_vertens",63
"XGBOOST","PA2","RUN4",0.785,"Gonionemusvertens",0.868,"gonionemus_vertens",63
"RF","PA2","RUN5",0.868,"Gonionemusvertens",0.98,"gonionemus_vertens",63
"MAXNET","PA2","RUN5",0.763,"Gonionemusvertens",0.984,"gonionemus_vertens",63
"MARS","PA2","RUN5",0.868,"Gonionemusvertens",0.98,"gonionemus_vertens",63
"GAM","PA2","RUN5",0.737,"Gonionemusvertens",0.988,"gonionemus_vertens",63
"XGBOOST","PA2","RUN5",0.688,"Gonionemusvertens",0.909,"gonionemus_vertens",63
"RF","PA2","allRun",NA,"Gonionemusvertens",NA,"gonionemus_vertens",63
"MAXNET","PA2","allRun",NA,"Gonionemusvertens",NA,"gonionemus_vertens",63
"MARS","PA2","allRun",NA,"Gonionemusvertens",NA,"gonionemus_vertens",63
"GAM","PA2","allRun",NA,"Gonionemusvertens",NA,"gonionemus_vertens",63
"XGBOOST","PA2","allRun",NA,"Gonionemusvertens",NA,"gonionemus_vertens",63
"RF","PA3","RUN1",0.431,"Gonionemusvertens",0.791,"gonionemus_vertens",63
"MAXNET","PA3","RUN1",0.482,"Gonionemusvertens",0.779,"gonionemus_vertens",63
"MARS","PA3","RUN1",0.429,"Gonionemusvertens",0.729,"gonionemus_vertens",63
"GAM","PA3","RUN1",0.48,"Gonionemusvertens",0.747,"gonionemus_vertens",63
"XGBOOST","PA3","RUN1",0.379,"Gonionemusvertens",0.788,"gonionemus_vertens",63
"RF","PA3","RUN2",0.566,"Gonionemusvertens",0.916,"gonionemus_vertens",63
"MAXNET","PA3","RUN2",0.654,"Gonionemusvertens",0.902,"gonionemus_vertens",63
"MARS","PA3","RUN2",0.605,"Gonionemusvertens",0.89,"gonionemus_vertens",63
"GAM","PA3","RUN2",0.785,"Gonionemusvertens",0.91,"gonionemus_vertens",63
"XGBOOST","PA3","RUN2",0.654,"Gonionemusvertens",0.868,"gonionemus_vertens",63
"RF","PA3","RUN3",0.507,"Gonionemusvertens",0.846,"gonionemus_vertens",63
"MAXNET","PA3","RUN3",0.607,"Gonionemusvertens",0.84,"gonionemus_vertens",63
"MARS","PA3","RUN3",0.48,"Gonionemusvertens",0.856,"gonionemus_vertens",63
"GAM","PA3","RUN3",0.453,"Gonionemusvertens",0.817,"gonionemus_vertens",63
"XGBOOST","PA3","RUN3",0.557,"Gonionemusvertens",0.799,"gonionemus_vertens",63
"RF","PA3","RUN4",0.535,"Gonionemusvertens",0.852,"gonionemus_vertens",63
"MAXNET","PA3","RUN4",0.368,"Gonionemusvertens",0.854,"gonionemus_vertens",63
"MARS","PA3","RUN4",0.32,"Gonionemusvertens",0.761,"gonionemus_vertens",63
"GAM","PA3","RUN4",0.377,"Gonionemusvertens",0.855,"gonionemus_vertens",63
"XGBOOST","PA3","RUN4",0.671,"Gonionemusvertens",0.871,"gonionemus_vertens",63
"RF","PA3","RUN5",0.636,"Gonionemusvertens",0.867,"gonionemus_vertens",63
"MAXNET","PA3","RUN5",0.455,"Gonionemusvertens",0.852,"gonionemus_vertens",63
"MARS","PA3","RUN5",0.377,"Gonionemusvertens",0.722,"gonionemus_vertens",63
"GAM","PA3","RUN5",0.455,"Gonionemusvertens",0.819,"gonionemus_vertens",63
"XGBOOST","PA3","RUN5",0.532,"Gonionemusvertens",0.834,"gonionemus_vertens",63
"RF","PA3","allRun",NA,"Gonionemusvertens",NA,"gonionemus_vertens",63
"MAXNET","PA3","allRun",NA,"Gonionemusvertens",NA,"gonionemus_vertens",63
"MARS","PA3","allRun",NA,"Gonionemusvertens",NA,"gonionemus_vertens",63
"GAM","PA3","allRun",NA,"Gonionemusvertens",NA,"gonionemus_vertens",63
"XGBOOST","PA3","allRun",NA,"Gonionemusvertens",NA,"gonionemus_vertens",63
"RF","allData","allRun",NA,"Gonionemusvertens",NA,"gonionemus_vertens",63
"MAXNET","allData","allRun",NA,"Gonionemusvertens",NA,"gonionemus_vertens",63
"MARS","allData","allRun",NA,"Gonionemusvertens",NA,"gonionemus_vertens",63
"GAM","allData","allRun",NA,"Gonionemusvertens",NA,"gonionemus_vertens",63
"XGBOOST","allData","allRun",NA,"Gonionemusvertens",NA,"gonionemus_vertens",63
"RF","PA1","RUN1",0.5,"Haloajaponica",0.977,"haloa_japonica",18
"MAXNET","PA1","RUN1",0.659,"Haloajaponica",0.977,"haloa_japonica",18
"MARS","PA1","RUN1",0.659,"Haloajaponica",0.886,"haloa_japonica",18
"GAM","PA1","RUN1",0.659,"Haloajaponica",0.83,"haloa_japonica",18
"XGBOOST","PA1","RUN1",0.5,"Haloajaponica",0.932,"haloa_japonica",18
"RF","PA1","RUN2",0.576,"Haloajaponica",0.909,"haloa_japonica",18
"MAXNET","PA1","RUN2",0.576,"Haloajaponica",0.909,"haloa_japonica",18
"MARS","PA1","RUN2",0.636,"Haloajaponica",0.818,"haloa_japonica",18
"GAM","PA1","RUN2",0.394,"Haloajaponica",0.697,"haloa_japonica",18
"XGBOOST","PA1","RUN2",0.576,"Haloajaponica",0.909,"haloa_japonica",18
"RF","PA1","RUN3",0.45,"Haloajaponica",0.75,"haloa_japonica",18
"MAXNET","PA1","RUN3",0.3,"Haloajaponica",0.7,"haloa_japonica",18
"MARS","PA1","RUN3",0.6,"Haloajaponica",0.825,"haloa_japonica",18
"GAM","PA1","RUN3",0.35,"Haloajaponica",0.675,"haloa_japonica",18
"XGBOOST","PA1","RUN3",0.05,"Haloajaponica",0.675,"haloa_japonica",18
"RF","PA1","RUN4",-0.091,"Haloajaponica",0.879,"haloa_japonica",18
"MAXNET","PA1","RUN4",0.818,"Haloajaponica",0.939,"haloa_japonica",18
"MARS","PA1","RUN4",0.576,"Haloajaponica",0.773,"haloa_japonica",18
"GAM","PA1","RUN4",0.485,"Haloajaponica",0.712,"haloa_japonica",18
"XGBOOST","PA1","RUN4",0.818,"Haloajaponica",0.894,"haloa_japonica",18
"RF","PA1","RUN5",0.159,"Haloajaponica",0.932,"haloa_japonica",18
"MAXNET","PA1","RUN5",0.659,"Haloajaponica",0.955,"haloa_japonica",18
"MARS","PA1","RUN5",0,"Haloajaponica",0.5,"haloa_japonica",18
"GAM","PA1","RUN5",0,"Haloajaponica",0.5,"haloa_japonica",18
"XGBOOST","PA1","RUN5",0.159,"Haloajaponica",0.773,"haloa_japonica",18
"RF","PA1","allRun",NA,"Haloajaponica",NA,"haloa_japonica",18
"MAXNET","PA1","allRun",NA,"Haloajaponica",NA,"haloa_japonica",18
"MARS","PA1","allRun",NA,"Haloajaponica",NA,"haloa_japonica",18
"GAM","PA1","allRun",NA,"Haloajaponica",NA,"haloa_japonica",18
"XGBOOST","PA1","allRun",NA,"Haloajaponica",NA,"haloa_japonica",18
"RF","PA2","RUN1",0.25,"Haloajaponica",0.864,"haloa_japonica",18
"MAXNET","PA2","RUN1",0.568,"Haloajaponica",0.841,"haloa_japonica",18
"MARS","PA2","RUN1",0.409,"Haloajaponica",0.693,"haloa_japonica",18
"GAM","PA2","RUN1",-0.182,"Haloajaponica",0.409,"haloa_japonica",18
"XGBOOST","PA2","RUN1",0.159,"Haloajaponica",0.818,"haloa_japonica",18
"RF","PA2","RUN2",0.576,"Haloajaponica",0.879,"haloa_japonica",18
"MAXNET","PA2","RUN2",0.909,"Haloajaponica",0.97,"haloa_japonica",18
"MARS","PA2","RUN2",0.667,"Haloajaponica",0.97,"haloa_japonica",18
"GAM","PA2","RUN2",-0.212,"Haloajaponica",0.47,"haloa_japonica",18
"XGBOOST","PA2","RUN2",0.242,"Haloajaponica",0.909,"haloa_japonica",18
"RF","PA2","RUN3",-0.1,"Haloajaponica",0.9,"haloa_japonica",18
"MAXNET","PA2","RUN3",0.65,"Haloajaponica",0.9,"haloa_japonica",18
"MARS","PA2","RUN3",0.5,"Haloajaponica",0.75,"haloa_japonica",18
"GAM","PA2","RUN3",0.05,"Haloajaponica",0.625,"haloa_japonica",18
"XGBOOST","PA2","RUN3",0.3,"Haloajaponica",0.85,"haloa_japonica",18
"RF","PA2","RUN4",0.727,"Haloajaponica",0.909,"haloa_japonica",18
"MAXNET","PA2","RUN4",0.727,"Haloajaponica",0.879,"haloa_japonica",18
"MARS","PA2","RUN4",0.727,"Haloajaponica",0.864,"haloa_japonica",18
"GAM","PA2","RUN4",0.394,"Haloajaponica",0.682,"haloa_japonica",18
"XGBOOST","PA2","RUN4",0.818,"Haloajaponica",0.955,"haloa_japonica",18
"RF","PA2","RUN5",0.75,"Haloajaponica",0.898,"haloa_japonica",18
"MAXNET","PA2","RUN5",0.159,"Haloajaponica",0.886,"haloa_japonica",18
"MARS","PA2","RUN5",0.75,"Haloajaponica",0.852,"haloa_japonica",18
"GAM","PA2","RUN5",0.409,"Haloajaponica",0.682,"haloa_japonica",18
"XGBOOST","PA2","RUN5",0.75,"Haloajaponica",0.864,"haloa_japonica",18
"RF","PA2","allRun",NA,"Haloajaponica",NA,"haloa_japonica",18
"MAXNET","PA2","allRun",NA,"Haloajaponica",NA,"haloa_japonica",18
"MARS","PA2","allRun",NA,"Haloajaponica",NA,"haloa_japonica",18
"GAM","PA2","allRun",NA,"Haloajaponica",NA,"haloa_japonica",18
"XGBOOST","PA2","allRun",NA,"Haloajaponica",NA,"haloa_japonica",18
"RF","PA3","RUN1",0.659,"Haloajaponica",0.955,"haloa_japonica",18
"MAXNET","PA3","RUN1",0.727,"Haloajaponica",0.864,"haloa_japonica",18
"MARS","PA3","RUN1",0.727,"Haloajaponica",0.864,"haloa_japonica",18
"GAM","PA3","RUN1",0.636,"Haloajaponica",0.818,"haloa_japonica",18
"XGBOOST","PA3","RUN1",0.727,"Haloajaponica",0.864,"haloa_japonica",18
"RF","PA3","RUN2",0.485,"Haloajaponica",0.848,"haloa_japonica",18
"MAXNET","PA3","RUN2",0.152,"Haloajaponica",0.758,"haloa_japonica",18
"MARS","PA3","RUN2",0.818,"Haloajaponica",0.879,"haloa_japonica",18
"GAM","PA3","RUN2",0.667,"Haloajaponica",0.833,"haloa_japonica",18
"XGBOOST","PA3","RUN2",0.485,"Haloajaponica",0.803,"haloa_japonica",18
"RF","PA3","RUN3",0.5,"Haloajaponica",1,"haloa_japonica",18
"MAXNET","PA3","RUN3",0.75,"Haloajaponica",1,"haloa_japonica",18
"MARS","PA3","RUN3",0.25,"Haloajaponica",0.625,"haloa_japonica",18
"GAM","PA3","RUN3",0.55,"Haloajaponica",0.75,"haloa_japonica",18
"XGBOOST","PA3","RUN3",0.75,"Haloajaponica",1,"haloa_japonica",18
"RF","PA3","RUN4",0.576,"Haloajaponica",0.909,"haloa_japonica",18
"MAXNET","PA3","RUN4",0.333,"Haloajaponica",0.788,"haloa_japonica",18
"MARS","PA3","RUN4",0.394,"Haloajaponica",0.697,"haloa_japonica",18
"GAM","PA3","RUN4",0.061,"Haloajaponica",0.53,"haloa_japonica",18
"XGBOOST","PA3","RUN4",0.667,"Haloajaponica",0.985,"haloa_japonica",18
"RF","PA3","RUN5",0.659,"Haloajaponica",0.909,"haloa_japonica",18
"MAXNET","PA3","RUN5",0.818,"Haloajaponica",0.977,"haloa_japonica",18
"MARS","PA3","RUN5",0.227,"Haloajaponica",0.67,"haloa_japonica",18
"GAM","PA3","RUN5",0.659,"Haloajaponica",0.83,"haloa_japonica",18
"XGBOOST","PA3","RUN5",0.568,"Haloajaponica",0.886,"haloa_japonica",18
"RF","PA3","allRun",NA,"Haloajaponica",NA,"haloa_japonica",18
"MAXNET","PA3","allRun",NA,"Haloajaponica",NA,"haloa_japonica",18
"MARS","PA3","allRun",NA,"Haloajaponica",NA,"haloa_japonica",18
"GAM","PA3","allRun",NA,"Haloajaponica",NA,"haloa_japonica",18
"XGBOOST","PA3","allRun",NA,"Haloajaponica",NA,"haloa_japonica",18
"RF","allData","allRun",NA,"Haloajaponica",NA,"haloa_japonica",18
"MAXNET","allData","allRun",NA,"Haloajaponica",NA,"haloa_japonica",18
"MARS","allData","allRun",NA,"Haloajaponica",NA,"haloa_japonica",18
"GAM","allData","allRun",NA,"Haloajaponica",NA,"haloa_japonica",18
"XGBOOST","allData","allRun",NA,"Haloajaponica",NA,"haloa_japonica",18
"RF","PA1","RUN1",0.549,"Haminellasolitaria",0.882,"haminella_solitaria",29
"MAXNET","PA1","RUN1",0.598,"Haminellasolitaria",0.873,"haminella_solitaria",29
"MARS","PA1","RUN1",0.608,"Haminellasolitaria",0.824,"haminella_solitaria",29
"GAM","PA1","RUN1",0.657,"Haminellasolitaria",0.779,"haminella_solitaria",29
"XGBOOST","PA1","RUN1",0.441,"Haminellasolitaria",0.873,"haminella_solitaria",29
"RF","PA1","RUN2",0.944,"Haminellasolitaria",0.991,"haminella_solitaria",29
"MAXNET","PA1","RUN2",0.722,"Haminellasolitaria",0.972,"haminella_solitaria",29
"MARS","PA1","RUN2",0.778,"Haminellasolitaria",0.944,"haminella_solitaria",29
"GAM","PA1","RUN2",0.389,"Haminellasolitaria",0.866,"haminella_solitaria",29
"XGBOOST","PA1","RUN2",0.722,"Haminellasolitaria",0.954,"haminella_solitaria",29
"RF","PA1","RUN3",0.482,"Haminellasolitaria",0.835,"haminella_solitaria",29
"MAXNET","PA1","RUN3",0.541,"Haminellasolitaria",0.894,"haminella_solitaria",29
"MARS","PA1","RUN3",0.682,"Haminellasolitaria",0.829,"haminella_solitaria",29
"GAM","PA1","RUN3",0.365,"Haminellasolitaria",0.7,"haminella_solitaria",29
"XGBOOST","PA1","RUN3",0.082,"Haminellasolitaria",0.788,"haminella_solitaria",29
"RF","PA1","RUN4",0.611,"Haminellasolitaria",0.944,"haminella_solitaria",29
"MAXNET","PA1","RUN4",0.611,"Haminellasolitaria",0.87,"haminella_solitaria",29
"MARS","PA1","RUN4",0.333,"Haminellasolitaria",0.75,"haminella_solitaria",29
"GAM","PA1","RUN4",0.444,"Haminellasolitaria",0.708,"haminella_solitaria",29
"XGBOOST","PA1","RUN4",0.778,"Haminellasolitaria",0.819,"haminella_solitaria",29
"RF","PA1","RUN5",0.657,"Haminellasolitaria",0.902,"haminella_solitaria",29
"MAXNET","PA1","RUN5",0.598,"Haminellasolitaria",0.804,"haminella_solitaria",29
"MARS","PA1","RUN5",0.324,"Haminellasolitaria",0.716,"haminella_solitaria",29
"GAM","PA1","RUN5",0.598,"Haminellasolitaria",0.853,"haminella_solitaria",29
"XGBOOST","PA1","RUN5",0.382,"Haminellasolitaria",0.868,"haminella_solitaria",29
"RF","PA1","allRun",NA,"Haminellasolitaria",NA,"haminella_solitaria",29
"MAXNET","PA1","allRun",NA,"Haminellasolitaria",NA,"haminella_solitaria",29
"MARS","PA1","allRun",NA,"Haminellasolitaria",NA,"haminella_solitaria",29
"GAM","PA1","allRun",NA,"Haminellasolitaria",NA,"haminella_solitaria",29
"XGBOOST","PA1","allRun",NA,"Haminellasolitaria",NA,"haminella_solitaria",29
"RF","PA2","RUN1",0.255,"Haminellasolitaria",0.716,"haminella_solitaria",29
"MAXNET","PA2","RUN1",0.147,"Haminellasolitaria",0.686,"haminella_solitaria",29
"MARS","PA2","RUN1",0.206,"Haminellasolitaria",0.627,"haminella_solitaria",29
"GAM","PA2","RUN1",0.098,"Haminellasolitaria",0.549,"haminella_solitaria",29
"XGBOOST","PA2","RUN1",0.255,"Haminellasolitaria",0.701,"haminella_solitaria",29
"RF","PA2","RUN2",0.944,"Haminellasolitaria",0.981,"haminella_solitaria",29
"MAXNET","PA2","RUN2",0.889,"Haminellasolitaria",0.972,"haminella_solitaria",29
"MARS","PA2","RUN2",0.722,"Haminellasolitaria",0.889,"haminella_solitaria",29
"GAM","PA2","RUN2",0.722,"Haminellasolitaria",0.917,"haminella_solitaria",29
"XGBOOST","PA2","RUN2",0.722,"Haminellasolitaria",0.94,"haminella_solitaria",29
"RF","PA2","RUN3",-0.118,"Haminellasolitaria",0.812,"haminella_solitaria",29
"MAXNET","PA2","RUN3",0.165,"Haminellasolitaria",0.718,"haminella_solitaria",29
"MARS","PA2","RUN3",0.082,"Haminellasolitaria",0.788,"haminella_solitaria",29
"GAM","PA2","RUN3",0.106,"Haminellasolitaria",0.553,"haminella_solitaria",29
"XGBOOST","PA2","RUN3",0.482,"Haminellasolitaria",0.8,"haminella_solitaria",29
"RF","PA2","RUN4",0.722,"Haminellasolitaria",0.935,"haminella_solitaria",29
"MAXNET","PA2","RUN4",0.778,"Haminellasolitaria",0.981,"haminella_solitaria",29
"MARS","PA2","RUN4",0.167,"Haminellasolitaria",0.583,"haminella_solitaria",29
"GAM","PA2","RUN4",0.5,"Haminellasolitaria",0.88,"haminella_solitaria",29
"XGBOOST","PA2","RUN4",0.611,"Haminellasolitaria",0.819,"haminella_solitaria",29
"RF","PA2","RUN5",0.833,"Haminellasolitaria",0.99,"haminella_solitaria",29
"MAXNET","PA2","RUN5",0.657,"Haminellasolitaria",0.971,"haminella_solitaria",29
"MARS","PA2","RUN5",0.765,"Haminellasolitaria",0.951,"haminella_solitaria",29
"GAM","PA2","RUN5",0.824,"Haminellasolitaria",1,"haminella_solitaria",29
"XGBOOST","PA2","RUN5",0.608,"Haminellasolitaria",0.941,"haminella_solitaria",29
"RF","PA2","allRun",NA,"Haminellasolitaria",NA,"haminella_solitaria",29
"MAXNET","PA2","allRun",NA,"Haminellasolitaria",NA,"haminella_solitaria",29
"MARS","PA2","allRun",NA,"Haminellasolitaria",NA,"haminella_solitaria",29
"GAM","PA2","allRun",NA,"Haminellasolitaria",NA,"haminella_solitaria",29
"XGBOOST","PA2","allRun",NA,"Haminellasolitaria",NA,"haminella_solitaria",29
"RF","PA3","RUN1",0.441,"Haminellasolitaria",0.951,"haminella_solitaria",29
"MAXNET","PA3","RUN1",0.765,"Haminellasolitaria",0.902,"haminella_solitaria",29
"MARS","PA3","RUN1",0.765,"Haminellasolitaria",0.931,"haminella_solitaria",29
"GAM","PA3","RUN1",0.598,"Haminellasolitaria",0.765,"haminella_solitaria",29
"XGBOOST","PA3","RUN1",0.608,"Haminellasolitaria",0.946,"haminella_solitaria",29
"RF","PA3","RUN2",0.556,"Haminellasolitaria",0.907,"haminella_solitaria",29
"MAXNET","PA3","RUN2",0.611,"Haminellasolitaria",0.829,"haminella_solitaria",29
"MARS","PA3","RUN2",0.556,"Haminellasolitaria",0.773,"haminella_solitaria",29
"GAM","PA3","RUN2",0.556,"Haminellasolitaria",0.801,"haminella_solitaria",29
"XGBOOST","PA3","RUN2",0.5,"Haminellasolitaria",0.866,"haminella_solitaria",29
"RF","PA3","RUN3",0.624,"Haminellasolitaria",0.871,"haminella_solitaria",29
"MAXNET","PA3","RUN3",0.765,"Haminellasolitaria",0.906,"haminella_solitaria",29
"MARS","PA3","RUN3",0.647,"Haminellasolitaria",0.882,"haminella_solitaria",29
"GAM","PA3","RUN3",0.565,"Haminellasolitaria",0.906,"haminella_solitaria",29
"XGBOOST","PA3","RUN3",0.706,"Haminellasolitaria",0.882,"haminella_solitaria",29
"RF","PA3","RUN4",0.444,"Haminellasolitaria",0.944,"haminella_solitaria",29
"MAXNET","PA3","RUN4",0.444,"Haminellasolitaria",0.944,"haminella_solitaria",29
"MARS","PA3","RUN4",0.167,"Haminellasolitaria",0.704,"haminella_solitaria",29
"GAM","PA3","RUN4",0.222,"Haminellasolitaria",0.745,"haminella_solitaria",29
"XGBOOST","PA3","RUN4",0.611,"Haminellasolitaria",0.931,"haminella_solitaria",29
"RF","PA3","RUN5",0.324,"Haminellasolitaria",0.814,"haminella_solitaria",29
"MAXNET","PA3","RUN5",0.265,"Haminellasolitaria",0.819,"haminella_solitaria",29
"MARS","PA3","RUN5",0.324,"Haminellasolitaria",0.784,"haminella_solitaria",29
"GAM","PA3","RUN5",0.206,"Haminellasolitaria",0.804,"haminella_solitaria",29
"XGBOOST","PA3","RUN5",0.324,"Haminellasolitaria",0.804,"haminella_solitaria",29
"RF","PA3","allRun",NA,"Haminellasolitaria",NA,"haminella_solitaria",29
"MAXNET","PA3","allRun",NA,"Haminellasolitaria",NA,"haminella_solitaria",29
"MARS","PA3","allRun",NA,"Haminellasolitaria",NA,"haminella_solitaria",29
"GAM","PA3","allRun",NA,"Haminellasolitaria",NA,"haminella_solitaria",29
"XGBOOST","PA3","allRun",NA,"Haminellasolitaria",NA,"haminella_solitaria",29
"RF","allData","allRun",NA,"Haminellasolitaria",NA,"haminella_solitaria",29
"MAXNET","allData","allRun",NA,"Haminellasolitaria",NA,"haminella_solitaria",29
"MARS","allData","allRun",NA,"Haminellasolitaria",NA,"haminella_solitaria",29
"GAM","allData","allRun",NA,"Haminellasolitaria",NA,"haminella_solitaria",29
"XGBOOST","allData","allRun",NA,"Haminellasolitaria",NA,"haminella_solitaria",29
"RF","PA1","RUN1",0.68,"Hemigrapsustakanoi",0.958,"hemigrapsus_takanoi",132
"MAXNET","PA1","RUN1",0.783,"Hemigrapsustakanoi",0.959,"hemigrapsus_takanoi",132
"MARS","PA1","RUN1",0.732,"Hemigrapsustakanoi",0.948,"hemigrapsus_takanoi",132
"GAM","PA1","RUN1",0.757,"Hemigrapsustakanoi",0.96,"hemigrapsus_takanoi",132
"XGBOOST","PA1","RUN1",0.77,"Hemigrapsustakanoi",0.959,"hemigrapsus_takanoi",132
"RF","PA1","RUN2",0.801,"Hemigrapsustakanoi",0.972,"hemigrapsus_takanoi",132
"MAXNET","PA1","RUN2",0.787,"Hemigrapsustakanoi",0.959,"hemigrapsus_takanoi",132
"MARS","PA1","RUN2",0.661,"Hemigrapsustakanoi",0.936,"hemigrapsus_takanoi",132
"GAM","PA1","RUN2",0.663,"Hemigrapsustakanoi",0.939,"hemigrapsus_takanoi",132
"XGBOOST","PA1","RUN2",0.773,"Hemigrapsustakanoi",0.946,"hemigrapsus_takanoi",132
"RF","PA1","RUN3",0.719,"Hemigrapsustakanoi",0.961,"hemigrapsus_takanoi",132
"MAXNET","PA1","RUN3",0.887,"Hemigrapsustakanoi",0.946,"hemigrapsus_takanoi",132
"MARS","PA1","RUN3",0.747,"Hemigrapsustakanoi",0.943,"hemigrapsus_takanoi",132
"GAM","PA1","RUN3",0.812,"Hemigrapsustakanoi",0.965,"hemigrapsus_takanoi",132
"XGBOOST","PA1","RUN3",0.708,"Hemigrapsustakanoi",0.941,"hemigrapsus_takanoi",132
"RF","PA1","RUN4",0.726,"Hemigrapsustakanoi",0.964,"hemigrapsus_takanoi",132
"MAXNET","PA1","RUN4",0.724,"Hemigrapsustakanoi",0.948,"hemigrapsus_takanoi",132
"MARS","PA1","RUN4",0.775,"Hemigrapsustakanoi",0.941,"hemigrapsus_takanoi",132
"GAM","PA1","RUN4",0.725,"Hemigrapsustakanoi",0.951,"hemigrapsus_takanoi",132
"XGBOOST","PA1","RUN4",0.565,"Hemigrapsustakanoi",0.925,"hemigrapsus_takanoi",132
"RF","PA1","RUN5",0.77,"Hemigrapsustakanoi",0.967,"hemigrapsus_takanoi",132
"MAXNET","PA1","RUN5",0.822,"Hemigrapsustakanoi",0.968,"hemigrapsus_takanoi",132
"MARS","PA1","RUN5",0.822,"Hemigrapsustakanoi",0.961,"hemigrapsus_takanoi",132
"GAM","PA1","RUN5",0.771,"Hemigrapsustakanoi",0.965,"hemigrapsus_takanoi",132
"XGBOOST","PA1","RUN5",0.745,"Hemigrapsustakanoi",0.959,"hemigrapsus_takanoi",132
"RF","PA1","allRun",NA,"Hemigrapsustakanoi",NA,"hemigrapsus_takanoi",132
"MAXNET","PA1","allRun",NA,"Hemigrapsustakanoi",NA,"hemigrapsus_takanoi",132
"MARS","PA1","allRun",NA,"Hemigrapsustakanoi",NA,"hemigrapsus_takanoi",132
"GAM","PA1","allRun",NA,"Hemigrapsustakanoi",NA,"hemigrapsus_takanoi",132
"XGBOOST","PA1","allRun",NA,"Hemigrapsustakanoi",NA,"hemigrapsus_takanoi",132
"RF","PA2","RUN1",0.77,"Hemigrapsustakanoi",0.969,"hemigrapsus_takanoi",132
"MAXNET","PA2","RUN1",0.745,"Hemigrapsustakanoi",0.955,"hemigrapsus_takanoi",132
"MARS","PA2","RUN1",0.682,"Hemigrapsustakanoi",0.95,"hemigrapsus_takanoi",132
"GAM","PA2","RUN1",0.745,"Hemigrapsustakanoi",0.945,"hemigrapsus_takanoi",132
"XGBOOST","PA2","RUN1",0.72,"Hemigrapsustakanoi",0.943,"hemigrapsus_takanoi",132
"RF","PA2","RUN2",0.702,"Hemigrapsustakanoi",0.969,"hemigrapsus_takanoi",132
"MAXNET","PA2","RUN2",0.762,"Hemigrapsustakanoi",0.943,"hemigrapsus_takanoi",132
"MARS","PA2","RUN2",0.762,"Hemigrapsustakanoi",0.942,"hemigrapsus_takanoi",132
"GAM","PA2","RUN2",0.713,"Hemigrapsustakanoi",0.938,"hemigrapsus_takanoi",132
"XGBOOST","PA2","RUN2",0.739,"Hemigrapsustakanoi",0.938,"hemigrapsus_takanoi",132
"RF","PA2","RUN3",0.693,"Hemigrapsustakanoi",0.945,"hemigrapsus_takanoi",132
"MAXNET","PA2","RUN3",0.695,"Hemigrapsustakanoi",0.94,"hemigrapsus_takanoi",132
"MARS","PA2","RUN3",0.683,"Hemigrapsustakanoi",0.936,"hemigrapsus_takanoi",132
"GAM","PA2","RUN3",0.786,"Hemigrapsustakanoi",0.91,"hemigrapsus_takanoi",132
"XGBOOST","PA2","RUN3",0.658,"Hemigrapsustakanoi",0.912,"hemigrapsus_takanoi",132
"RF","PA2","RUN4",0.789,"Hemigrapsustakanoi",0.968,"hemigrapsus_takanoi",132
"MAXNET","PA2","RUN4",0.763,"Hemigrapsustakanoi",0.954,"hemigrapsus_takanoi",132
"MARS","PA2","RUN4",0.789,"Hemigrapsustakanoi",0.941,"hemigrapsus_takanoi",132
"GAM","PA2","RUN4",0.75,"Hemigrapsustakanoi",0.921,"hemigrapsus_takanoi",132
"XGBOOST","PA2","RUN4",0.788,"Hemigrapsustakanoi",0.95,"hemigrapsus_takanoi",132
"RF","PA2","RUN5",0.758,"Hemigrapsustakanoi",0.958,"hemigrapsus_takanoi",132
"MAXNET","PA2","RUN5",0.784,"Hemigrapsustakanoi",0.969,"hemigrapsus_takanoi",132
"MARS","PA2","RUN5",0.772,"Hemigrapsustakanoi",0.947,"hemigrapsus_takanoi",132
"GAM","PA2","RUN5",0.784,"Hemigrapsustakanoi",0.947,"hemigrapsus_takanoi",132
"XGBOOST","PA2","RUN5",0.835,"Hemigrapsustakanoi",0.94,"hemigrapsus_takanoi",132
"RF","PA2","allRun",NA,"Hemigrapsustakanoi",NA,"hemigrapsus_takanoi",132
"MAXNET","PA2","allRun",NA,"Hemigrapsustakanoi",NA,"hemigrapsus_takanoi",132
"MARS","PA2","allRun",NA,"Hemigrapsustakanoi",NA,"hemigrapsus_takanoi",132
"GAM","PA2","allRun",NA,"Hemigrapsustakanoi",NA,"hemigrapsus_takanoi",132
"XGBOOST","PA2","allRun",NA,"Hemigrapsustakanoi",NA,"hemigrapsus_takanoi",132
"RF","PA3","RUN1",0.872,"Hemigrapsustakanoi",0.988,"hemigrapsus_takanoi",132
"MAXNET","PA3","RUN1",0.911,"Hemigrapsustakanoi",0.975,"hemigrapsus_takanoi",132
"MARS","PA3","RUN1",0.847,"Hemigrapsustakanoi",0.983,"hemigrapsus_takanoi",132
"GAM","PA3","RUN1",0.911,"Hemigrapsustakanoi",0.974,"hemigrapsus_takanoi",132
"XGBOOST","PA3","RUN1",0.872,"Hemigrapsustakanoi",0.97,"hemigrapsus_takanoi",132
"RF","PA3","RUN2",0.789,"Hemigrapsustakanoi",0.967,"hemigrapsus_takanoi",132
"MAXNET","PA3","RUN2",0.738,"Hemigrapsustakanoi",0.933,"hemigrapsus_takanoi",132
"MARS","PA3","RUN2",0.687,"Hemigrapsustakanoi",0.941,"hemigrapsus_takanoi",132
"GAM","PA3","RUN2",0.738,"Hemigrapsustakanoi",0.919,"hemigrapsus_takanoi",132
"XGBOOST","PA3","RUN2",0.688,"Hemigrapsustakanoi",0.924,"hemigrapsus_takanoi",132
"RF","PA3","RUN3",0.847,"Hemigrapsustakanoi",0.988,"hemigrapsus_takanoi",132
"MAXNET","PA3","RUN3",0.822,"Hemigrapsustakanoi",0.975,"hemigrapsus_takanoi",132
"MARS","PA3","RUN3",0.849,"Hemigrapsustakanoi",0.974,"hemigrapsus_takanoi",132
"GAM","PA3","RUN3",0.709,"Hemigrapsustakanoi",0.944,"hemigrapsus_takanoi",132
"XGBOOST","PA3","RUN3",0.798,"Hemigrapsustakanoi",0.947,"hemigrapsus_takanoi",132
"RF","PA3","RUN4",0.601,"Hemigrapsustakanoi",0.891,"hemigrapsus_takanoi",132
"MAXNET","PA3","RUN4",0.651,"Hemigrapsustakanoi",0.92,"hemigrapsus_takanoi",132
"MARS","PA3","RUN4",0.515,"Hemigrapsustakanoi",0.897,"hemigrapsus_takanoi",132
"GAM","PA3","RUN4",0.65,"Hemigrapsustakanoi",0.906,"hemigrapsus_takanoi",132
"XGBOOST","PA3","RUN4",0.602,"Hemigrapsustakanoi",0.883,"hemigrapsus_takanoi",132
"RF","PA3","RUN5",0.693,"Hemigrapsustakanoi",0.96,"hemigrapsus_takanoi",132
"MAXNET","PA3","RUN5",0.731,"Hemigrapsustakanoi",0.935,"hemigrapsus_takanoi",132
"MARS","PA3","RUN5",0.72,"Hemigrapsustakanoi",0.908,"hemigrapsus_takanoi",132
"GAM","PA3","RUN5",0.681,"Hemigrapsustakanoi",0.943,"hemigrapsus_takanoi",132
"XGBOOST","PA3","RUN5",0.732,"Hemigrapsustakanoi",0.931,"hemigrapsus_takanoi",132
"RF","PA3","allRun",NA,"Hemigrapsustakanoi",NA,"hemigrapsus_takanoi",132
"MAXNET","PA3","allRun",NA,"Hemigrapsustakanoi",NA,"hemigrapsus_takanoi",132
"MARS","PA3","allRun",NA,"Hemigrapsustakanoi",NA,"hemigrapsus_takanoi",132
"GAM","PA3","allRun",NA,"Hemigrapsustakanoi",NA,"hemigrapsus_takanoi",132
"XGBOOST","PA3","allRun",NA,"Hemigrapsustakanoi",NA,"hemigrapsus_takanoi",132
"RF","allData","allRun",NA,"Hemigrapsustakanoi",NA,"hemigrapsus_takanoi",132
"MAXNET","allData","allRun",NA,"Hemigrapsustakanoi",NA,"hemigrapsus_takanoi",132
"MARS","allData","allRun",NA,"Hemigrapsustakanoi",NA,"hemigrapsus_takanoi",132
"GAM","allData","allRun",NA,"Hemigrapsustakanoi",NA,"hemigrapsus_takanoi",132
"XGBOOST","allData","allRun",NA,"Hemigrapsustakanoi",NA,"hemigrapsus_takanoi",132
"RF","PA1","RUN1",0.547,"Herdmaniamomus",0.761,"herdmania_momus",44
"MAXNET","PA1","RUN1",0.397,"Herdmaniamomus",0.803,"herdmania_momus",44
"MARS","PA1","RUN1",0.432,"Herdmaniamomus",0.859,"herdmania_momus",44
"GAM","PA1","RUN1",0.244,"Herdmaniamomus",0.752,"herdmania_momus",44
"XGBOOST","PA1","RUN1",0.547,"Herdmaniamomus",0.776,"herdmania_momus",44
"RF","PA1","RUN2",0.37,"Herdmaniamomus",0.852,"herdmania_momus",44
"MAXNET","PA1","RUN2",0.519,"Herdmaniamomus",0.872,"herdmania_momus",44
"MARS","PA1","RUN2",0.37,"Herdmaniamomus",0.815,"herdmania_momus",44
"GAM","PA1","RUN2",0.667,"Herdmaniamomus",0.835,"herdmania_momus",44
"XGBOOST","PA1","RUN2",0.407,"Herdmaniamomus",0.741,"herdmania_momus",44
"RF","PA1","RUN3",0.192,"Herdmaniamomus",0.659,"herdmania_momus",44
"MAXNET","PA1","RUN3",0.365,"Herdmaniamomus",0.74,"herdmania_momus",44
"MARS","PA1","RUN3",0.413,"Herdmaniamomus",0.745,"herdmania_momus",44
"GAM","PA1","RUN3",0.26,"Herdmaniamomus",0.683,"herdmania_momus",44
"XGBOOST","PA1","RUN3",-0.01,"Herdmaniamomus",0.56,"herdmania_momus",44
"RF","PA1","RUN4",0.259,"Herdmaniamomus",0.792,"herdmania_momus",44
"MAXNET","PA1","RUN4",0.296,"Herdmaniamomus",0.794,"herdmania_momus",44
"MARS","PA1","RUN4",0.296,"Herdmaniamomus",0.753,"herdmania_momus",44
"GAM","PA1","RUN4",0.519,"Herdmaniamomus",0.802,"herdmania_momus",44
"XGBOOST","PA1","RUN4",0.259,"Herdmaniamomus",0.751,"herdmania_momus",44
"RF","PA1","RUN5",0.406,"Herdmaniamomus",0.94,"herdmania_momus",44
"MAXNET","PA1","RUN5",0.406,"Herdmaniamomus",0.855,"herdmania_momus",44
"MARS","PA1","RUN5",0.479,"Herdmaniamomus",0.846,"herdmania_momus",44
"GAM","PA1","RUN5",0.479,"Herdmaniamomus",0.803,"herdmania_momus",44
"XGBOOST","PA1","RUN5",0.59,"Herdmaniamomus",0.868,"herdmania_momus",44
"RF","PA1","allRun",NA,"Herdmaniamomus",NA,"herdmania_momus",44
"MAXNET","PA1","allRun",NA,"Herdmaniamomus",NA,"herdmania_momus",44
"MARS","PA1","allRun",NA,"Herdmaniamomus",NA,"herdmania_momus",44
"GAM","PA1","allRun",NA,"Herdmaniamomus",NA,"herdmania_momus",44
"XGBOOST","PA1","allRun",NA,"Herdmaniamomus",NA,"herdmania_momus",44
"RF","PA2","RUN1",0.295,"Herdmaniamomus",0.861,"herdmania_momus",44
"MAXNET","PA2","RUN1",0.107,"Herdmaniamomus",0.756,"herdmania_momus",44
"MARS","PA2","RUN1",0.218,"Herdmaniamomus",0.838,"herdmania_momus",44
"GAM","PA2","RUN1",0.291,"Herdmaniamomus",0.701,"herdmania_momus",44
"XGBOOST","PA2","RUN1",0.145,"Herdmaniamomus",0.814,"herdmania_momus",44
"RF","PA2","RUN2",0.481,"Herdmaniamomus",0.848,"herdmania_momus",44
"MAXNET","PA2","RUN2",0.593,"Herdmaniamomus",0.827,"herdmania_momus",44
"MARS","PA2","RUN2",0.333,"Herdmaniamomus",0.763,"herdmania_momus",44
"GAM","PA2","RUN2",0.519,"Herdmaniamomus",0.827,"herdmania_momus",44
"XGBOOST","PA2","RUN2",0.444,"Herdmaniamomus",0.798,"herdmania_momus",44
"RF","PA2","RUN3",0.481,"Herdmaniamomus",0.841,"herdmania_momus",44
"MAXNET","PA2","RUN3",0.529,"Herdmaniamomus",0.875,"herdmania_momus",44
"MARS","PA2","RUN3",0.567,"Herdmaniamomus",0.885,"herdmania_momus",44
"GAM","PA2","RUN3",0.567,"Herdmaniamomus",0.796,"herdmania_momus",44
"XGBOOST","PA2","RUN3",0.288,"Herdmaniamomus",0.695,"herdmania_momus",44
"RF","PA2","RUN4",0.296,"Herdmaniamomus",0.79,"herdmania_momus",44
"MAXNET","PA2","RUN4",0.333,"Herdmaniamomus",0.811,"herdmania_momus",44
"MARS","PA2","RUN4",0.222,"Herdmaniamomus",0.728,"herdmania_momus",44
"GAM","PA2","RUN4",0.296,"Herdmaniamomus",0.745,"herdmania_momus",44
"XGBOOST","PA2","RUN4",0.037,"Herdmaniamomus",0.776,"herdmania_momus",44
"RF","PA2","RUN5",0.252,"Herdmaniamomus",0.784,"herdmania_momus",44
"MAXNET","PA2","RUN5",0.474,"Herdmaniamomus",0.808,"herdmania_momus",44
"MARS","PA2","RUN5",0.214,"Herdmaniamomus",0.703,"herdmania_momus",44
"GAM","PA2","RUN5",0.432,"Herdmaniamomus",0.763,"herdmania_momus",44
"XGBOOST","PA2","RUN5",0.363,"Herdmaniamomus",0.782,"herdmania_momus",44
"RF","PA2","allRun",NA,"Herdmaniamomus",NA,"herdmania_momus",44
"MAXNET","PA2","allRun",NA,"Herdmaniamomus",NA,"herdmania_momus",44
"MARS","PA2","allRun",NA,"Herdmaniamomus",NA,"herdmania_momus",44
"GAM","PA2","allRun",NA,"Herdmaniamomus",NA,"herdmania_momus",44
"XGBOOST","PA2","allRun",NA,"Herdmaniamomus",NA,"herdmania_momus",44
"RF","PA3","RUN1",0.333,"Herdmaniamomus",0.833,"herdmania_momus",44
"MAXNET","PA3","RUN1",0.658,"Herdmaniamomus",0.876,"herdmania_momus",44
"MARS","PA3","RUN1",0.735,"Herdmaniamomus",0.872,"herdmania_momus",44
"GAM","PA3","RUN1",0.547,"Herdmaniamomus",0.821,"herdmania_momus",44
"XGBOOST","PA3","RUN1",0.479,"Herdmaniamomus",0.806,"herdmania_momus",44
"RF","PA3","RUN2",0.407,"Herdmaniamomus",0.805,"herdmania_momus",44
"MAXNET","PA3","RUN2",0.444,"Herdmaniamomus",0.854,"herdmania_momus",44
"MARS","PA3","RUN2",0.407,"Herdmaniamomus",0.811,"herdmania_momus",44
"GAM","PA3","RUN2",0.556,"Herdmaniamomus",0.835,"herdmania_momus",44
"XGBOOST","PA3","RUN2",0.296,"Herdmaniamomus",0.7,"herdmania_momus",44
"RF","PA3","RUN3",0.173,"Herdmaniamomus",0.808,"herdmania_momus",44
"MAXNET","PA3","RUN3",0.519,"Herdmaniamomus",0.861,"herdmania_momus",44
"MARS","PA3","RUN3",0.519,"Herdmaniamomus",0.853,"herdmania_momus",44
"GAM","PA3","RUN3",0.644,"Herdmaniamomus",0.827,"herdmania_momus",44
"XGBOOST","PA3","RUN3",0.394,"Herdmaniamomus",0.724,"herdmania_momus",44
"RF","PA3","RUN4",0.444,"Herdmaniamomus",0.842,"herdmania_momus",44
"MAXNET","PA3","RUN4",0.741,"Herdmaniamomus",0.881,"herdmania_momus",44
"MARS","PA3","RUN4",0.704,"Herdmaniamomus",0.899,"herdmania_momus",44
"GAM","PA3","RUN4",0.667,"Herdmaniamomus",0.891,"herdmania_momus",44
"XGBOOST","PA3","RUN4",0.37,"Herdmaniamomus",0.831,"herdmania_momus",44
"RF","PA3","RUN5",0.325,"Herdmaniamomus",0.778,"herdmania_momus",44
"MAXNET","PA3","RUN5",0.397,"Herdmaniamomus",0.675,"herdmania_momus",44
"MARS","PA3","RUN5",0.291,"Herdmaniamomus",0.618,"herdmania_momus",44
"GAM","PA3","RUN5",0.321,"Herdmaniamomus",0.748,"herdmania_momus",44
"XGBOOST","PA3","RUN5",0.402,"Herdmaniamomus",0.688,"herdmania_momus",44
"RF","PA3","allRun",NA,"Herdmaniamomus",NA,"herdmania_momus",44
"MAXNET","PA3","allRun",NA,"Herdmaniamomus",NA,"herdmania_momus",44
"MARS","PA3","allRun",NA,"Herdmaniamomus",NA,"herdmania_momus",44
"GAM","PA3","allRun",NA,"Herdmaniamomus",NA,"herdmania_momus",44
"XGBOOST","PA3","allRun",NA,"Herdmaniamomus",NA,"herdmania_momus",44
"RF","allData","allRun",NA,"Herdmaniamomus",NA,"herdmania_momus",44
"MAXNET","allData","allRun",NA,"Herdmaniamomus",NA,"herdmania_momus",44
"MARS","allData","allRun",NA,"Herdmaniamomus",NA,"herdmania_momus",44
"GAM","allData","allRun",NA,"Herdmaniamomus",NA,"herdmania_momus",44
"XGBOOST","allData","allRun",NA,"Herdmaniamomus",NA,"herdmania_momus",44
"RF","PA1","RUN1",0.911,"Hydroideselegans",0.972,"hydroides_elegans",75
"MAXNET","PA1","RUN1",0.778,"Hydroideselegans",0.965,"hydroides_elegans",75
"MARS","PA1","RUN1",0.711,"Hydroideselegans",0.917,"hydroides_elegans",75
"GAM","PA1","RUN1",0.4,"Hydroideselegans",0.784,"hydroides_elegans",75
"XGBOOST","PA1","RUN1",0.622,"Hydroideselegans",0.927,"hydroides_elegans",75
"RF","PA1","RUN2",0.489,"Hydroideselegans",0.771,"hydroides_elegans",75
"MAXNET","PA1","RUN2",0.4,"Hydroideselegans",0.777,"hydroides_elegans",75
"MARS","PA1","RUN2",0.422,"Hydroideselegans",0.785,"hydroides_elegans",75
"GAM","PA1","RUN2",0.289,"Hydroideselegans",0.657,"hydroides_elegans",75
"XGBOOST","PA1","RUN2",0.489,"Hydroideselegans",0.838,"hydroides_elegans",75
"RF","PA1","RUN3",0.689,"Hydroideselegans",0.868,"hydroides_elegans",75
"MAXNET","PA1","RUN3",0.578,"Hydroideselegans",0.827,"hydroides_elegans",75
"MARS","PA1","RUN3",0.6,"Hydroideselegans",0.833,"hydroides_elegans",75
"GAM","PA1","RUN3",0.178,"Hydroideselegans",0.683,"hydroides_elegans",75
"XGBOOST","PA1","RUN3",0.667,"Hydroideselegans",0.831,"hydroides_elegans",75
"RF","PA1","RUN4",0.4,"Hydroideselegans",0.837,"hydroides_elegans",75
"MAXNET","PA1","RUN4",0.444,"Hydroideselegans",0.816,"hydroides_elegans",75
"MARS","PA1","RUN4",0.356,"Hydroideselegans",0.769,"hydroides_elegans",75
"GAM","PA1","RUN4",0.533,"Hydroideselegans",0.753,"hydroides_elegans",75
"XGBOOST","PA1","RUN4",0.356,"Hydroideselegans",0.834,"hydroides_elegans",75
"RF","PA1","RUN5",0.756,"Hydroideselegans",0.96,"hydroides_elegans",75
"MAXNET","PA1","RUN5",0.889,"Hydroideselegans",0.95,"hydroides_elegans",75
"MARS","PA1","RUN5",0.756,"Hydroideselegans",0.939,"hydroides_elegans",75
"GAM","PA1","RUN5",0.689,"Hydroideselegans",0.875,"hydroides_elegans",75
"XGBOOST","PA1","RUN5",0.711,"Hydroideselegans",0.948,"hydroides_elegans",75
"RF","PA1","allRun",NA,"Hydroideselegans",NA,"hydroides_elegans",75
"MAXNET","PA1","allRun",NA,"Hydroideselegans",NA,"hydroides_elegans",75
"MARS","PA1","allRun",NA,"Hydroideselegans",NA,"hydroides_elegans",75
"GAM","PA1","allRun",NA,"Hydroideselegans",NA,"hydroides_elegans",75
"XGBOOST","PA1","allRun",NA,"Hydroideselegans",NA,"hydroides_elegans",75
"RF","PA2","RUN1",0.778,"Hydroideselegans",0.93,"hydroides_elegans",75
"MAXNET","PA2","RUN1",0.756,"Hydroideselegans",0.853,"hydroides_elegans",75
"MARS","PA2","RUN1",0.733,"Hydroideselegans",0.855,"hydroides_elegans",75
"GAM","PA2","RUN1",0.378,"Hydroideselegans",0.784,"hydroides_elegans",75
"XGBOOST","PA2","RUN1",0.733,"Hydroideselegans",0.92,"hydroides_elegans",75
"RF","PA2","RUN2",0.689,"Hydroideselegans",0.867,"hydroides_elegans",75
"MAXNET","PA2","RUN2",0.733,"Hydroideselegans",0.864,"hydroides_elegans",75
"MARS","PA2","RUN2",0.622,"Hydroideselegans",0.81,"hydroides_elegans",75
"GAM","PA2","RUN2",0.489,"Hydroideselegans",0.761,"hydroides_elegans",75
"XGBOOST","PA2","RUN2",0.756,"Hydroideselegans",0.901,"hydroides_elegans",75
"RF","PA2","RUN3",0.444,"Hydroideselegans",0.751,"hydroides_elegans",75
"MAXNET","PA2","RUN3",0.533,"Hydroideselegans",0.777,"hydroides_elegans",75
"MARS","PA2","RUN3",0.4,"Hydroideselegans",0.719,"hydroides_elegans",75
"GAM","PA2","RUN3",0.156,"Hydroideselegans",0.564,"hydroides_elegans",75
"XGBOOST","PA2","RUN3",0.489,"Hydroideselegans",0.736,"hydroides_elegans",75
"RF","PA2","RUN4",0.533,"Hydroideselegans",0.899,"hydroides_elegans",75
"MAXNET","PA2","RUN4",0.689,"Hydroideselegans",0.869,"hydroides_elegans",75
"MARS","PA2","RUN4",0.578,"Hydroideselegans",0.885,"hydroides_elegans",75
"GAM","PA2","RUN4",0.422,"Hydroideselegans",0.738,"hydroides_elegans",75
"XGBOOST","PA2","RUN4",0.444,"Hydroideselegans",0.853,"hydroides_elegans",75
"RF","PA2","RUN5",0.689,"Hydroideselegans",0.961,"hydroides_elegans",75
"MAXNET","PA2","RUN5",0.844,"Hydroideselegans",0.944,"hydroides_elegans",75
"MARS","PA2","RUN5",0.756,"Hydroideselegans",0.901,"hydroides_elegans",75
"GAM","PA2","RUN5",0.556,"Hydroideselegans",0.811,"hydroides_elegans",75
"XGBOOST","PA2","RUN5",0.778,"Hydroideselegans",0.878,"hydroides_elegans",75
"RF","PA2","allRun",NA,"Hydroideselegans",NA,"hydroides_elegans",75
"MAXNET","PA2","allRun",NA,"Hydroideselegans",NA,"hydroides_elegans",75
"MARS","PA2","allRun",NA,"Hydroideselegans",NA,"hydroides_elegans",75
"GAM","PA2","allRun",NA,"Hydroideselegans",NA,"hydroides_elegans",75
"XGBOOST","PA2","allRun",NA,"Hydroideselegans",NA,"hydroides_elegans",75
"RF","PA3","RUN1",0.444,"Hydroideselegans",0.817,"hydroides_elegans",75
"MAXNET","PA3","RUN1",0.556,"Hydroideselegans",0.827,"hydroides_elegans",75
"MARS","PA3","RUN1",0.489,"Hydroideselegans",0.805,"hydroides_elegans",75
"GAM","PA3","RUN1",0.533,"Hydroideselegans",0.73,"hydroides_elegans",75
"XGBOOST","PA3","RUN1",0.622,"Hydroideselegans",0.834,"hydroides_elegans",75
"RF","PA3","RUN2",0.6,"Hydroideselegans",0.908,"hydroides_elegans",75
"MAXNET","PA3","RUN2",0.667,"Hydroideselegans",0.891,"hydroides_elegans",75
"MARS","PA3","RUN2",0.533,"Hydroideselegans",0.814,"hydroides_elegans",75
"GAM","PA3","RUN2",0.533,"Hydroideselegans",0.808,"hydroides_elegans",75
"XGBOOST","PA3","RUN2",0.533,"Hydroideselegans",0.801,"hydroides_elegans",75
"RF","PA3","RUN3",0.511,"Hydroideselegans",0.879,"hydroides_elegans",75
"MAXNET","PA3","RUN3",0.556,"Hydroideselegans",0.897,"hydroides_elegans",75
"MARS","PA3","RUN3",0.467,"Hydroideselegans",0.829,"hydroides_elegans",75
"GAM","PA3","RUN3",0.244,"Hydroideselegans",0.701,"hydroides_elegans",75
"XGBOOST","PA3","RUN3",0.667,"Hydroideselegans",0.894,"hydroides_elegans",75
"RF","PA3","RUN4",0.644,"Hydroideselegans",0.933,"hydroides_elegans",75
"MAXNET","PA3","RUN4",0.711,"Hydroideselegans",0.87,"hydroides_elegans",75
"MARS","PA3","RUN4",0.667,"Hydroideselegans",0.915,"hydroides_elegans",75
"GAM","PA3","RUN4",0.489,"Hydroideselegans",0.77,"hydroides_elegans",75
"XGBOOST","PA3","RUN4",0.622,"Hydroideselegans",0.846,"hydroides_elegans",75
"RF","PA3","RUN5",0.689,"Hydroideselegans",0.854,"hydroides_elegans",75
"MAXNET","PA3","RUN5",0.756,"Hydroideselegans",0.887,"hydroides_elegans",75
"MARS","PA3","RUN5",0.578,"Hydroideselegans",0.79,"hydroides_elegans",75
"GAM","PA3","RUN5",0.6,"Hydroideselegans",0.818,"hydroides_elegans",75
"XGBOOST","PA3","RUN5",0.711,"Hydroideselegans",0.869,"hydroides_elegans",75
"RF","PA3","allRun",NA,"Hydroideselegans",NA,"hydroides_elegans",75
"MAXNET","PA3","allRun",NA,"Hydroideselegans",NA,"hydroides_elegans",75
"MARS","PA3","allRun",NA,"Hydroideselegans",NA,"hydroides_elegans",75
"GAM","PA3","allRun",NA,"Hydroideselegans",NA,"hydroides_elegans",75
"XGBOOST","PA3","allRun",NA,"Hydroideselegans",NA,"hydroides_elegans",75
"RF","allData","allRun",NA,"Hydroideselegans",NA,"hydroides_elegans",75
"MAXNET","allData","allRun",NA,"Hydroideselegans",NA,"hydroides_elegans",75
"MARS","allData","allRun",NA,"Hydroideselegans",NA,"hydroides_elegans",75
"GAM","allData","allRun",NA,"Hydroideselegans",NA,"hydroides_elegans",75
"XGBOOST","allData","allRun",NA,"Hydroideselegans",NA,"hydroides_elegans",75
"RF","PA1","RUN1",0.567,"Juxtacribrilinamutabilis",0.933,"juxtacribrilina_mutabilis",17
"MAXNET","PA1","RUN1",0.667,"Juxtacribrilinamutabilis",1,"juxtacribrilina_mutabilis",17
"MARS","PA1","RUN1",0.233,"Juxtacribrilinamutabilis",0.683,"juxtacribrilina_mutabilis",17
"GAM","PA1","RUN1",0.233,"Juxtacribrilinamutabilis",0.617,"juxtacribrilina_mutabilis",17
"XGBOOST","PA1","RUN1",0.567,"Juxtacribrilinamutabilis",0.917,"juxtacribrilina_mutabilis",17
"RF","PA1","RUN2",0.65,"Juxtacribrilinamutabilis",0.912,"juxtacribrilina_mutabilis",17
"MAXNET","PA1","RUN2",0.55,"Juxtacribrilinamutabilis",0.875,"juxtacribrilina_mutabilis",17
"MARS","PA1","RUN2",0.3,"Juxtacribrilinamutabilis",0.725,"juxtacribrilina_mutabilis",17
"GAM","PA1","RUN2",0.2,"Juxtacribrilinamutabilis",0.575,"juxtacribrilina_mutabilis",17
"XGBOOST","PA1","RUN2",0.65,"Juxtacribrilinamutabilis",0.812,"juxtacribrilina_mutabilis",17
"RF","PA1","RUN3",0.576,"Juxtacribrilinamutabilis",0.818,"juxtacribrilina_mutabilis",17
"MAXNET","PA1","RUN3",0.636,"Juxtacribrilinamutabilis",0.864,"juxtacribrilina_mutabilis",17
"MARS","PA1","RUN3",0.333,"Juxtacribrilinamutabilis",0.909,"juxtacribrilina_mutabilis",17
"GAM","PA1","RUN3",-0.121,"Juxtacribrilinamutabilis",0.439,"juxtacribrilina_mutabilis",17
"XGBOOST","PA1","RUN3",0.152,"Juxtacribrilinamutabilis",0.848,"juxtacribrilina_mutabilis",17
"RF","PA1","RUN4",1,"Juxtacribrilinamutabilis",1,"juxtacribrilina_mutabilis",17
"MAXNET","PA1","RUN4",0.7,"Juxtacribrilinamutabilis",1,"juxtacribrilina_mutabilis",17
"MARS","PA1","RUN4",0.5,"Juxtacribrilinamutabilis",0.7,"juxtacribrilina_mutabilis",17
"GAM","PA1","RUN4",0.75,"Juxtacribrilinamutabilis",0.875,"juxtacribrilina_mutabilis",17
"XGBOOST","PA1","RUN4",1,"Juxtacribrilinamutabilis",1,"juxtacribrilina_mutabilis",17
"RF","PA1","RUN5",0.567,"Juxtacribrilinamutabilis",0.9,"juxtacribrilina_mutabilis",17
"MAXNET","PA1","RUN5",0.267,"Juxtacribrilinamutabilis",0.833,"juxtacribrilina_mutabilis",17
"MARS","PA1","RUN5",0.133,"Juxtacribrilinamutabilis",0.517,"juxtacribrilina_mutabilis",17
"GAM","PA1","RUN5",0.367,"Juxtacribrilinamutabilis",0.683,"juxtacribrilina_mutabilis",17
"XGBOOST","PA1","RUN5",0.567,"Juxtacribrilinamutabilis",0.933,"juxtacribrilina_mutabilis",17
"RF","PA1","allRun",NA,"Juxtacribrilinamutabilis",NA,"juxtacribrilina_mutabilis",17
"MAXNET","PA1","allRun",NA,"Juxtacribrilinamutabilis",NA,"juxtacribrilina_mutabilis",17
"MARS","PA1","allRun",NA,"Juxtacribrilinamutabilis",NA,"juxtacribrilina_mutabilis",17
"GAM","PA1","allRun",NA,"Juxtacribrilinamutabilis",NA,"juxtacribrilina_mutabilis",17
"XGBOOST","PA1","allRun",NA,"Juxtacribrilinamutabilis",NA,"juxtacribrilina_mutabilis",17
"RF","PA2","RUN1",0.233,"Juxtacribrilinamutabilis",0.867,"juxtacribrilina_mutabilis",17
"MAXNET","PA2","RUN1",0.233,"Juxtacribrilinamutabilis",0.767,"juxtacribrilina_mutabilis",17
"MARS","PA2","RUN1",0.467,"Juxtacribrilinamutabilis",0.633,"juxtacribrilina_mutabilis",17
"GAM","PA2","RUN1",0.133,"Juxtacribrilinamutabilis",0.533,"juxtacribrilina_mutabilis",17
"XGBOOST","PA2","RUN1",0.233,"Juxtacribrilinamutabilis",0.7,"juxtacribrilina_mutabilis",17
"RF","PA2","RUN2",0.55,"Juxtacribrilinamutabilis",0.8,"juxtacribrilina_mutabilis",17
"MAXNET","PA2","RUN2",0.3,"Juxtacribrilinamutabilis",0.7,"juxtacribrilina_mutabilis",17
"MARS","PA2","RUN2",0.25,"Juxtacribrilinamutabilis",0.575,"juxtacribrilina_mutabilis",17
"GAM","PA2","RUN2",-0.05,"Juxtacribrilinamutabilis",0.488,"juxtacribrilina_mutabilis",17
"XGBOOST","PA2","RUN2",0.65,"Juxtacribrilinamutabilis",0.775,"juxtacribrilina_mutabilis",17
"RF","PA2","RUN3",0.667,"Juxtacribrilinamutabilis",0.939,"juxtacribrilina_mutabilis",17
"MAXNET","PA2","RUN3",0.576,"Juxtacribrilinamutabilis",0.939,"juxtacribrilina_mutabilis",17
"MARS","PA2","RUN3",0.394,"Juxtacribrilinamutabilis",0.697,"juxtacribrilina_mutabilis",17
"GAM","PA2","RUN3",-0.03,"Juxtacribrilinamutabilis",0.485,"juxtacribrilina_mutabilis",17
"XGBOOST","PA2","RUN3",0.667,"Juxtacribrilinamutabilis",0.909,"juxtacribrilina_mutabilis",17
"RF","PA2","RUN4",0.8,"Juxtacribrilinamutabilis",0.9,"juxtacribrilina_mutabilis",17
"MAXNET","PA2","RUN4",0.7,"Juxtacribrilinamutabilis",0.925,"juxtacribrilina_mutabilis",17
"MARS","PA2","RUN4",0.45,"Juxtacribrilinamutabilis",0.8,"juxtacribrilina_mutabilis",17
"GAM","PA2","RUN4",0.3,"Juxtacribrilinamutabilis",0.65,"juxtacribrilina_mutabilis",17
"XGBOOST","PA2","RUN4",0.35,"Juxtacribrilinamutabilis",0.738,"juxtacribrilina_mutabilis",17
"RF","PA2","RUN5",0.667,"Juxtacribrilinamutabilis",1,"juxtacribrilina_mutabilis",17
"MAXNET","PA2","RUN5",0.667,"Juxtacribrilinamutabilis",1,"juxtacribrilina_mutabilis",17
"MARS","PA2","RUN5",1,"Juxtacribrilinamutabilis",1,"juxtacribrilina_mutabilis",17
"GAM","PA2","RUN5",0.233,"Juxtacribrilinamutabilis",0.733,"juxtacribrilina_mutabilis",17
"XGBOOST","PA2","RUN5",0.667,"Juxtacribrilinamutabilis",0.967,"juxtacribrilina_mutabilis",17
"RF","PA2","allRun",NA,"Juxtacribrilinamutabilis",NA,"juxtacribrilina_mutabilis",17
"MAXNET","PA2","allRun",NA,"Juxtacribrilinamutabilis",NA,"juxtacribrilina_mutabilis",17
"MARS","PA2","allRun",NA,"Juxtacribrilinamutabilis",NA,"juxtacribrilina_mutabilis",17
"GAM","PA2","allRun",NA,"Juxtacribrilinamutabilis",NA,"juxtacribrilina_mutabilis",17
"XGBOOST","PA2","allRun",NA,"Juxtacribrilinamutabilis",NA,"juxtacribrilina_mutabilis",17
"RF","PA3","RUN1",0.8,"Juxtacribrilinamutabilis",1,"juxtacribrilina_mutabilis",17
"MAXNET","PA3","RUN1",0.6,"Juxtacribrilinamutabilis",0.967,"juxtacribrilina_mutabilis",17
"MARS","PA3","RUN1",1,"Juxtacribrilinamutabilis",1,"juxtacribrilina_mutabilis",17
"GAM","PA3","RUN1",0.8,"Juxtacribrilinamutabilis",0.867,"juxtacribrilina_mutabilis",17
"XGBOOST","PA3","RUN1",1,"Juxtacribrilinamutabilis",1,"juxtacribrilina_mutabilis",17
"RF","PA3","RUN2",0.4,"Juxtacribrilinamutabilis",0.775,"juxtacribrilina_mutabilis",17
"MAXNET","PA3","RUN2",0.25,"Juxtacribrilinamutabilis",0.625,"juxtacribrilina_mutabilis",17
"MARS","PA3","RUN2",0,"Juxtacribrilinamutabilis",0.637,"juxtacribrilina_mutabilis",17
"GAM","PA3","RUN2",0.3,"Juxtacribrilinamutabilis",0.65,"juxtacribrilina_mutabilis",17
"XGBOOST","PA3","RUN2",0.2,"Juxtacribrilinamutabilis",0.625,"juxtacribrilina_mutabilis",17
"RF","PA3","RUN3",0.333,"Juxtacribrilinamutabilis",0.682,"juxtacribrilina_mutabilis",17
"MAXNET","PA3","RUN3",-0.091,"Juxtacribrilinamutabilis",0.727,"juxtacribrilina_mutabilis",17
"MARS","PA3","RUN3",0.333,"Juxtacribrilinamutabilis",0.667,"juxtacribrilina_mutabilis",17
"GAM","PA3","RUN3",0.212,"Juxtacribrilinamutabilis",0.53,"juxtacribrilina_mutabilis",17
"XGBOOST","PA3","RUN3",0,"Juxtacribrilinamutabilis",0.53,"juxtacribrilina_mutabilis",17
"RF","PA3","RUN4",0.9,"Juxtacribrilinamutabilis",1,"juxtacribrilina_mutabilis",17
"MAXNET","PA3","RUN4",0.8,"Juxtacribrilinamutabilis",1,"juxtacribrilina_mutabilis",17
"MARS","PA3","RUN4",0.6,"Juxtacribrilinamutabilis",0.912,"juxtacribrilina_mutabilis",17
"GAM","PA3","RUN4",0.75,"Juxtacribrilinamutabilis",0.875,"juxtacribrilina_mutabilis",17
"XGBOOST","PA3","RUN4",0.65,"Juxtacribrilinamutabilis",0.875,"juxtacribrilina_mutabilis",17
"RF","PA3","RUN5",0.8,"Juxtacribrilinamutabilis",1,"juxtacribrilina_mutabilis",17
"MAXNET","PA3","RUN5",0.9,"Juxtacribrilinamutabilis",0.9,"juxtacribrilina_mutabilis",17
"MARS","PA3","RUN5",0.9,"Juxtacribrilinamutabilis",1,"juxtacribrilina_mutabilis",17
"GAM","PA3","RUN5",0.8,"Juxtacribrilinamutabilis",0.95,"juxtacribrilina_mutabilis",17
"XGBOOST","PA3","RUN5",0.567,"Juxtacribrilinamutabilis",0.933,"juxtacribrilina_mutabilis",17
"RF","PA3","allRun",NA,"Juxtacribrilinamutabilis",NA,"juxtacribrilina_mutabilis",17
"MAXNET","PA3","allRun",NA,"Juxtacribrilinamutabilis",NA,"juxtacribrilina_mutabilis",17
"MARS","PA3","allRun",NA,"Juxtacribrilinamutabilis",NA,"juxtacribrilina_mutabilis",17
"GAM","PA3","allRun",NA,"Juxtacribrilinamutabilis",NA,"juxtacribrilina_mutabilis",17
"XGBOOST","PA3","allRun",NA,"Juxtacribrilinamutabilis",NA,"juxtacribrilina_mutabilis",17
"RF","allData","allRun",NA,"Juxtacribrilinamutabilis",NA,"juxtacribrilina_mutabilis",17
"MAXNET","allData","allRun",NA,"Juxtacribrilinamutabilis",NA,"juxtacribrilina_mutabilis",17
"MARS","allData","allRun",NA,"Juxtacribrilinamutabilis",NA,"juxtacribrilina_mutabilis",17
"GAM","allData","allRun",NA,"Juxtacribrilinamutabilis",NA,"juxtacribrilina_mutabilis",17
"XGBOOST","allData","allRun",NA,"Juxtacribrilinamutabilis",NA,"juxtacribrilina_mutabilis",17
"RF","PA1","RUN1",-0.111,"Marenzelleriaarctia",0.815,"marenzelleria_arctia",15
"MAXNET","PA1","RUN1",0.222,"Marenzelleriaarctia",0.889,"marenzelleria_arctia",15
"MARS","PA1","RUN1",0.222,"Marenzelleriaarctia",0.778,"marenzelleria_arctia",15
"GAM","PA1","RUN1",0.333,"Marenzelleriaarctia",0.704,"marenzelleria_arctia",15
"XGBOOST","PA1","RUN1",0.222,"Marenzelleriaarctia",0.778,"marenzelleria_arctia",15
"RF","PA1","RUN2",0.444,"Marenzelleriaarctia",0.741,"marenzelleria_arctia",15
"MAXNET","PA1","RUN2",0.667,"Marenzelleriaarctia",0.741,"marenzelleria_arctia",15
"MARS","PA1","RUN2",0,"Marenzelleriaarctia",0.481,"marenzelleria_arctia",15
"GAM","PA1","RUN2",0,"Marenzelleriaarctia",0.519,"marenzelleria_arctia",15
"XGBOOST","PA1","RUN2",0.333,"Marenzelleriaarctia",0.704,"marenzelleria_arctia",15
"RF","PA1","RUN3",0.111,"Marenzelleriaarctia",0.593,"marenzelleria_arctia",15
"MAXNET","PA1","RUN3",0.444,"Marenzelleriaarctia",0.815,"marenzelleria_arctia",15
"MARS","PA1","RUN3",0.222,"Marenzelleriaarctia",0.722,"marenzelleria_arctia",15
"GAM","PA1","RUN3",0.222,"Marenzelleriaarctia",0.611,"marenzelleria_arctia",15
"XGBOOST","PA1","RUN3",0.111,"Marenzelleriaarctia",0.63,"marenzelleria_arctia",15
"RF","PA1","RUN4",0.222,"Marenzelleriaarctia",0.815,"marenzelleria_arctia",15
"MAXNET","PA1","RUN4",0.444,"Marenzelleriaarctia",0.593,"marenzelleria_arctia",15
"MARS","PA1","RUN4",0.333,"Marenzelleriaarctia",0.704,"marenzelleria_arctia",15
"GAM","PA1","RUN4",-0.556,"Marenzelleriaarctia",0.222,"marenzelleria_arctia",15
"XGBOOST","PA1","RUN4",0.222,"Marenzelleriaarctia",0.741,"marenzelleria_arctia",15
"RF","PA1","RUN5",0.667,"Marenzelleriaarctia",0.963,"marenzelleria_arctia",15
"MAXNET","PA1","RUN5",0.667,"Marenzelleriaarctia",1,"marenzelleria_arctia",15
"MARS","PA1","RUN5",0.556,"Marenzelleriaarctia",0.926,"marenzelleria_arctia",15
"GAM","PA1","RUN5",0.111,"Marenzelleriaarctia",0.556,"marenzelleria_arctia",15
"XGBOOST","PA1","RUN5",0.667,"Marenzelleriaarctia",1,"marenzelleria_arctia",15
"RF","PA1","allRun",NA,"Marenzelleriaarctia",NA,"marenzelleria_arctia",15
"MAXNET","PA1","allRun",NA,"Marenzelleriaarctia",NA,"marenzelleria_arctia",15
"MARS","PA1","allRun",NA,"Marenzelleriaarctia",NA,"marenzelleria_arctia",15
"GAM","PA1","allRun",NA,"Marenzelleriaarctia",NA,"marenzelleria_arctia",15
"XGBOOST","PA1","allRun",NA,"Marenzelleriaarctia",NA,"marenzelleria_arctia",15
"RF","PA2","RUN1",0.333,"Marenzelleriaarctia",0.963,"marenzelleria_arctia",15
"MAXNET","PA2","RUN1",0.667,"Marenzelleriaarctia",1,"marenzelleria_arctia",15
"MARS","PA2","RUN1",0.556,"Marenzelleriaarctia",0.815,"marenzelleria_arctia",15
"GAM","PA2","RUN1",0.556,"Marenzelleriaarctia",0.759,"marenzelleria_arctia",15
"XGBOOST","PA2","RUN1",0.222,"Marenzelleriaarctia",0.889,"marenzelleria_arctia",15
"RF","PA2","RUN2",0.333,"Marenzelleriaarctia",0.741,"marenzelleria_arctia",15
"MAXNET","PA2","RUN2",0.556,"Marenzelleriaarctia",0.963,"marenzelleria_arctia",15
"MARS","PA2","RUN2",0.778,"Marenzelleriaarctia",0.852,"marenzelleria_arctia",15
"GAM","PA2","RUN2",0.444,"Marenzelleriaarctia",0.722,"marenzelleria_arctia",15
"XGBOOST","PA2","RUN2",0.778,"Marenzelleriaarctia",0.889,"marenzelleria_arctia",15
"RF","PA2","RUN3",0.222,"Marenzelleriaarctia",0.852,"marenzelleria_arctia",15
"MAXNET","PA2","RUN3",0.667,"Marenzelleriaarctia",0.741,"marenzelleria_arctia",15
"MARS","PA2","RUN3",0.222,"Marenzelleriaarctia",0.722,"marenzelleria_arctia",15
"GAM","PA2","RUN3",0.556,"Marenzelleriaarctia",0.759,"marenzelleria_arctia",15
"XGBOOST","PA2","RUN3",0.111,"Marenzelleriaarctia",0.759,"marenzelleria_arctia",15
"RF","PA2","RUN4",0.667,"Marenzelleriaarctia",0.741,"marenzelleria_arctia",15
"MAXNET","PA2","RUN4",0.667,"Marenzelleriaarctia",0.963,"marenzelleria_arctia",15
"MARS","PA2","RUN4",0.556,"Marenzelleriaarctia",0.759,"marenzelleria_arctia",15
"GAM","PA2","RUN4",0.556,"Marenzelleriaarctia",0.778,"marenzelleria_arctia",15
"XGBOOST","PA2","RUN4",0.333,"Marenzelleriaarctia",0.667,"marenzelleria_arctia",15
"RF","PA2","RUN5",0.556,"Marenzelleriaarctia",0.926,"marenzelleria_arctia",15
"MAXNET","PA2","RUN5",0.222,"Marenzelleriaarctia",0.852,"marenzelleria_arctia",15
"MARS","PA2","RUN5",0.556,"Marenzelleriaarctia",0.759,"marenzelleria_arctia",15
"GAM","PA2","RUN5",0.444,"Marenzelleriaarctia",0.722,"marenzelleria_arctia",15
"XGBOOST","PA2","RUN5",0.667,"Marenzelleriaarctia",0.852,"marenzelleria_arctia",15
"RF","PA2","allRun",NA,"Marenzelleriaarctia",NA,"marenzelleria_arctia",15
"MAXNET","PA2","allRun",NA,"Marenzelleriaarctia",NA,"marenzelleria_arctia",15
"MARS","PA2","allRun",NA,"Marenzelleriaarctia",NA,"marenzelleria_arctia",15
"GAM","PA2","allRun",NA,"Marenzelleriaarctia",NA,"marenzelleria_arctia",15
"XGBOOST","PA2","allRun",NA,"Marenzelleriaarctia",NA,"marenzelleria_arctia",15
"RF","PA3","RUN1",0.778,"Marenzelleriaarctia",0.963,"marenzelleria_arctia",15
"MAXNET","PA3","RUN1",0.667,"Marenzelleriaarctia",0.889,"marenzelleria_arctia",15
"MARS","PA3","RUN1",0.667,"Marenzelleriaarctia",0.889,"marenzelleria_arctia",15
"GAM","PA3","RUN1",0.111,"Marenzelleriaarctia",0.556,"marenzelleria_arctia",15
"XGBOOST","PA3","RUN1",0.778,"Marenzelleriaarctia",0.926,"marenzelleria_arctia",15
"RF","PA3","RUN2",0.556,"Marenzelleriaarctia",0.889,"marenzelleria_arctia",15
"MAXNET","PA3","RUN2",0.889,"Marenzelleriaarctia",0.963,"marenzelleria_arctia",15
"MARS","PA3","RUN2",0.556,"Marenzelleriaarctia",0.926,"marenzelleria_arctia",15
"GAM","PA3","RUN2",0.333,"Marenzelleriaarctia",0.704,"marenzelleria_arctia",15
"XGBOOST","PA3","RUN2",0.556,"Marenzelleriaarctia",0.741,"marenzelleria_arctia",15
"RF","PA3","RUN3",0.444,"Marenzelleriaarctia",0.889,"marenzelleria_arctia",15
"MAXNET","PA3","RUN3",0.778,"Marenzelleriaarctia",0.926,"marenzelleria_arctia",15
"MARS","PA3","RUN3",0.778,"Marenzelleriaarctia",0.963,"marenzelleria_arctia",15
"GAM","PA3","RUN3",0.333,"Marenzelleriaarctia",0.667,"marenzelleria_arctia",15
"XGBOOST","PA3","RUN3",0.556,"Marenzelleriaarctia",0.741,"marenzelleria_arctia",15
"RF","PA3","RUN4",0.222,"Marenzelleriaarctia",0.741,"marenzelleria_arctia",15
"MAXNET","PA3","RUN4",0.556,"Marenzelleriaarctia",0.741,"marenzelleria_arctia",15
"MARS","PA3","RUN4",0.444,"Marenzelleriaarctia",0.704,"marenzelleria_arctia",15
"GAM","PA3","RUN4",0.222,"Marenzelleriaarctia",0.611,"marenzelleria_arctia",15
"XGBOOST","PA3","RUN4",0.222,"Marenzelleriaarctia",0.759,"marenzelleria_arctia",15
"RF","PA3","RUN5",-0.111,"Marenzelleriaarctia",0.815,"marenzelleria_arctia",15
"MAXNET","PA3","RUN5",0,"Marenzelleriaarctia",0.926,"marenzelleria_arctia",15
"MARS","PA3","RUN5",0.222,"Marenzelleriaarctia",0.815,"marenzelleria_arctia",15
"GAM","PA3","RUN5",0.111,"Marenzelleriaarctia",0.556,"marenzelleria_arctia",15
"XGBOOST","PA3","RUN5",-0.111,"Marenzelleriaarctia",0.704,"marenzelleria_arctia",15
"RF","PA3","allRun",NA,"Marenzelleriaarctia",NA,"marenzelleria_arctia",15
"MAXNET","PA3","allRun",NA,"Marenzelleriaarctia",NA,"marenzelleria_arctia",15
"MARS","PA3","allRun",NA,"Marenzelleriaarctia",NA,"marenzelleria_arctia",15
"GAM","PA3","allRun",NA,"Marenzelleriaarctia",NA,"marenzelleria_arctia",15
"XGBOOST","PA3","allRun",NA,"Marenzelleriaarctia",NA,"marenzelleria_arctia",15
"RF","allData","allRun",NA,"Marenzelleriaarctia",NA,"marenzelleria_arctia",15
"MAXNET","allData","allRun",NA,"Marenzelleriaarctia",NA,"marenzelleria_arctia",15
"MARS","allData","allRun",NA,"Marenzelleriaarctia",NA,"marenzelleria_arctia",15
"GAM","allData","allRun",NA,"Marenzelleriaarctia",NA,"marenzelleria_arctia",15
"XGBOOST","allData","allRun",NA,"Marenzelleriaarctia",NA,"marenzelleria_arctia",15
"RF","PA1","RUN1",0.774,"Marenzellerianeglecta",0.963,"marenzelleria_neglecta",155
"MAXNET","PA1","RUN1",0.742,"Marenzellerianeglecta",0.941,"marenzelleria_neglecta",155
"MARS","PA1","RUN1",0.72,"Marenzellerianeglecta",0.896,"marenzelleria_neglecta",155
"GAM","PA1","RUN1",0.731,"Marenzellerianeglecta",0.93,"marenzelleria_neglecta",155
"XGBOOST","PA1","RUN1",0.688,"Marenzellerianeglecta",0.891,"marenzelleria_neglecta",155
"RF","PA1","RUN2",0.763,"Marenzellerianeglecta",0.946,"marenzelleria_neglecta",155
"MAXNET","PA1","RUN2",0.763,"Marenzellerianeglecta",0.948,"marenzelleria_neglecta",155
"MARS","PA1","RUN2",0.731,"Marenzellerianeglecta",0.937,"marenzelleria_neglecta",155
"GAM","PA1","RUN2",0.753,"Marenzellerianeglecta",0.955,"marenzelleria_neglecta",155
"XGBOOST","PA1","RUN2",0.699,"Marenzellerianeglecta",0.935,"marenzelleria_neglecta",155
"RF","PA1","RUN3",0.753,"Marenzellerianeglecta",0.958,"marenzelleria_neglecta",155
"MAXNET","PA1","RUN3",0.763,"Marenzellerianeglecta",0.952,"marenzelleria_neglecta",155
"MARS","PA1","RUN3",0.742,"Marenzellerianeglecta",0.945,"marenzelleria_neglecta",155
"GAM","PA1","RUN3",0.753,"Marenzellerianeglecta",0.945,"marenzelleria_neglecta",155
"XGBOOST","PA1","RUN3",0.731,"Marenzellerianeglecta",0.923,"marenzelleria_neglecta",155
"RF","PA1","RUN4",0.882,"Marenzellerianeglecta",0.984,"marenzelleria_neglecta",155
"MAXNET","PA1","RUN4",0.817,"Marenzellerianeglecta",0.968,"marenzelleria_neglecta",155
"MARS","PA1","RUN4",0.796,"Marenzellerianeglecta",0.956,"marenzelleria_neglecta",155
"GAM","PA1","RUN4",0.817,"Marenzellerianeglecta",0.961,"marenzelleria_neglecta",155
"XGBOOST","PA1","RUN4",0.806,"Marenzellerianeglecta",0.952,"marenzelleria_neglecta",155
"RF","PA1","RUN5",0.796,"Marenzellerianeglecta",0.961,"marenzelleria_neglecta",155
"MAXNET","PA1","RUN5",0.86,"Marenzellerianeglecta",0.958,"marenzelleria_neglecta",155
"MARS","PA1","RUN5",0.839,"Marenzellerianeglecta",0.958,"marenzelleria_neglecta",155
"GAM","PA1","RUN5",0.763,"Marenzellerianeglecta",0.946,"marenzelleria_neglecta",155
"XGBOOST","PA1","RUN5",0.742,"Marenzellerianeglecta",0.928,"marenzelleria_neglecta",155
"RF","PA1","allRun",NA,"Marenzellerianeglecta",NA,"marenzelleria_neglecta",155
"MAXNET","PA1","allRun",NA,"Marenzellerianeglecta",NA,"marenzelleria_neglecta",155
"MARS","PA1","allRun",NA,"Marenzellerianeglecta",NA,"marenzelleria_neglecta",155
"GAM","PA1","allRun",NA,"Marenzellerianeglecta",NA,"marenzelleria_neglecta",155
"XGBOOST","PA1","allRun",NA,"Marenzellerianeglecta",NA,"marenzelleria_neglecta",155
"RF","PA2","RUN1",0.849,"Marenzellerianeglecta",0.979,"marenzelleria_neglecta",155
"MAXNET","PA2","RUN1",0.806,"Marenzellerianeglecta",0.975,"marenzelleria_neglecta",155
"MARS","PA2","RUN1",0.753,"Marenzellerianeglecta",0.973,"marenzelleria_neglecta",155
"GAM","PA2","RUN1",0.796,"Marenzellerianeglecta",0.963,"marenzelleria_neglecta",155
"XGBOOST","PA2","RUN1",0.774,"Marenzellerianeglecta",0.955,"marenzelleria_neglecta",155
"RF","PA2","RUN2",0.72,"Marenzellerianeglecta",0.963,"marenzelleria_neglecta",155
"MAXNET","PA2","RUN2",0.688,"Marenzellerianeglecta",0.928,"marenzelleria_neglecta",155
"MARS","PA2","RUN2",0.71,"Marenzellerianeglecta",0.888,"marenzelleria_neglecta",155
"GAM","PA2","RUN2",0.634,"Marenzellerianeglecta",0.909,"marenzelleria_neglecta",155
"XGBOOST","PA2","RUN2",0.731,"Marenzellerianeglecta",0.912,"marenzelleria_neglecta",155
"RF","PA2","RUN3",0.656,"Marenzellerianeglecta",0.933,"marenzelleria_neglecta",155
"MAXNET","PA2","RUN3",0.634,"Marenzellerianeglecta",0.942,"marenzelleria_neglecta",155
"MARS","PA2","RUN3",0.667,"Marenzellerianeglecta",0.901,"marenzelleria_neglecta",155
"GAM","PA2","RUN3",0.688,"Marenzellerianeglecta",0.924,"marenzelleria_neglecta",155
"XGBOOST","PA2","RUN3",0.624,"Marenzellerianeglecta",0.914,"marenzelleria_neglecta",155
"RF","PA2","RUN4",0.806,"Marenzellerianeglecta",0.947,"marenzelleria_neglecta",155
"MAXNET","PA2","RUN4",0.731,"Marenzellerianeglecta",0.941,"marenzelleria_neglecta",155
"MARS","PA2","RUN4",0.677,"Marenzellerianeglecta",0.943,"marenzelleria_neglecta",155
"GAM","PA2","RUN4",0.753,"Marenzellerianeglecta",0.932,"marenzelleria_neglecta",155
"XGBOOST","PA2","RUN4",0.688,"Marenzellerianeglecta",0.945,"marenzelleria_neglecta",155
"RF","PA2","RUN5",0.817,"Marenzellerianeglecta",0.968,"marenzelleria_neglecta",155
"MAXNET","PA2","RUN5",0.828,"Marenzellerianeglecta",0.975,"marenzelleria_neglecta",155
"MARS","PA2","RUN5",0.817,"Marenzellerianeglecta",0.969,"marenzelleria_neglecta",155
"GAM","PA2","RUN5",0.817,"Marenzellerianeglecta",0.969,"marenzelleria_neglecta",155
"XGBOOST","PA2","RUN5",0.763,"Marenzellerianeglecta",0.941,"marenzelleria_neglecta",155
"RF","PA2","allRun",NA,"Marenzellerianeglecta",NA,"marenzelleria_neglecta",155
"MAXNET","PA2","allRun",NA,"Marenzellerianeglecta",NA,"marenzelleria_neglecta",155
"MARS","PA2","allRun",NA,"Marenzellerianeglecta",NA,"marenzelleria_neglecta",155
"GAM","PA2","allRun",NA,"Marenzellerianeglecta",NA,"marenzelleria_neglecta",155
"XGBOOST","PA2","allRun",NA,"Marenzellerianeglecta",NA,"marenzelleria_neglecta",155
"RF","PA3","RUN1",0.71,"Marenzellerianeglecta",0.93,"marenzelleria_neglecta",155
"MAXNET","PA3","RUN1",0.699,"Marenzellerianeglecta",0.928,"marenzelleria_neglecta",155
"MARS","PA3","RUN1",0.688,"Marenzellerianeglecta",0.901,"marenzelleria_neglecta",155
"GAM","PA3","RUN1",0.731,"Marenzellerianeglecta",0.917,"marenzelleria_neglecta",155
"XGBOOST","PA3","RUN1",0.602,"Marenzellerianeglecta",0.875,"marenzelleria_neglecta",155
"RF","PA3","RUN2",0.774,"Marenzellerianeglecta",0.947,"marenzelleria_neglecta",155
"MAXNET","PA3","RUN2",0.785,"Marenzellerianeglecta",0.94,"marenzelleria_neglecta",155
"MARS","PA3","RUN2",0.699,"Marenzellerianeglecta",0.914,"marenzelleria_neglecta",155
"GAM","PA3","RUN2",0.72,"Marenzellerianeglecta",0.947,"marenzelleria_neglecta",155
"XGBOOST","PA3","RUN2",0.731,"Marenzellerianeglecta",0.924,"marenzelleria_neglecta",155
"RF","PA3","RUN3",0.763,"Marenzellerianeglecta",0.944,"marenzelleria_neglecta",155
"MAXNET","PA3","RUN3",0.774,"Marenzellerianeglecta",0.936,"marenzelleria_neglecta",155
"MARS","PA3","RUN3",0.763,"Marenzellerianeglecta",0.944,"marenzelleria_neglecta",155
"GAM","PA3","RUN3",0.763,"Marenzellerianeglecta",0.933,"marenzelleria_neglecta",155
"XGBOOST","PA3","RUN3",0.452,"Marenzellerianeglecta",0.879,"marenzelleria_neglecta",155
"RF","PA3","RUN4",0.785,"Marenzellerianeglecta",0.972,"marenzelleria_neglecta",155
"MAXNET","PA3","RUN4",0.806,"Marenzellerianeglecta",0.972,"marenzelleria_neglecta",155
"MARS","PA3","RUN4",0.796,"Marenzellerianeglecta",0.889,"marenzelleria_neglecta",155
"GAM","PA3","RUN4",0.871,"Marenzellerianeglecta",0.961,"marenzelleria_neglecta",155
"XGBOOST","PA3","RUN4",0.828,"Marenzellerianeglecta",0.947,"marenzelleria_neglecta",155
"RF","PA3","RUN5",0.774,"Marenzellerianeglecta",0.963,"marenzelleria_neglecta",155
"MAXNET","PA3","RUN5",0.774,"Marenzellerianeglecta",0.954,"marenzelleria_neglecta",155
"MARS","PA3","RUN5",0.753,"Marenzellerianeglecta",0.96,"marenzelleria_neglecta",155
"GAM","PA3","RUN5",0.699,"Marenzellerianeglecta",0.937,"marenzelleria_neglecta",155
"XGBOOST","PA3","RUN5",0.806,"Marenzellerianeglecta",0.95,"marenzelleria_neglecta",155
"RF","PA3","allRun",NA,"Marenzellerianeglecta",NA,"marenzelleria_neglecta",155
"MAXNET","PA3","allRun",NA,"Marenzellerianeglecta",NA,"marenzelleria_neglecta",155
"MARS","PA3","allRun",NA,"Marenzellerianeglecta",NA,"marenzelleria_neglecta",155
"GAM","PA3","allRun",NA,"Marenzellerianeglecta",NA,"marenzelleria_neglecta",155
"XGBOOST","PA3","allRun",NA,"Marenzellerianeglecta",NA,"marenzelleria_neglecta",155
"RF","allData","allRun",NA,"Marenzellerianeglecta",NA,"marenzelleria_neglecta",155
"MAXNET","allData","allRun",NA,"Marenzellerianeglecta",NA,"marenzelleria_neglecta",155
"MARS","allData","allRun",NA,"Marenzellerianeglecta",NA,"marenzelleria_neglecta",155
"GAM","allData","allRun",NA,"Marenzellerianeglecta",NA,"marenzelleria_neglecta",155
"XGBOOST","allData","allRun",NA,"Marenzellerianeglecta",NA,"marenzelleria_neglecta",155
"RF","PA1","RUN1",0.827,"Marenzelleriaviridis",0.962,"marenzelleria_viridis",231
"MAXNET","PA1","RUN1",0.79,"Marenzelleriaviridis",0.958,"marenzelleria_viridis",231
"MARS","PA1","RUN1",0.719,"Marenzelleriaviridis",0.939,"marenzelleria_viridis",231
"GAM","PA1","RUN1",0.697,"Marenzelleriaviridis",0.917,"marenzelleria_viridis",231
"XGBOOST","PA1","RUN1",0.617,"Marenzelleriaviridis",0.907,"marenzelleria_viridis",231
"RF","PA1","RUN2",0.775,"Marenzelleriaviridis",0.935,"marenzelleria_viridis",231
"MAXNET","PA1","RUN2",0.674,"Marenzelleriaviridis",0.911,"marenzelleria_viridis",231
"MARS","PA1","RUN2",0.681,"Marenzelleriaviridis",0.909,"marenzelleria_viridis",231
"GAM","PA1","RUN2",0.616,"Marenzelleriaviridis",0.89,"marenzelleria_viridis",231
"XGBOOST","PA1","RUN2",0.688,"Marenzelleriaviridis",0.903,"marenzelleria_viridis",231
"RF","PA1","RUN3",0.609,"Marenzelleriaviridis",0.927,"marenzelleria_viridis",231
"MAXNET","PA1","RUN3",0.644,"Marenzelleriaviridis",0.922,"marenzelleria_viridis",231
"MARS","PA1","RUN3",0.764,"Marenzelleriaviridis",0.935,"marenzelleria_viridis",231
"GAM","PA1","RUN3",0.643,"Marenzelleriaviridis",0.858,"marenzelleria_viridis",231
"XGBOOST","PA1","RUN3",0.572,"Marenzelleriaviridis",0.889,"marenzelleria_viridis",231
"RF","PA1","RUN4",0.804,"Marenzelleriaviridis",0.971,"marenzelleria_viridis",231
"MAXNET","PA1","RUN4",0.79,"Marenzelleriaviridis",0.964,"marenzelleria_viridis",231
"MARS","PA1","RUN4",0.783,"Marenzelleriaviridis",0.965,"marenzelleria_viridis",231
"GAM","PA1","RUN4",0.703,"Marenzelleriaviridis",0.935,"marenzelleria_viridis",231
"XGBOOST","PA1","RUN4",0.717,"Marenzelleriaviridis",0.921,"marenzelleria_viridis",231
"RF","PA1","RUN5",0.537,"Marenzelleriaviridis",0.912,"marenzelleria_viridis",231
"MAXNET","PA1","RUN5",0.544,"Marenzelleriaviridis",0.884,"marenzelleria_viridis",231
"MARS","PA1","RUN5",0.538,"Marenzelleriaviridis",0.848,"marenzelleria_viridis",231
"GAM","PA1","RUN5",0.458,"Marenzelleriaviridis",0.812,"marenzelleria_viridis",231
"XGBOOST","PA1","RUN5",0.545,"Marenzelleriaviridis",0.845,"marenzelleria_viridis",231
"RF","PA1","allRun",NA,"Marenzelleriaviridis",NA,"marenzelleria_viridis",231
"MAXNET","PA1","allRun",NA,"Marenzelleriaviridis",NA,"marenzelleria_viridis",231
"MARS","PA1","allRun",NA,"Marenzelleriaviridis",NA,"marenzelleria_viridis",231
"GAM","PA1","allRun",NA,"Marenzelleriaviridis",NA,"marenzelleria_viridis",231
"XGBOOST","PA1","allRun",NA,"Marenzelleriaviridis",NA,"marenzelleria_viridis",231
"RF","PA2","RUN1",0.595,"Marenzelleriaviridis",0.938,"marenzelleria_viridis",231
"MAXNET","PA2","RUN1",0.632,"Marenzelleriaviridis",0.897,"marenzelleria_viridis",231
"MARS","PA2","RUN1",0.581,"Marenzelleriaviridis",0.881,"marenzelleria_viridis",231
"GAM","PA2","RUN1",0.443,"Marenzelleriaviridis",0.841,"marenzelleria_viridis",231
"XGBOOST","PA2","RUN1",0.574,"Marenzelleriaviridis",0.868,"marenzelleria_viridis",231
"RF","PA2","RUN2",0.746,"Marenzelleriaviridis",0.94,"marenzelleria_viridis",231
"MAXNET","PA2","RUN2",0.645,"Marenzelleriaviridis",0.926,"marenzelleria_viridis",231
"MARS","PA2","RUN2",0.681,"Marenzelleriaviridis",0.931,"marenzelleria_viridis",231
"GAM","PA2","RUN2",0.703,"Marenzelleriaviridis",0.907,"marenzelleria_viridis",231
"XGBOOST","PA2","RUN2",0.732,"Marenzelleriaviridis",0.929,"marenzelleria_viridis",231
"RF","PA2","RUN3",0.765,"Marenzelleriaviridis",0.948,"marenzelleria_viridis",231
"MAXNET","PA2","RUN3",0.707,"Marenzelleriaviridis",0.948,"marenzelleria_viridis",231
"MARS","PA2","RUN3",0.75,"Marenzelleriaviridis",0.955,"marenzelleria_viridis",231
"GAM","PA2","RUN3",0.651,"Marenzelleriaviridis",0.9,"marenzelleria_viridis",231
"XGBOOST","PA2","RUN3",0.672,"Marenzelleriaviridis",0.922,"marenzelleria_viridis",231
"RF","PA2","RUN4",0.725,"Marenzelleriaviridis",0.944,"marenzelleria_viridis",231
"MAXNET","PA2","RUN4",0.688,"Marenzelleriaviridis",0.94,"marenzelleria_viridis",231
"MARS","PA2","RUN4",0.688,"Marenzelleriaviridis",0.934,"marenzelleria_viridis",231
"GAM","PA2","RUN4",0.674,"Marenzelleriaviridis",0.897,"marenzelleria_viridis",231
"XGBOOST","PA2","RUN4",0.681,"Marenzelleriaviridis",0.921,"marenzelleria_viridis",231
"RF","PA2","RUN5",0.769,"Marenzelleriaviridis",0.948,"marenzelleria_viridis",231
"MAXNET","PA2","RUN5",0.711,"Marenzelleriaviridis",0.936,"marenzelleria_viridis",231
"MARS","PA2","RUN5",0.675,"Marenzelleriaviridis",0.922,"marenzelleria_viridis",231
"GAM","PA2","RUN5",0.646,"Marenzelleriaviridis",0.902,"marenzelleria_viridis",231
"XGBOOST","PA2","RUN5",0.726,"Marenzelleriaviridis",0.9,"marenzelleria_viridis",231
"RF","PA2","allRun",NA,"Marenzelleriaviridis",NA,"marenzelleria_viridis",231
"MAXNET","PA2","allRun",NA,"Marenzelleriaviridis",NA,"marenzelleria_viridis",231
"MARS","PA2","allRun",NA,"Marenzelleriaviridis",NA,"marenzelleria_viridis",231
"GAM","PA2","allRun",NA,"Marenzelleriaviridis",NA,"marenzelleria_viridis",231
"XGBOOST","PA2","allRun",NA,"Marenzelleriaviridis",NA,"marenzelleria_viridis",231
"RF","PA3","RUN1",0.631,"Marenzelleriaviridis",0.899,"marenzelleria_viridis",231
"MAXNET","PA3","RUN1",0.616,"Marenzelleriaviridis",0.911,"marenzelleria_viridis",231
"MARS","PA3","RUN1",0.53,"Marenzelleriaviridis",0.856,"marenzelleria_viridis",231
"GAM","PA3","RUN1",0.487,"Marenzelleriaviridis",0.842,"marenzelleria_viridis",231
"XGBOOST","PA3","RUN1",0.617,"Marenzelleriaviridis",0.858,"marenzelleria_viridis",231
"RF","PA3","RUN2",0.688,"Marenzelleriaviridis",0.946,"marenzelleria_viridis",231
"MAXNET","PA3","RUN2",0.659,"Marenzelleriaviridis",0.926,"marenzelleria_viridis",231
"MARS","PA3","RUN2",0.645,"Marenzelleriaviridis",0.899,"marenzelleria_viridis",231
"GAM","PA3","RUN2",0.616,"Marenzelleriaviridis",0.899,"marenzelleria_viridis",231
"XGBOOST","PA3","RUN2",0.659,"Marenzelleriaviridis",0.899,"marenzelleria_viridis",231
"RF","PA3","RUN3",0.701,"Marenzelleriaviridis",0.961,"marenzelleria_viridis",231
"MAXNET","PA3","RUN3",0.807,"Marenzelleriaviridis",0.951,"marenzelleria_viridis",231
"MARS","PA3","RUN3",0.757,"Marenzelleriaviridis",0.932,"marenzelleria_viridis",231
"GAM","PA3","RUN3",0.651,"Marenzelleriaviridis",0.922,"marenzelleria_viridis",231
"XGBOOST","PA3","RUN3",0.679,"Marenzelleriaviridis",0.895,"marenzelleria_viridis",231
"RF","PA3","RUN4",0.739,"Marenzelleriaviridis",0.941,"marenzelleria_viridis",231
"MAXNET","PA3","RUN4",0.63,"Marenzelleriaviridis",0.923,"marenzelleria_viridis",231
"MARS","PA3","RUN4",0.681,"Marenzelleriaviridis",0.907,"marenzelleria_viridis",231
"GAM","PA3","RUN4",0.529,"Marenzelleriaviridis",0.871,"marenzelleria_viridis",231
"XGBOOST","PA3","RUN4",0.652,"Marenzelleriaviridis",0.894,"marenzelleria_viridis",231
"RF","PA3","RUN5",0.696,"Marenzelleriaviridis",0.947,"marenzelleria_viridis",231
"MAXNET","PA3","RUN5",0.66,"Marenzelleriaviridis",0.924,"marenzelleria_viridis",231
"MARS","PA3","RUN5",0.682,"Marenzelleriaviridis",0.917,"marenzelleria_viridis",231
"GAM","PA3","RUN5",0.639,"Marenzelleriaviridis",0.896,"marenzelleria_viridis",231
"XGBOOST","PA3","RUN5",0.682,"Marenzelleriaviridis",0.9,"marenzelleria_viridis",231
"RF","PA3","allRun",NA,"Marenzelleriaviridis",NA,"marenzelleria_viridis",231
"MAXNET","PA3","allRun",NA,"Marenzelleriaviridis",NA,"marenzelleria_viridis",231
"MARS","PA3","allRun",NA,"Marenzelleriaviridis",NA,"marenzelleria_viridis",231
"GAM","PA3","allRun",NA,"Marenzelleriaviridis",NA,"marenzelleria_viridis",231
"XGBOOST","PA3","allRun",NA,"Marenzelleriaviridis",NA,"marenzelleria_viridis",231
"RF","allData","allRun",NA,"Marenzelleriaviridis",NA,"marenzelleria_viridis",231
"MAXNET","allData","allRun",NA,"Marenzelleriaviridis",NA,"marenzelleria_viridis",231
"MARS","allData","allRun",NA,"Marenzelleriaviridis",NA,"marenzelleria_viridis",231
"GAM","allData","allRun",NA,"Marenzelleriaviridis",NA,"marenzelleria_viridis",231
"XGBOOST","allData","allRun",NA,"Marenzelleriaviridis",NA,"marenzelleria_viridis",231
"RF","PA1","RUN1",0.49,"Melanothamnusharveyi",0.871,"melanothamnus_harveyi",67
"MAXNET","PA1","RUN1",0.415,"Melanothamnusharveyi",0.818,"melanothamnus_harveyi",67
"MARS","PA1","RUN1",0.515,"Melanothamnusharveyi",0.84,"melanothamnus_harveyi",67
"GAM","PA1","RUN1",0.569,"Melanothamnusharveyi",0.794,"melanothamnus_harveyi",67
"XGBOOST","PA1","RUN1",0.567,"Melanothamnusharveyi",0.857,"melanothamnus_harveyi",67
"RF","PA1","RUN2",0.521,"Melanothamnusharveyi",0.899,"melanothamnus_harveyi",67
"MAXNET","PA1","RUN2",0.586,"Melanothamnusharveyi",0.898,"melanothamnus_harveyi",67
"MARS","PA1","RUN2",0.561,"Melanothamnusharveyi",0.873,"melanothamnus_harveyi",67
"GAM","PA1","RUN2",0.639,"Melanothamnusharveyi",0.886,"melanothamnus_harveyi",67
"XGBOOST","PA1","RUN2",0.711,"Melanothamnusharveyi",0.887,"melanothamnus_harveyi",67
"RF","PA1","RUN3",0.627,"Melanothamnusharveyi",0.921,"melanothamnus_harveyi",67
"MAXNET","PA1","RUN3",0.627,"Melanothamnusharveyi",0.897,"melanothamnus_harveyi",67
"MARS","PA1","RUN3",0.606,"Melanothamnusharveyi",0.862,"melanothamnus_harveyi",67
"GAM","PA1","RUN3",0.63,"Melanothamnusharveyi",0.843,"melanothamnus_harveyi",67
"XGBOOST","PA1","RUN3",0.647,"Melanothamnusharveyi",0.908,"melanothamnus_harveyi",67
"RF","PA1","RUN4",0.711,"Melanothamnusharveyi",0.968,"melanothamnus_harveyi",67
"MAXNET","PA1","RUN4",0.85,"Melanothamnusharveyi",0.939,"melanothamnus_harveyi",67
"MARS","PA1","RUN4",0.707,"Melanothamnusharveyi",0.94,"melanothamnus_harveyi",67
"GAM","PA1","RUN4",0.8,"Melanothamnusharveyi",0.927,"melanothamnus_harveyi",67
"XGBOOST","PA1","RUN4",0.757,"Melanothamnusharveyi",0.942,"melanothamnus_harveyi",67
"RF","PA1","RUN5",0.54,"Melanothamnusharveyi",0.906,"melanothamnus_harveyi",67
"MAXNET","PA1","RUN5",0.85,"Melanothamnusharveyi",0.928,"melanothamnus_harveyi",67
"MARS","PA1","RUN5",0.415,"Melanothamnusharveyi",0.797,"melanothamnus_harveyi",67
"GAM","PA1","RUN5",0.775,"Melanothamnusharveyi",0.902,"melanothamnus_harveyi",67
"XGBOOST","PA1","RUN5",0.592,"Melanothamnusharveyi",0.883,"melanothamnus_harveyi",67
"RF","PA1","allRun",NA,"Melanothamnusharveyi",NA,"melanothamnus_harveyi",67
"MAXNET","PA1","allRun",NA,"Melanothamnusharveyi",NA,"melanothamnus_harveyi",67
"MARS","PA1","allRun",NA,"Melanothamnusharveyi",NA,"melanothamnus_harveyi",67
"GAM","PA1","allRun",NA,"Melanothamnusharveyi",NA,"melanothamnus_harveyi",67
"XGBOOST","PA1","allRun",NA,"Melanothamnusharveyi",NA,"melanothamnus_harveyi",67
"RF","PA2","RUN1",0.567,"Melanothamnusharveyi",0.905,"melanothamnus_harveyi",67
"MAXNET","PA2","RUN1",0.548,"Melanothamnusharveyi",0.906,"melanothamnus_harveyi",67
"MARS","PA2","RUN1",0.646,"Melanothamnusharveyi",0.875,"melanothamnus_harveyi",67
"GAM","PA2","RUN1",0.648,"Melanothamnusharveyi",0.9,"melanothamnus_harveyi",67
"XGBOOST","PA2","RUN1",0.569,"Melanothamnusharveyi",0.866,"melanothamnus_harveyi",67
"RF","PA2","RUN2",0.757,"Melanothamnusharveyi",0.945,"melanothamnus_harveyi",67
"MAXNET","PA2","RUN2",0.707,"Melanothamnusharveyi",0.93,"melanothamnus_harveyi",67
"MARS","PA2","RUN2",0.682,"Melanothamnusharveyi",0.911,"melanothamnus_harveyi",67
"GAM","PA2","RUN2",0.657,"Melanothamnusharveyi",0.854,"melanothamnus_harveyi",67
"XGBOOST","PA2","RUN2",0.757,"Melanothamnusharveyi",0.868,"melanothamnus_harveyi",67
"RF","PA2","RUN3",0.465,"Melanothamnusharveyi",0.872,"melanothamnus_harveyi",67
"MAXNET","PA2","RUN3",0.619,"Melanothamnusharveyi",0.906,"melanothamnus_harveyi",67
"MARS","PA2","RUN3",0.336,"Melanothamnusharveyi",0.775,"melanothamnus_harveyi",67
"GAM","PA2","RUN3",0.647,"Melanothamnusharveyi",0.906,"melanothamnus_harveyi",67
"XGBOOST","PA2","RUN3",0.441,"Melanothamnusharveyi",0.829,"melanothamnus_harveyi",67
"RF","PA2","RUN4",0.639,"Melanothamnusharveyi",0.925,"melanothamnus_harveyi",67
"MAXNET","PA2","RUN4",0.782,"Melanothamnusharveyi",0.927,"melanothamnus_harveyi",67
"MARS","PA2","RUN4",0.779,"Melanothamnusharveyi",0.912,"melanothamnus_harveyi",67
"GAM","PA2","RUN4",0.686,"Melanothamnusharveyi",0.903,"melanothamnus_harveyi",67
"XGBOOST","PA2","RUN4",0.636,"Melanothamnusharveyi",0.906,"melanothamnus_harveyi",67
"RF","PA2","RUN5",0.719,"Melanothamnusharveyi",0.961,"melanothamnus_harveyi",67
"MAXNET","PA2","RUN5",0.746,"Melanothamnusharveyi",0.952,"melanothamnus_harveyi",67
"MARS","PA2","RUN5",0.594,"Melanothamnusharveyi",0.864,"melanothamnus_harveyi",67
"GAM","PA2","RUN5",0.773,"Melanothamnusharveyi",0.918,"melanothamnus_harveyi",67
"XGBOOST","PA2","RUN5",0.617,"Melanothamnusharveyi",0.915,"melanothamnus_harveyi",67
"RF","PA2","allRun",NA,"Melanothamnusharveyi",NA,"melanothamnus_harveyi",67
"MAXNET","PA2","allRun",NA,"Melanothamnusharveyi",NA,"melanothamnus_harveyi",67
"MARS","PA2","allRun",NA,"Melanothamnusharveyi",NA,"melanothamnus_harveyi",67
"GAM","PA2","allRun",NA,"Melanothamnusharveyi",NA,"melanothamnus_harveyi",67
"XGBOOST","PA2","allRun",NA,"Melanothamnusharveyi",NA,"melanothamnus_harveyi",67
"RF","PA3","RUN1",0.642,"Melanothamnusharveyi",0.923,"melanothamnus_harveyi",67
"MAXNET","PA3","RUN1",0.773,"Melanothamnusharveyi",0.904,"melanothamnus_harveyi",67
"MARS","PA3","RUN1",0.492,"Melanothamnusharveyi",0.763,"melanothamnus_harveyi",67
"GAM","PA3","RUN1",0.825,"Melanothamnusharveyi",0.912,"melanothamnus_harveyi",67
"XGBOOST","PA3","RUN1",0.594,"Melanothamnusharveyi",0.796,"melanothamnus_harveyi",67
"RF","PA3","RUN2",0.707,"Melanothamnusharveyi",0.895,"melanothamnus_harveyi",67
"MAXNET","PA3","RUN2",0.632,"Melanothamnusharveyi",0.827,"melanothamnus_harveyi",67
"MARS","PA3","RUN2",0.557,"Melanothamnusharveyi",0.807,"melanothamnus_harveyi",67
"GAM","PA3","RUN2",0.561,"Melanothamnusharveyi",0.812,"melanothamnus_harveyi",67
"XGBOOST","PA3","RUN2",0.536,"Melanothamnusharveyi",0.819,"melanothamnus_harveyi",67
"RF","PA3","RUN3",0.644,"Melanothamnusharveyi",0.904,"melanothamnus_harveyi",67
"MAXNET","PA3","RUN3",0.672,"Melanothamnusharveyi",0.88,"melanothamnus_harveyi",67
"MARS","PA3","RUN3",0.672,"Melanothamnusharveyi",0.831,"melanothamnus_harveyi",67
"GAM","PA3","RUN3",0.595,"Melanothamnusharveyi",0.875,"melanothamnus_harveyi",67
"XGBOOST","PA3","RUN3",0.745,"Melanothamnusharveyi",0.914,"melanothamnus_harveyi",67
"RF","PA3","RUN4",0.496,"Melanothamnusharveyi",0.927,"melanothamnus_harveyi",67
"MAXNET","PA3","RUN4",0.686,"Melanothamnusharveyi",0.923,"melanothamnus_harveyi",67
"MARS","PA3","RUN4",0.564,"Melanothamnusharveyi",0.886,"melanothamnus_harveyi",67
"GAM","PA3","RUN4",0.564,"Melanothamnusharveyi",0.889,"melanothamnus_harveyi",67
"XGBOOST","PA3","RUN4",0.636,"Melanothamnusharveyi",0.889,"melanothamnus_harveyi",67
"RF","PA3","RUN5",0.44,"Melanothamnusharveyi",0.858,"melanothamnus_harveyi",67
"MAXNET","PA3","RUN5",0.467,"Melanothamnusharveyi",0.796,"melanothamnus_harveyi",67
"MARS","PA3","RUN5",0.44,"Melanothamnusharveyi",0.743,"melanothamnus_harveyi",67
"GAM","PA3","RUN5",0.365,"Melanothamnusharveyi",0.757,"melanothamnus_harveyi",67
"XGBOOST","PA3","RUN5",0.363,"Melanothamnusharveyi",0.772,"melanothamnus_harveyi",67
"RF","PA3","allRun",NA,"Melanothamnusharveyi",NA,"melanothamnus_harveyi",67
"MAXNET","PA3","allRun",NA,"Melanothamnusharveyi",NA,"melanothamnus_harveyi",67
"MARS","PA3","allRun",NA,"Melanothamnusharveyi",NA,"melanothamnus_harveyi",67
"GAM","PA3","allRun",NA,"Melanothamnusharveyi",NA,"melanothamnus_harveyi",67
"XGBOOST","PA3","allRun",NA,"Melanothamnusharveyi",NA,"melanothamnus_harveyi",67
"RF","allData","allRun",NA,"Melanothamnusharveyi",NA,"melanothamnus_harveyi",67
"MAXNET","allData","allRun",NA,"Melanothamnusharveyi",NA,"melanothamnus_harveyi",67
"MARS","allData","allRun",NA,"Melanothamnusharveyi",NA,"melanothamnus_harveyi",67
"GAM","allData","allRun",NA,"Melanothamnusharveyi",NA,"melanothamnus_harveyi",67
"XGBOOST","allData","allRun",NA,"Melanothamnusharveyi",NA,"melanothamnus_harveyi",67
"RF","PA1","RUN1",0.737,"Mnemiopsisleidyi",0.963,"mnemiopsis_leidyi",493
"MAXNET","PA1","RUN1",0.703,"Mnemiopsisleidyi",0.94,"mnemiopsis_leidyi",493
"MARS","PA1","RUN1",0.696,"Mnemiopsisleidyi",0.92,"mnemiopsis_leidyi",493
"GAM","PA1","RUN1",0.643,"Mnemiopsisleidyi",0.908,"mnemiopsis_leidyi",493
"XGBOOST","PA1","RUN1",0.683,"Mnemiopsisleidyi",0.908,"mnemiopsis_leidyi",493
"RF","PA1","RUN2",0.698,"Mnemiopsisleidyi",0.947,"mnemiopsis_leidyi",493
"MAXNET","PA1","RUN2",0.749,"Mnemiopsisleidyi",0.929,"mnemiopsis_leidyi",493
"MARS","PA1","RUN2",0.698,"Mnemiopsisleidyi",0.921,"mnemiopsis_leidyi",493
"GAM","PA1","RUN2",0.688,"Mnemiopsisleidyi",0.911,"mnemiopsis_leidyi",493
"XGBOOST","PA1","RUN2",0.743,"Mnemiopsisleidyi",0.916,"mnemiopsis_leidyi",493
"RF","PA1","RUN3",0.784,"Mnemiopsisleidyi",0.954,"mnemiopsis_leidyi",493
"MAXNET","PA1","RUN3",0.75,"Mnemiopsisleidyi",0.939,"mnemiopsis_leidyi",493
"MARS","PA1","RUN3",0.719,"Mnemiopsisleidyi",0.922,"mnemiopsis_leidyi",493
"GAM","PA1","RUN3",0.699,"Mnemiopsisleidyi",0.904,"mnemiopsis_leidyi",493
"XGBOOST","PA1","RUN3",0.716,"Mnemiopsisleidyi",0.92,"mnemiopsis_leidyi",493
"RF","PA1","RUN4",0.776,"Mnemiopsisleidyi",0.955,"mnemiopsis_leidyi",493
"MAXNET","PA1","RUN4",0.729,"Mnemiopsisleidyi",0.935,"mnemiopsis_leidyi",493
"MARS","PA1","RUN4",0.76,"Mnemiopsisleidyi",0.934,"mnemiopsis_leidyi",493
"GAM","PA1","RUN4",0.695,"Mnemiopsisleidyi",0.91,"mnemiopsis_leidyi",493
"XGBOOST","PA1","RUN4",0.74,"Mnemiopsisleidyi",0.921,"mnemiopsis_leidyi",493
"RF","PA1","RUN5",0.761,"Mnemiopsisleidyi",0.958,"mnemiopsis_leidyi",493
"MAXNET","PA1","RUN5",0.737,"Mnemiopsisleidyi",0.934,"mnemiopsis_leidyi",493
"MARS","PA1","RUN5",0.723,"Mnemiopsisleidyi",0.927,"mnemiopsis_leidyi",493
"GAM","PA1","RUN5",0.632,"Mnemiopsisleidyi",0.901,"mnemiopsis_leidyi",493
"XGBOOST","PA1","RUN5",0.733,"Mnemiopsisleidyi",0.91,"mnemiopsis_leidyi",493
"RF","PA1","allRun",NA,"Mnemiopsisleidyi",NA,"mnemiopsis_leidyi",493
"MAXNET","PA1","allRun",NA,"Mnemiopsisleidyi",NA,"mnemiopsis_leidyi",493
"MARS","PA1","allRun",NA,"Mnemiopsisleidyi",NA,"mnemiopsis_leidyi",493
"GAM","PA1","allRun",NA,"Mnemiopsisleidyi",NA,"mnemiopsis_leidyi",493
"XGBOOST","PA1","allRun",NA,"Mnemiopsisleidyi",NA,"mnemiopsis_leidyi",493
"RF","PA2","RUN1",0.757,"Mnemiopsisleidyi",0.955,"mnemiopsis_leidyi",493
"MAXNET","PA2","RUN1",0.737,"Mnemiopsisleidyi",0.94,"mnemiopsis_leidyi",493
"MARS","PA2","RUN1",0.68,"Mnemiopsisleidyi",0.907,"mnemiopsis_leidyi",493
"GAM","PA2","RUN1",0.646,"Mnemiopsisleidyi",0.909,"mnemiopsis_leidyi",493
"XGBOOST","PA2","RUN1",0.71,"Mnemiopsisleidyi",0.918,"mnemiopsis_leidyi",493
"RF","PA2","RUN2",0.762,"Mnemiopsisleidyi",0.959,"mnemiopsis_leidyi",493
"MAXNET","PA2","RUN2",0.773,"Mnemiopsisleidyi",0.923,"mnemiopsis_leidyi",493
"MARS","PA2","RUN2",0.742,"Mnemiopsisleidyi",0.92,"mnemiopsis_leidyi",493
"GAM","PA2","RUN2",0.681,"Mnemiopsisleidyi",0.892,"mnemiopsis_leidyi",493
"XGBOOST","PA2","RUN2",0.729,"Mnemiopsisleidyi",0.912,"mnemiopsis_leidyi",493
"RF","PA2","RUN3",0.714,"Mnemiopsisleidyi",0.961,"mnemiopsis_leidyi",493
"MAXNET","PA2","RUN3",0.713,"Mnemiopsisleidyi",0.937,"mnemiopsis_leidyi",493
"MARS","PA2","RUN3",0.757,"Mnemiopsisleidyi",0.941,"mnemiopsis_leidyi",493
"GAM","PA2","RUN3",0.666,"Mnemiopsisleidyi",0.909,"mnemiopsis_leidyi",493
"XGBOOST","PA2","RUN3",0.7,"Mnemiopsisleidyi",0.914,"mnemiopsis_leidyi",493
"RF","PA2","RUN4",0.762,"Mnemiopsisleidyi",0.948,"mnemiopsis_leidyi",493
"MAXNET","PA2","RUN4",0.762,"Mnemiopsisleidyi",0.939,"mnemiopsis_leidyi",493
"MARS","PA2","RUN4",0.756,"Mnemiopsisleidyi",0.942,"mnemiopsis_leidyi",493
"GAM","PA2","RUN4",0.685,"Mnemiopsisleidyi",0.911,"mnemiopsis_leidyi",493
"XGBOOST","PA2","RUN4",0.728,"Mnemiopsisleidyi",0.907,"mnemiopsis_leidyi",493
"RF","PA2","RUN5",0.801,"Mnemiopsisleidyi",0.967,"mnemiopsis_leidyi",493
"MAXNET","PA2","RUN5",0.73,"Mnemiopsisleidyi",0.943,"mnemiopsis_leidyi",493
"MARS","PA2","RUN5",0.75,"Mnemiopsisleidyi",0.931,"mnemiopsis_leidyi",493
"GAM","PA2","RUN5",0.69,"Mnemiopsisleidyi",0.905,"mnemiopsis_leidyi",493
"XGBOOST","PA2","RUN5",0.727,"Mnemiopsisleidyi",0.914,"mnemiopsis_leidyi",493
"RF","PA2","allRun",NA,"Mnemiopsisleidyi",NA,"mnemiopsis_leidyi",493
"MAXNET","PA2","allRun",NA,"Mnemiopsisleidyi",NA,"mnemiopsis_leidyi",493
"MARS","PA2","allRun",NA,"Mnemiopsisleidyi",NA,"mnemiopsis_leidyi",493
"GAM","PA2","allRun",NA,"Mnemiopsisleidyi",NA,"mnemiopsis_leidyi",493
"XGBOOST","PA2","allRun",NA,"Mnemiopsisleidyi",NA,"mnemiopsis_leidyi",493
"RF","PA3","RUN1",0.71,"Mnemiopsisleidyi",0.951,"mnemiopsis_leidyi",493
"MAXNET","PA3","RUN1",0.713,"Mnemiopsisleidyi",0.93,"mnemiopsis_leidyi",493
"MARS","PA3","RUN1",0.723,"Mnemiopsisleidyi",0.919,"mnemiopsis_leidyi",493
"GAM","PA3","RUN1",0.679,"Mnemiopsisleidyi",0.906,"mnemiopsis_leidyi",493
"XGBOOST","PA3","RUN1",0.733,"Mnemiopsisleidyi",0.909,"mnemiopsis_leidyi",493
"RF","PA3","RUN2",0.752,"Mnemiopsisleidyi",0.962,"mnemiopsis_leidyi",493
"MAXNET","PA3","RUN2",0.783,"Mnemiopsisleidyi",0.933,"mnemiopsis_leidyi",493
"MARS","PA3","RUN2",0.76,"Mnemiopsisleidyi",0.939,"mnemiopsis_leidyi",493
"GAM","PA3","RUN2",0.726,"Mnemiopsisleidyi",0.927,"mnemiopsis_leidyi",493
"XGBOOST","PA3","RUN2",0.729,"Mnemiopsisleidyi",0.925,"mnemiopsis_leidyi",493
"RF","PA3","RUN3",0.807,"Mnemiopsisleidyi",0.968,"mnemiopsis_leidyi",493
"MAXNET","PA3","RUN3",0.821,"Mnemiopsisleidyi",0.946,"mnemiopsis_leidyi",493
"MARS","PA3","RUN3",0.79,"Mnemiopsisleidyi",0.953,"mnemiopsis_leidyi",493
"GAM","PA3","RUN3",0.722,"Mnemiopsisleidyi",0.917,"mnemiopsis_leidyi",493
"XGBOOST","PA3","RUN3",0.743,"Mnemiopsisleidyi",0.927,"mnemiopsis_leidyi",493
"RF","PA3","RUN4",0.756,"Mnemiopsisleidyi",0.968,"mnemiopsis_leidyi",493
"MAXNET","PA3","RUN4",0.735,"Mnemiopsisleidyi",0.945,"mnemiopsis_leidyi",493
"MARS","PA3","RUN4",0.763,"Mnemiopsisleidyi",0.939,"mnemiopsis_leidyi",493
"GAM","PA3","RUN4",0.695,"Mnemiopsisleidyi",0.914,"mnemiopsis_leidyi",493
"XGBOOST","PA3","RUN4",0.688,"Mnemiopsisleidyi",0.916,"mnemiopsis_leidyi",493
"RF","PA3","RUN5",0.757,"Mnemiopsisleidyi",0.956,"mnemiopsis_leidyi",493
"MAXNET","PA3","RUN5",0.75,"Mnemiopsisleidyi",0.94,"mnemiopsis_leidyi",493
"MARS","PA3","RUN5",0.754,"Mnemiopsisleidyi",0.929,"mnemiopsis_leidyi",493
"GAM","PA3","RUN5",0.73,"Mnemiopsisleidyi",0.92,"mnemiopsis_leidyi",493
"XGBOOST","PA3","RUN5",0.723,"Mnemiopsisleidyi",0.925,"mnemiopsis_leidyi",493
"RF","PA3","allRun",NA,"Mnemiopsisleidyi",NA,"mnemiopsis_leidyi",493
"MAXNET","PA3","allRun",NA,"Mnemiopsisleidyi",NA,"mnemiopsis_leidyi",493
"MARS","PA3","allRun",NA,"Mnemiopsisleidyi",NA,"mnemiopsis_leidyi",493
"GAM","PA3","allRun",NA,"Mnemiopsisleidyi",NA,"mnemiopsis_leidyi",493
"XGBOOST","PA3","allRun",NA,"Mnemiopsisleidyi",NA,"mnemiopsis_leidyi",493
"RF","allData","allRun",NA,"Mnemiopsisleidyi",NA,"mnemiopsis_leidyi",493
"MAXNET","allData","allRun",NA,"Mnemiopsisleidyi",NA,"mnemiopsis_leidyi",493
"MARS","allData","allRun",NA,"Mnemiopsisleidyi",NA,"mnemiopsis_leidyi",493
"GAM","allData","allRun",NA,"Mnemiopsisleidyi",NA,"mnemiopsis_leidyi",493
"XGBOOST","allData","allRun",NA,"Mnemiopsisleidyi",NA,"mnemiopsis_leidyi",493
"RF","PA1","RUN1",0.744,"Monocorophiumacherusicum",0.947,"monocorophium_acherusicum",131
"MAXNET","PA1","RUN1",0.707,"Monocorophiumacherusicum",0.94,"monocorophium_acherusicum",131
"MARS","PA1","RUN1",0.695,"Monocorophiumacherusicum",0.91,"monocorophium_acherusicum",131
"GAM","PA1","RUN1",0.669,"Monocorophiumacherusicum",0.908,"monocorophium_acherusicum",131
"XGBOOST","PA1","RUN1",0.682,"Monocorophiumacherusicum",0.931,"monocorophium_acherusicum",131
"RF","PA1","RUN2",0.692,"Monocorophiumacherusicum",0.924,"monocorophium_acherusicum",131
"MAXNET","PA1","RUN2",0.679,"Monocorophiumacherusicum",0.924,"monocorophium_acherusicum",131
"MARS","PA1","RUN2",0.615,"Monocorophiumacherusicum",0.89,"monocorophium_acherusicum",131
"GAM","PA1","RUN2",0.692,"Monocorophiumacherusicum",0.913,"monocorophium_acherusicum",131
"XGBOOST","PA1","RUN2",0.59,"Monocorophiumacherusicum",0.895,"monocorophium_acherusicum",131
"RF","PA1","RUN3",0.491,"Monocorophiumacherusicum",0.891,"monocorophium_acherusicum",131
"MAXNET","PA1","RUN3",0.64,"Monocorophiumacherusicum",0.872,"monocorophium_acherusicum",131
"MARS","PA1","RUN3",0.626,"Monocorophiumacherusicum",0.88,"monocorophium_acherusicum",131
"GAM","PA1","RUN3",0.538,"Monocorophiumacherusicum",0.818,"monocorophium_acherusicum",131
"XGBOOST","PA1","RUN3",0.502,"Monocorophiumacherusicum",0.872,"monocorophium_acherusicum",131
"RF","PA1","RUN4",0.654,"Monocorophiumacherusicum",0.945,"monocorophium_acherusicum",131
"MAXNET","PA1","RUN4",0.705,"Monocorophiumacherusicum",0.949,"monocorophium_acherusicum",131
"MARS","PA1","RUN4",0.667,"Monocorophiumacherusicum",0.925,"monocorophium_acherusicum",131
"GAM","PA1","RUN4",0.667,"Monocorophiumacherusicum",0.913,"monocorophium_acherusicum",131
"XGBOOST","PA1","RUN4",0.654,"Monocorophiumacherusicum",0.881,"monocorophium_acherusicum",131
"RF","PA1","RUN5",0.706,"Monocorophiumacherusicum",0.949,"monocorophium_acherusicum",131
"MAXNET","PA1","RUN5",0.809,"Monocorophiumacherusicum",0.972,"monocorophium_acherusicum",131
"MARS","PA1","RUN5",0.695,"Monocorophiumacherusicum",0.928,"monocorophium_acherusicum",131
"GAM","PA1","RUN5",0.809,"Monocorophiumacherusicum",0.97,"monocorophium_acherusicum",131
"XGBOOST","PA1","RUN5",0.618,"Monocorophiumacherusicum",0.921,"monocorophium_acherusicum",131
"RF","PA1","allRun",NA,"Monocorophiumacherusicum",NA,"monocorophium_acherusicum",131
"MAXNET","PA1","allRun",NA,"Monocorophiumacherusicum",NA,"monocorophium_acherusicum",131
"MARS","PA1","allRun",NA,"Monocorophiumacherusicum",NA,"monocorophium_acherusicum",131
"GAM","PA1","allRun",NA,"Monocorophiumacherusicum",NA,"monocorophium_acherusicum",131
"XGBOOST","PA1","allRun",NA,"Monocorophiumacherusicum",NA,"monocorophium_acherusicum",131
"RF","PA2","RUN1",0.759,"Monocorophiumacherusicum",0.955,"monocorophium_acherusicum",131
"MAXNET","PA2","RUN1",0.759,"Monocorophiumacherusicum",0.911,"monocorophium_acherusicum",131
"MARS","PA2","RUN1",0.695,"Monocorophiumacherusicum",0.925,"monocorophium_acherusicum",131
"GAM","PA2","RUN1",0.746,"Monocorophiumacherusicum",0.938,"monocorophium_acherusicum",131
"XGBOOST","PA2","RUN1",0.708,"Monocorophiumacherusicum",0.909,"monocorophium_acherusicum",131
"RF","PA2","RUN2",0.513,"Monocorophiumacherusicum",0.928,"monocorophium_acherusicum",131
"MAXNET","PA2","RUN2",0.679,"Monocorophiumacherusicum",0.93,"monocorophium_acherusicum",131
"MARS","PA2","RUN2",0.667,"Monocorophiumacherusicum",0.926,"monocorophium_acherusicum",131
"GAM","PA2","RUN2",0.705,"Monocorophiumacherusicum",0.929,"monocorophium_acherusicum",131
"XGBOOST","PA2","RUN2",0.667,"Monocorophiumacherusicum",0.888,"monocorophium_acherusicum",131
"RF","PA2","RUN3",0.762,"Monocorophiumacherusicum",0.95,"monocorophium_acherusicum",131
"MAXNET","PA2","RUN3",0.701,"Monocorophiumacherusicum",0.947,"monocorophium_acherusicum",131
"MARS","PA2","RUN3",0.687,"Monocorophiumacherusicum",0.94,"monocorophium_acherusicum",131
"GAM","PA2","RUN3",0.774,"Monocorophiumacherusicum",0.948,"monocorophium_acherusicum",131
"XGBOOST","PA2","RUN3",0.751,"Monocorophiumacherusicum",0.934,"monocorophium_acherusicum",131
"RF","PA2","RUN4",0.526,"Monocorophiumacherusicum",0.918,"monocorophium_acherusicum",131
"MAXNET","PA2","RUN4",0.59,"Monocorophiumacherusicum",0.913,"monocorophium_acherusicum",131
"MARS","PA2","RUN4",0.551,"Monocorophiumacherusicum",0.884,"monocorophium_acherusicum",131
"GAM","PA2","RUN4",0.487,"Monocorophiumacherusicum",0.84,"monocorophium_acherusicum",131
"XGBOOST","PA2","RUN4",0.641,"Monocorophiumacherusicum",0.876,"monocorophium_acherusicum",131
"RF","PA2","RUN5",0.604,"Monocorophiumacherusicum",0.897,"monocorophium_acherusicum",131
"MAXNET","PA2","RUN5",0.605,"Monocorophiumacherusicum",0.891,"monocorophium_acherusicum",131
"MARS","PA2","RUN5",0.593,"Monocorophiumacherusicum",0.88,"monocorophium_acherusicum",131
"GAM","PA2","RUN5",0.746,"Monocorophiumacherusicum",0.901,"monocorophium_acherusicum",131
"XGBOOST","PA2","RUN5",0.593,"Monocorophiumacherusicum",0.871,"monocorophium_acherusicum",131
"RF","PA2","allRun",NA,"Monocorophiumacherusicum",NA,"monocorophium_acherusicum",131
"MAXNET","PA2","allRun",NA,"Monocorophiumacherusicum",NA,"monocorophium_acherusicum",131
"MARS","PA2","allRun",NA,"Monocorophiumacherusicum",NA,"monocorophium_acherusicum",131
"GAM","PA2","allRun",NA,"Monocorophiumacherusicum",NA,"monocorophium_acherusicum",131
"XGBOOST","PA2","allRun",NA,"Monocorophiumacherusicum",NA,"monocorophium_acherusicum",131
"RF","PA3","RUN1",0.719,"Monocorophiumacherusicum",0.951,"monocorophium_acherusicum",131
"MAXNET","PA3","RUN1",0.796,"Monocorophiumacherusicum",0.962,"monocorophium_acherusicum",131
"MARS","PA3","RUN1",0.669,"Monocorophiumacherusicum",0.916,"monocorophium_acherusicum",131
"GAM","PA3","RUN1",0.707,"Monocorophiumacherusicum",0.927,"monocorophium_acherusicum",131
"XGBOOST","PA3","RUN1",0.732,"Monocorophiumacherusicum",0.933,"monocorophium_acherusicum",131
"RF","PA3","RUN2",0.756,"Monocorophiumacherusicum",0.96,"monocorophium_acherusicum",131
"MAXNET","PA3","RUN2",0.821,"Monocorophiumacherusicum",0.962,"monocorophium_acherusicum",131
"MARS","PA3","RUN2",0.705,"Monocorophiumacherusicum",0.905,"monocorophium_acherusicum",131
"GAM","PA3","RUN2",0.769,"Monocorophiumacherusicum",0.91,"monocorophium_acherusicum",131
"XGBOOST","PA3","RUN2",0.705,"Monocorophiumacherusicum",0.906,"monocorophium_acherusicum",131
"RF","PA3","RUN3",0.677,"Monocorophiumacherusicum",0.934,"monocorophium_acherusicum",131
"MAXNET","PA3","RUN3",0.725,"Monocorophiumacherusicum",0.926,"monocorophium_acherusicum",131
"MARS","PA3","RUN3",0.687,"Monocorophiumacherusicum",0.934,"monocorophium_acherusicum",131
"GAM","PA3","RUN3",0.75,"Monocorophiumacherusicum",0.942,"monocorophium_acherusicum",131
"XGBOOST","PA3","RUN3",0.699,"Monocorophiumacherusicum",0.917,"monocorophium_acherusicum",131
"RF","PA3","RUN4",0.859,"Monocorophiumacherusicum",0.983,"monocorophium_acherusicum",131
"MAXNET","PA3","RUN4",0.808,"Monocorophiumacherusicum",0.967,"monocorophium_acherusicum",131
"MARS","PA3","RUN4",0.756,"Monocorophiumacherusicum",0.96,"monocorophium_acherusicum",131
"GAM","PA3","RUN4",0.756,"Monocorophiumacherusicum",0.934,"monocorophium_acherusicum",131
"XGBOOST","PA3","RUN4",0.782,"Monocorophiumacherusicum",0.955,"monocorophium_acherusicum",131
"RF","PA3","RUN5",0.667,"Monocorophiumacherusicum",0.896,"monocorophium_acherusicum",131
"MAXNET","PA3","RUN5",0.771,"Monocorophiumacherusicum",0.91,"monocorophium_acherusicum",131
"MARS","PA3","RUN5",0.707,"Monocorophiumacherusicum",0.86,"monocorophium_acherusicum",131
"GAM","PA3","RUN5",0.694,"Monocorophiumacherusicum",0.904,"monocorophium_acherusicum",131
"XGBOOST","PA3","RUN5",0.656,"Monocorophiumacherusicum",0.881,"monocorophium_acherusicum",131
"RF","PA3","allRun",NA,"Monocorophiumacherusicum",NA,"monocorophium_acherusicum",131
"MAXNET","PA3","allRun",NA,"Monocorophiumacherusicum",NA,"monocorophium_acherusicum",131
"MARS","PA3","allRun",NA,"Monocorophiumacherusicum",NA,"monocorophium_acherusicum",131
"GAM","PA3","allRun",NA,"Monocorophiumacherusicum",NA,"monocorophium_acherusicum",131
"XGBOOST","PA3","allRun",NA,"Monocorophiumacherusicum",NA,"monocorophium_acherusicum",131
"RF","allData","allRun",NA,"Monocorophiumacherusicum",NA,"monocorophium_acherusicum",131
"MAXNET","allData","allRun",NA,"Monocorophiumacherusicum",NA,"monocorophium_acherusicum",131
"MARS","allData","allRun",NA,"Monocorophiumacherusicum",NA,"monocorophium_acherusicum",131
"GAM","allData","allRun",NA,"Monocorophiumacherusicum",NA,"monocorophium_acherusicum",131
"XGBOOST","allData","allRun",NA,"Monocorophiumacherusicum",NA,"monocorophium_acherusicum",131
"RF","PA1","RUN1",0.764,"Monocorophiumsextonae",0.957,"monocorophium_sextonae",218
"MAXNET","PA1","RUN1",0.81,"Monocorophiumsextonae",0.95,"monocorophium_sextonae",218
"MARS","PA1","RUN1",0.825,"Monocorophiumsextonae",0.943,"monocorophium_sextonae",218
"GAM","PA1","RUN1",0.741,"Monocorophiumsextonae",0.916,"monocorophium_sextonae",218
"XGBOOST","PA1","RUN1",0.787,"Monocorophiumsextonae",0.934,"monocorophium_sextonae",218
"RF","PA1","RUN2",0.683,"Monocorophiumsextonae",0.947,"monocorophium_sextonae",218
"MAXNET","PA1","RUN2",0.792,"Monocorophiumsextonae",0.935,"monocorophium_sextonae",218
"MARS","PA1","RUN2",0.73,"Monocorophiumsextonae",0.944,"monocorophium_sextonae",218
"GAM","PA1","RUN2",0.8,"Monocorophiumsextonae",0.927,"monocorophium_sextonae",218
"XGBOOST","PA1","RUN2",0.661,"Monocorophiumsextonae",0.913,"monocorophium_sextonae",218
"RF","PA1","RUN3",0.802,"Monocorophiumsextonae",0.958,"monocorophium_sextonae",218
"MAXNET","PA1","RUN3",0.771,"Monocorophiumsextonae",0.94,"monocorophium_sextonae",218
"MARS","PA1","RUN3",0.756,"Monocorophiumsextonae",0.934,"monocorophium_sextonae",218
"GAM","PA1","RUN3",0.709,"Monocorophiumsextonae",0.907,"monocorophium_sextonae",218
"XGBOOST","PA1","RUN3",0.733,"Monocorophiumsextonae",0.916,"monocorophium_sextonae",218
"RF","PA1","RUN4",0.753,"Monocorophiumsextonae",0.937,"monocorophium_sextonae",218
"MAXNET","PA1","RUN4",0.755,"Monocorophiumsextonae",0.93,"monocorophium_sextonae",218
"MARS","PA1","RUN4",0.738,"Monocorophiumsextonae",0.94,"monocorophium_sextonae",218
"GAM","PA1","RUN4",0.731,"Monocorophiumsextonae",0.921,"monocorophium_sextonae",218
"XGBOOST","PA1","RUN4",0.631,"Monocorophiumsextonae",0.877,"monocorophium_sextonae",218
"RF","PA1","RUN5",0.772,"Monocorophiumsextonae",0.949,"monocorophium_sextonae",218
"MAXNET","PA1","RUN5",0.825,"Monocorophiumsextonae",0.94,"monocorophium_sextonae",218
"MARS","PA1","RUN5",0.734,"Monocorophiumsextonae",0.929,"monocorophium_sextonae",218
"GAM","PA1","RUN5",0.696,"Monocorophiumsextonae",0.906,"monocorophium_sextonae",218
"XGBOOST","PA1","RUN5",0.711,"Monocorophiumsextonae",0.886,"monocorophium_sextonae",218
"RF","PA1","allRun",NA,"Monocorophiumsextonae",NA,"monocorophium_sextonae",218
"MAXNET","PA1","allRun",NA,"Monocorophiumsextonae",NA,"monocorophium_sextonae",218
"MARS","PA1","allRun",NA,"Monocorophiumsextonae",NA,"monocorophium_sextonae",218
"GAM","PA1","allRun",NA,"Monocorophiumsextonae",NA,"monocorophium_sextonae",218
"XGBOOST","PA1","allRun",NA,"Monocorophiumsextonae",NA,"monocorophium_sextonae",218
"RF","PA2","RUN1",0.757,"Monocorophiumsextonae",0.93,"monocorophium_sextonae",218
"MAXNET","PA2","RUN1",0.749,"Monocorophiumsextonae",0.925,"monocorophium_sextonae",218
"MARS","PA2","RUN1",0.734,"Monocorophiumsextonae",0.934,"monocorophium_sextonae",218
"GAM","PA2","RUN1",0.741,"Monocorophiumsextonae",0.921,"monocorophium_sextonae",218
"XGBOOST","PA2","RUN1",0.733,"Monocorophiumsextonae",0.916,"monocorophium_sextonae",218
"RF","PA2","RUN2",0.855,"Monocorophiumsextonae",0.961,"monocorophium_sextonae",218
"MAXNET","PA2","RUN2",0.784,"Monocorophiumsextonae",0.951,"monocorophium_sextonae",218
"MARS","PA2","RUN2",0.739,"Monocorophiumsextonae",0.936,"monocorophium_sextonae",218
"GAM","PA2","RUN2",0.715,"Monocorophiumsextonae",0.916,"monocorophium_sextonae",218
"XGBOOST","PA2","RUN2",0.777,"Monocorophiumsextonae",0.926,"monocorophium_sextonae",218
"RF","PA2","RUN3",0.81,"Monocorophiumsextonae",0.983,"monocorophium_sextonae",218
"MAXNET","PA2","RUN3",0.824,"Monocorophiumsextonae",0.964,"monocorophium_sextonae",218
"MARS","PA2","RUN3",0.877,"Monocorophiumsextonae",0.972,"monocorophium_sextonae",218
"GAM","PA2","RUN3",0.755,"Monocorophiumsextonae",0.942,"monocorophium_sextonae",218
"XGBOOST","PA2","RUN3",0.733,"Monocorophiumsextonae",0.939,"monocorophium_sextonae",218
"RF","PA2","RUN4",0.73,"Monocorophiumsextonae",0.961,"monocorophium_sextonae",218
"MAXNET","PA2","RUN4",0.801,"Monocorophiumsextonae",0.954,"monocorophium_sextonae",218
"MARS","PA2","RUN4",0.824,"Monocorophiumsextonae",0.942,"monocorophium_sextonae",218
"GAM","PA2","RUN4",0.778,"Monocorophiumsextonae",0.927,"monocorophium_sextonae",218
"XGBOOST","PA2","RUN4",0.693,"Monocorophiumsextonae",0.897,"monocorophium_sextonae",218
"RF","PA2","RUN5",0.598,"Monocorophiumsextonae",0.923,"monocorophium_sextonae",218
"MAXNET","PA2","RUN5",0.628,"Monocorophiumsextonae",0.915,"monocorophium_sextonae",218
"MARS","PA2","RUN5",0.665,"Monocorophiumsextonae",0.892,"monocorophium_sextonae",218
"GAM","PA2","RUN5",0.673,"Monocorophiumsextonae",0.887,"monocorophium_sextonae",218
"XGBOOST","PA2","RUN5",0.658,"Monocorophiumsextonae",0.891,"monocorophium_sextonae",218
"RF","PA2","allRun",NA,"Monocorophiumsextonae",NA,"monocorophium_sextonae",218
"MAXNET","PA2","allRun",NA,"Monocorophiumsextonae",NA,"monocorophium_sextonae",218
"MARS","PA2","allRun",NA,"Monocorophiumsextonae",NA,"monocorophium_sextonae",218
"GAM","PA2","allRun",NA,"Monocorophiumsextonae",NA,"monocorophium_sextonae",218
"XGBOOST","PA2","allRun",NA,"Monocorophiumsextonae",NA,"monocorophium_sextonae",218
"RF","PA3","RUN1",0.765,"Monocorophiumsextonae",0.964,"monocorophium_sextonae",218
"MAXNET","PA3","RUN1",0.772,"Monocorophiumsextonae",0.944,"monocorophium_sextonae",218
"MARS","PA3","RUN1",0.741,"Monocorophiumsextonae",0.928,"monocorophium_sextonae",218
"GAM","PA3","RUN1",0.688,"Monocorophiumsextonae",0.926,"monocorophium_sextonae",218
"XGBOOST","PA3","RUN1",0.695,"Monocorophiumsextonae",0.915,"monocorophium_sextonae",218
"RF","PA3","RUN2",0.714,"Monocorophiumsextonae",0.962,"monocorophium_sextonae",218
"MAXNET","PA3","RUN2",0.762,"Monocorophiumsextonae",0.951,"monocorophium_sextonae",218
"MARS","PA3","RUN2",0.746,"Monocorophiumsextonae",0.942,"monocorophium_sextonae",218
"GAM","PA3","RUN2",0.77,"Monocorophiumsextonae",0.938,"monocorophium_sextonae",218
"XGBOOST","PA3","RUN2",0.699,"Monocorophiumsextonae",0.924,"monocorophium_sextonae",218
"RF","PA3","RUN3",0.734,"Monocorophiumsextonae",0.945,"monocorophium_sextonae",218
"MAXNET","PA3","RUN3",0.778,"Monocorophiumsextonae",0.935,"monocorophium_sextonae",218
"MARS","PA3","RUN3",0.763,"Monocorophiumsextonae",0.929,"monocorophium_sextonae",218
"GAM","PA3","RUN3",0.747,"Monocorophiumsextonae",0.915,"monocorophium_sextonae",218
"XGBOOST","PA3","RUN3",0.649,"Monocorophiumsextonae",0.893,"monocorophium_sextonae",218
"RF","PA3","RUN4",0.823,"Monocorophiumsextonae",0.95,"monocorophium_sextonae",218
"MAXNET","PA3","RUN4",0.793,"Monocorophiumsextonae",0.945,"monocorophium_sextonae",218
"MARS","PA3","RUN4",0.824,"Monocorophiumsextonae",0.94,"monocorophium_sextonae",218
"GAM","PA3","RUN4",0.762,"Monocorophiumsextonae",0.931,"monocorophium_sextonae",218
"XGBOOST","PA3","RUN4",0.677,"Monocorophiumsextonae",0.894,"monocorophium_sextonae",218
"RF","PA3","RUN5",0.765,"Monocorophiumsextonae",0.98,"monocorophium_sextonae",218
"MAXNET","PA3","RUN5",0.878,"Monocorophiumsextonae",0.976,"monocorophium_sextonae",218
"MARS","PA3","RUN5",0.833,"Monocorophiumsextonae",0.968,"monocorophium_sextonae",218
"GAM","PA3","RUN5",0.787,"Monocorophiumsextonae",0.958,"monocorophium_sextonae",218
"XGBOOST","PA3","RUN5",0.787,"Monocorophiumsextonae",0.959,"monocorophium_sextonae",218
"RF","PA3","allRun",NA,"Monocorophiumsextonae",NA,"monocorophium_sextonae",218
"MAXNET","PA3","allRun",NA,"Monocorophiumsextonae",NA,"monocorophium_sextonae",218
"MARS","PA3","allRun",NA,"Monocorophiumsextonae",NA,"monocorophium_sextonae",218
"GAM","PA3","allRun",NA,"Monocorophiumsextonae",NA,"monocorophium_sextonae",218
"XGBOOST","PA3","allRun",NA,"Monocorophiumsextonae",NA,"monocorophium_sextonae",218
"RF","allData","allRun",NA,"Monocorophiumsextonae",NA,"monocorophium_sextonae",218
"MAXNET","allData","allRun",NA,"Monocorophiumsextonae",NA,"monocorophium_sextonae",218
"MARS","allData","allRun",NA,"Monocorophiumsextonae",NA,"monocorophium_sextonae",218
"GAM","allData","allRun",NA,"Monocorophiumsextonae",NA,"monocorophium_sextonae",218
"XGBOOST","allData","allRun",NA,"Monocorophiumsextonae",NA,"monocorophium_sextonae",218
"RF","PA1","RUN1",0.818,"Neogobiusmelanostomus",0.952,"neogobius_melanostomus",383
"MAXNET","PA1","RUN1",0.779,"Neogobiusmelanostomus",0.963,"neogobius_melanostomus",383
"MARS","PA1","RUN1",0.805,"Neogobiusmelanostomus",0.966,"neogobius_melanostomus",383
"GAM","PA1","RUN1",0.722,"Neogobiusmelanostomus",0.954,"neogobius_melanostomus",383
"XGBOOST","PA1","RUN1",0.757,"Neogobiusmelanostomus",0.954,"neogobius_melanostomus",383
"RF","PA1","RUN2",0.873,"Neogobiusmelanostomus",0.991,"neogobius_melanostomus",383
"MAXNET","PA1","RUN2",0.869,"Neogobiusmelanostomus",0.984,"neogobius_melanostomus",383
"MARS","PA1","RUN2",0.856,"Neogobiusmelanostomus",0.981,"neogobius_melanostomus",383
"GAM","PA1","RUN2",0.826,"Neogobiusmelanostomus",0.975,"neogobius_melanostomus",383
"XGBOOST","PA1","RUN2",0.786,"Neogobiusmelanostomus",0.962,"neogobius_melanostomus",383
"RF","PA1","RUN3",0.826,"Neogobiusmelanostomus",0.965,"neogobius_melanostomus",383
"MAXNET","PA1","RUN3",0.826,"Neogobiusmelanostomus",0.961,"neogobius_melanostomus",383
"MARS","PA1","RUN3",0.83,"Neogobiusmelanostomus",0.962,"neogobius_melanostomus",383
"GAM","PA1","RUN3",0.791,"Neogobiusmelanostomus",0.955,"neogobius_melanostomus",383
"XGBOOST","PA1","RUN3",0.735,"Neogobiusmelanostomus",0.933,"neogobius_melanostomus",383
"RF","PA1","RUN4",0.794,"Neogobiusmelanostomus",0.967,"neogobius_melanostomus",383
"MAXNET","PA1","RUN4",0.781,"Neogobiusmelanostomus",0.957,"neogobius_melanostomus",383
"MARS","PA1","RUN4",0.782,"Neogobiusmelanostomus",0.956,"neogobius_melanostomus",383
"GAM","PA1","RUN4",0.782,"Neogobiusmelanostomus",0.95,"neogobius_melanostomus",383
"XGBOOST","PA1","RUN4",0.743,"Neogobiusmelanostomus",0.935,"neogobius_melanostomus",383
"RF","PA1","RUN5",0.762,"Neogobiusmelanostomus",0.954,"neogobius_melanostomus",383
"MAXNET","PA1","RUN5",0.74,"Neogobiusmelanostomus",0.94,"neogobius_melanostomus",383
"MARS","PA1","RUN5",0.731,"Neogobiusmelanostomus",0.925,"neogobius_melanostomus",383
"GAM","PA1","RUN5",0.718,"Neogobiusmelanostomus",0.943,"neogobius_melanostomus",383
"XGBOOST","PA1","RUN5",0.692,"Neogobiusmelanostomus",0.932,"neogobius_melanostomus",383
"RF","PA1","allRun",NA,"Neogobiusmelanostomus",NA,"neogobius_melanostomus",383
"MAXNET","PA1","allRun",NA,"Neogobiusmelanostomus",NA,"neogobius_melanostomus",383
"MARS","PA1","allRun",NA,"Neogobiusmelanostomus",NA,"neogobius_melanostomus",383
"GAM","PA1","allRun",NA,"Neogobiusmelanostomus",NA,"neogobius_melanostomus",383
"XGBOOST","PA1","allRun",NA,"Neogobiusmelanostomus",NA,"neogobius_melanostomus",383
"RF","PA2","RUN1",0.762,"Neogobiusmelanostomus",0.955,"neogobius_melanostomus",383
"MAXNET","PA2","RUN1",0.801,"Neogobiusmelanostomus",0.964,"neogobius_melanostomus",383
"MARS","PA2","RUN1",0.783,"Neogobiusmelanostomus",0.954,"neogobius_melanostomus",383
"GAM","PA2","RUN1",0.783,"Neogobiusmelanostomus",0.947,"neogobius_melanostomus",383
"XGBOOST","PA2","RUN1",0.731,"Neogobiusmelanostomus",0.948,"neogobius_melanostomus",383
"RF","PA2","RUN2",0.768,"Neogobiusmelanostomus",0.947,"neogobius_melanostomus",383
"MAXNET","PA2","RUN2",0.781,"Neogobiusmelanostomus",0.95,"neogobius_melanostomus",383
"MARS","PA2","RUN2",0.781,"Neogobiusmelanostomus",0.933,"neogobius_melanostomus",383
"GAM","PA2","RUN2",0.764,"Neogobiusmelanostomus",0.946,"neogobius_melanostomus",383
"XGBOOST","PA2","RUN2",0.667,"Neogobiusmelanostomus",0.921,"neogobius_melanostomus",383
"RF","PA2","RUN3",0.84,"Neogobiusmelanostomus",0.971,"neogobius_melanostomus",383
"MAXNET","PA2","RUN3",0.796,"Neogobiusmelanostomus",0.959,"neogobius_melanostomus",383
"MARS","PA2","RUN3",0.809,"Neogobiusmelanostomus",0.957,"neogobius_melanostomus",383
"GAM","PA2","RUN3",0.757,"Neogobiusmelanostomus",0.947,"neogobius_melanostomus",383
"XGBOOST","PA2","RUN3",0.744,"Neogobiusmelanostomus",0.935,"neogobius_melanostomus",383
"RF","PA2","RUN4",0.873,"Neogobiusmelanostomus",0.976,"neogobius_melanostomus",383
"MAXNET","PA2","RUN4",0.821,"Neogobiusmelanostomus",0.959,"neogobius_melanostomus",383
"MARS","PA2","RUN4",0.821,"Neogobiusmelanostomus",0.96,"neogobius_melanostomus",383
"GAM","PA2","RUN4",0.768,"Neogobiusmelanostomus",0.952,"neogobius_melanostomus",383
"XGBOOST","PA2","RUN4",0.83,"Neogobiusmelanostomus",0.96,"neogobius_melanostomus",383
"RF","PA2","RUN5",0.762,"Neogobiusmelanostomus",0.958,"neogobius_melanostomus",383
"MAXNET","PA2","RUN5",0.727,"Neogobiusmelanostomus",0.941,"neogobius_melanostomus",383
"MARS","PA2","RUN5",0.744,"Neogobiusmelanostomus",0.941,"neogobius_melanostomus",383
"GAM","PA2","RUN5",0.701,"Neogobiusmelanostomus",0.929,"neogobius_melanostomus",383
"XGBOOST","PA2","RUN5",0.705,"Neogobiusmelanostomus",0.921,"neogobius_melanostomus",383
"RF","PA2","allRun",NA,"Neogobiusmelanostomus",NA,"neogobius_melanostomus",383
"MAXNET","PA2","allRun",NA,"Neogobiusmelanostomus",NA,"neogobius_melanostomus",383
"MARS","PA2","allRun",NA,"Neogobiusmelanostomus",NA,"neogobius_melanostomus",383
"GAM","PA2","allRun",NA,"Neogobiusmelanostomus",NA,"neogobius_melanostomus",383
"XGBOOST","PA2","allRun",NA,"Neogobiusmelanostomus",NA,"neogobius_melanostomus",383
"RF","PA3","RUN1",0.779,"Neogobiusmelanostomus",0.956,"neogobius_melanostomus",383
"MAXNET","PA3","RUN1",0.757,"Neogobiusmelanostomus",0.95,"neogobius_melanostomus",383
"MARS","PA3","RUN1",0.748,"Neogobiusmelanostomus",0.942,"neogobius_melanostomus",383
"GAM","PA3","RUN1",0.666,"Neogobiusmelanostomus",0.931,"neogobius_melanostomus",383
"XGBOOST","PA3","RUN1",0.748,"Neogobiusmelanostomus",0.944,"neogobius_melanostomus",383
"RF","PA3","RUN2",0.864,"Neogobiusmelanostomus",0.982,"neogobius_melanostomus",383
"MAXNET","PA3","RUN2",0.856,"Neogobiusmelanostomus",0.974,"neogobius_melanostomus",383
"MARS","PA3","RUN2",0.787,"Neogobiusmelanostomus",0.962,"neogobius_melanostomus",383
"GAM","PA3","RUN2",0.817,"Neogobiusmelanostomus",0.966,"neogobius_melanostomus",383
"XGBOOST","PA3","RUN2",0.782,"Neogobiusmelanostomus",0.95,"neogobius_melanostomus",383
"RF","PA3","RUN3",0.8,"Neogobiusmelanostomus",0.956,"neogobius_melanostomus",383
"MAXNET","PA3","RUN3",0.757,"Neogobiusmelanostomus",0.949,"neogobius_melanostomus",383
"MARS","PA3","RUN3",0.761,"Neogobiusmelanostomus",0.937,"neogobius_melanostomus",383
"GAM","PA3","RUN3",0.748,"Neogobiusmelanostomus",0.949,"neogobius_melanostomus",383
"XGBOOST","PA3","RUN3",0.744,"Neogobiusmelanostomus",0.93,"neogobius_melanostomus",383
"RF","PA3","RUN4",0.799,"Neogobiusmelanostomus",0.954,"neogobius_melanostomus",383
"MARS","PA3","RUN4",0.804,"Neogobiusmelanostomus",0.955,"neogobius_melanostomus",383
"GAM","PA3","RUN4",0.721,"Neogobiusmelanostomus",0.932,"neogobius_melanostomus",383
"XGBOOST","PA3","RUN4",0.742,"Neogobiusmelanostomus",0.923,"neogobius_melanostomus",383
"RF","PA3","RUN5",0.8,"Neogobiusmelanostomus",0.964,"neogobius_melanostomus",383
"MARS","PA3","RUN5",0.766,"Neogobiusmelanostomus",0.954,"neogobius_melanostomus",383
"GAM","PA3","RUN5",0.709,"Neogobiusmelanostomus",0.953,"neogobius_melanostomus",383
"XGBOOST","PA3","RUN5",0.77,"Neogobiusmelanostomus",0.943,"neogobius_melanostomus",383
"RF","PA3","allRun",NA,"Neogobiusmelanostomus",NA,"neogobius_melanostomus",383
"MARS","PA3","allRun",NA,"Neogobiusmelanostomus",NA,"neogobius_melanostomus",383
"GAM","PA3","allRun",NA,"Neogobiusmelanostomus",NA,"neogobius_melanostomus",383
"XGBOOST","PA3","allRun",NA,"Neogobiusmelanostomus",NA,"neogobius_melanostomus",383
"RF","allData","allRun",NA,"Neogobiusmelanostomus",NA,"neogobius_melanostomus",383
"MAXNET","allData","allRun",NA,"Neogobiusmelanostomus",NA,"neogobius_melanostomus",383
"MARS","allData","allRun",NA,"Neogobiusmelanostomus",NA,"neogobius_melanostomus",383
"GAM","allData","allRun",NA,"Neogobiusmelanostomus",NA,"neogobius_melanostomus",383
"XGBOOST","allData","allRun",NA,"Neogobiusmelanostomus",NA,"neogobius_melanostomus",383
"RF","PA1","RUN1",0.625,"Oithonadavisae",0.93,"oithona_davisae",42
"MAXNET","PA1","RUN1",0.585,"Oithonadavisae",0.875,"oithona_davisae",42
"MARS","PA1","RUN1",0.67,"Oithonadavisae",0.935,"oithona_davisae",42
"GAM","PA1","RUN1",0.55,"Oithonadavisae",0.82,"oithona_davisae",42
"XGBOOST","PA1","RUN1",0.545,"Oithonadavisae",0.9,"oithona_davisae",42
"RF","PA1","RUN2",0.547,"Oithonadavisae",0.853,"oithona_davisae",42
"MAXNET","PA1","RUN2",0.418,"Oithonadavisae",0.882,"oithona_davisae",42
"MARS","PA1","RUN2",0.436,"Oithonadavisae",0.838,"oithona_davisae",42
"GAM","PA1","RUN2",0.418,"Oithonadavisae",0.844,"oithona_davisae",42
"XGBOOST","PA1","RUN2",0.427,"Oithonadavisae",0.856,"oithona_davisae",42
"RF","PA1","RUN3",0.385,"Oithonadavisae",0.817,"oithona_davisae",42
"MAXNET","PA1","RUN3",0.471,"Oithonadavisae",0.88,"oithona_davisae",42
"MARS","PA1","RUN3",0.385,"Oithonadavisae",0.8,"oithona_davisae",42
"GAM","PA1","RUN3",0.048,"Oithonadavisae",0.817,"oithona_davisae",42
"XGBOOST","PA1","RUN3",0.548,"Oithonadavisae",0.933,"oithona_davisae",42
"RF","PA1","RUN4",0.284,"Oithonadavisae",0.66,"oithona_davisae",42
"MAXNET","PA1","RUN4",0.213,"Oithonadavisae",0.707,"oithona_davisae",42
"MARS","PA1","RUN4",0.507,"Oithonadavisae",0.629,"oithona_davisae",42
"GAM","PA1","RUN4",0.236,"Oithonadavisae",0.66,"oithona_davisae",42
"XGBOOST","PA1","RUN4",0.244,"Oithonadavisae",0.689,"oithona_davisae",42
"RF","PA1","RUN5",0.76,"Oithonadavisae",0.94,"oithona_davisae",42
"MAXNET","PA1","RUN5",0.68,"Oithonadavisae",0.838,"oithona_davisae",42
"MARS","PA1","RUN5",0.64,"Oithonadavisae",0.87,"oithona_davisae",42
"GAM","PA1","RUN5",0.64,"Oithonadavisae",0.925,"oithona_davisae",42
"XGBOOST","PA1","RUN5",0.72,"Oithonadavisae",0.835,"oithona_davisae",42
"RF","PA1","allRun",NA,"Oithonadavisae",NA,"oithona_davisae",42
"MAXNET","PA1","allRun",NA,"Oithonadavisae",NA,"oithona_davisae",42
"MARS","PA1","allRun",NA,"Oithonadavisae",NA,"oithona_davisae",42
"GAM","PA1","allRun",NA,"Oithonadavisae",NA,"oithona_davisae",42
"XGBOOST","PA1","allRun",NA,"Oithonadavisae",NA,"oithona_davisae",42
"RF","PA2","RUN1",0.135,"Oithonadavisae",0.635,"oithona_davisae",42
"MAXNET","PA2","RUN1",0.06,"Oithonadavisae",0.58,"oithona_davisae",42
"MARS","PA2","RUN1",0.095,"Oithonadavisae",0.472,"oithona_davisae",42
"GAM","PA2","RUN1",0.06,"Oithonadavisae",0.547,"oithona_davisae",42
"XGBOOST","PA2","RUN1",0.22,"Oithonadavisae",0.682,"oithona_davisae",42
"RF","PA2","RUN2",0.316,"Oithonadavisae",0.756,"oithona_davisae",42
"MAXNET","PA2","RUN2",0.244,"Oithonadavisae",0.76,"oithona_davisae",42
"MARS","PA2","RUN2",0.396,"Oithonadavisae",0.736,"oithona_davisae",42
"GAM","PA2","RUN2",-0.027,"Oithonadavisae",0.696,"oithona_davisae",42
"XGBOOST","PA2","RUN2",0.427,"Oithonadavisae",0.727,"oithona_davisae",42
"RF","PA2","RUN3",0.423,"Oithonadavisae",0.762,"oithona_davisae",42
"MAXNET","PA2","RUN3",0.279,"Oithonadavisae",0.784,"oithona_davisae",42
"MARS","PA2","RUN3",0.356,"Oithonadavisae",0.668,"oithona_davisae",42
"GAM","PA2","RUN3",0.317,"Oithonadavisae",0.75,"oithona_davisae",42
"XGBOOST","PA2","RUN3",0.471,"Oithonadavisae",0.798,"oithona_davisae",42
"RF","PA2","RUN4",0.849,"Oithonadavisae",0.982,"oithona_davisae",42
"MAXNET","PA2","RUN4",0.769,"Oithonadavisae",0.942,"oithona_davisae",42
"MARS","PA2","RUN4",0.649,"Oithonadavisae",0.942,"oithona_davisae",42
"GAM","PA2","RUN4",0.618,"Oithonadavisae",0.924,"oithona_davisae",42
"XGBOOST","PA2","RUN4",0.538,"Oithonadavisae",0.891,"oithona_davisae",42
"RF","PA2","RUN5",0.67,"Oithonadavisae",0.94,"oithona_davisae",42
"MAXNET","PA2","RUN5",0.51,"Oithonadavisae",0.88,"oithona_davisae",42
"MARS","PA2","RUN5",0.68,"Oithonadavisae",0.91,"oithona_davisae",42
"GAM","PA2","RUN5",0.515,"Oithonadavisae",0.88,"oithona_davisae",42
"XGBOOST","PA2","RUN5",0.755,"Oithonadavisae",0.98,"oithona_davisae",42
"RF","PA2","allRun",NA,"Oithonadavisae",NA,"oithona_davisae",42
"MAXNET","PA2","allRun",NA,"Oithonadavisae",NA,"oithona_davisae",42
"MARS","PA2","allRun",NA,"Oithonadavisae",NA,"oithona_davisae",42
"GAM","PA2","allRun",NA,"Oithonadavisae",NA,"oithona_davisae",42
"XGBOOST","PA2","allRun",NA,"Oithonadavisae",NA,"oithona_davisae",42
"RF","PA3","RUN1",0.545,"Oithonadavisae",0.81,"oithona_davisae",42
"MAXNET","PA3","RUN1",0.42,"Oithonadavisae",0.79,"oithona_davisae",42
"MARS","PA3","RUN1",0.545,"Oithonadavisae",0.815,"oithona_davisae",42
"GAM","PA3","RUN1",0.465,"Oithonadavisae",0.755,"oithona_davisae",42
"XGBOOST","PA3","RUN1",0.71,"Oithonadavisae",0.855,"oithona_davisae",42
"RF","PA3","RUN2",0.8,"Oithonadavisae",0.956,"oithona_davisae",42
"MAXNET","PA3","RUN2",0.56,"Oithonadavisae",0.902,"oithona_davisae",42
"MARS","PA3","RUN2",0.68,"Oithonadavisae",0.924,"oithona_davisae",42
"GAM","PA3","RUN2",0.458,"Oithonadavisae",0.862,"oithona_davisae",42
"XGBOOST","PA3","RUN2",0.609,"Oithonadavisae",0.922,"oithona_davisae",42
"RF","PA3","RUN3",0.423,"Oithonadavisae",0.837,"oithona_davisae",42
"MAXNET","PA3","RUN3",0.308,"Oithonadavisae",0.767,"oithona_davisae",42
"MARS","PA3","RUN3",0.471,"Oithonadavisae",0.846,"oithona_davisae",42
"GAM","PA3","RUN3",0.144,"Oithonadavisae",0.642,"oithona_davisae",42
"XGBOOST","PA3","RUN3",0.635,"Oithonadavisae",0.846,"oithona_davisae",42
"RF","PA3","RUN4",0.556,"Oithonadavisae",0.951,"oithona_davisae",42
"MAXNET","PA3","RUN4",0.436,"Oithonadavisae",0.84,"oithona_davisae",42
"MARS","PA3","RUN4",0.476,"Oithonadavisae",0.842,"oithona_davisae",42
"GAM","PA3","RUN4",0.467,"Oithonadavisae",0.876,"oithona_davisae",42
"XGBOOST","PA3","RUN4",0.698,"Oithonadavisae",0.922,"oithona_davisae",42
"RF","PA3","RUN5",0.875,"Oithonadavisae",0.97,"oithona_davisae",42
"MAXNET","PA3","RUN5",0.675,"Oithonadavisae",0.912,"oithona_davisae",42
"MARS","PA3","RUN5",0.505,"Oithonadavisae",0.84,"oithona_davisae",42
"GAM","PA3","RUN5",0.675,"Oithonadavisae",0.895,"oithona_davisae",42
"XGBOOST","PA3","RUN5",0.795,"Oithonadavisae",0.945,"oithona_davisae",42
"RF","PA3","allRun",NA,"Oithonadavisae",NA,"oithona_davisae",42
"MAXNET","PA3","allRun",NA,"Oithonadavisae",NA,"oithona_davisae",42
"MARS","PA3","allRun",NA,"Oithonadavisae",NA,"oithona_davisae",42
"GAM","PA3","allRun",NA,"Oithonadavisae",NA,"oithona_davisae",42
"XGBOOST","PA3","allRun",NA,"Oithonadavisae",NA,"oithona_davisae",42
"RF","allData","allRun",NA,"Oithonadavisae",NA,"oithona_davisae",42
"MAXNET","allData","allRun",NA,"Oithonadavisae",NA,"oithona_davisae",42
"MARS","allData","allRun",NA,"Oithonadavisae",NA,"oithona_davisae",42
"GAM","allData","allRun",NA,"Oithonadavisae",NA,"oithona_davisae",42
"XGBOOST","allData","allRun",NA,"Oithonadavisae",NA,"oithona_davisae",42
"RF","PA1","RUN1",0.545,"Ostreopsisovata",0.904,"ostreopsis_ovata",57
"MAXNET","PA1","RUN1",0.73,"Ostreopsisovata",0.948,"ostreopsis_ovata",57
"MARS","PA1","RUN1",0.636,"Ostreopsisovata",0.984,"ostreopsis_ovata",57
"GAM","PA1","RUN1",0.668,"Ostreopsisovata",0.904,"ostreopsis_ovata",57
"XGBOOST","PA1","RUN1",0.521,"Ostreopsisovata",0.885,"ostreopsis_ovata",57
"RF","PA1","RUN2",0.52,"Ostreopsisovata",0.9,"ostreopsis_ovata",57
"MAXNET","PA1","RUN2",0.603,"Ostreopsisovata",0.895,"ostreopsis_ovata",57
"MARS","PA1","RUN2",0.461,"Ostreopsisovata",0.792,"ostreopsis_ovata",57
"GAM","PA1","RUN2",0.681,"Ostreopsisovata",0.897,"ostreopsis_ovata",57
"XGBOOST","PA1","RUN2",0.578,"Ostreopsisovata",0.891,"ostreopsis_ovata",57
"RF","PA1","RUN3",0.709,"Ostreopsisovata",0.943,"ostreopsis_ovata",57
"MAXNET","PA1","RUN3",0.618,"Ostreopsisovata",0.953,"ostreopsis_ovata",57
"MARS","PA1","RUN3",0.771,"Ostreopsisovata",0.974,"ostreopsis_ovata",57
"GAM","PA1","RUN3",0.59,"Ostreopsisovata",0.916,"ostreopsis_ovata",57
"XGBOOST","PA1","RUN3",0.647,"Ostreopsisovata",0.926,"ostreopsis_ovata",57
"RF","PA1","RUN4",0.574,"Ostreopsisovata",0.929,"ostreopsis_ovata",57
"MAXNET","PA1","RUN4",0.676,"Ostreopsisovata",0.914,"ostreopsis_ovata",57
"MARS","PA1","RUN4",0.716,"Ostreopsisovata",0.87,"ostreopsis_ovata",57
"GAM","PA1","RUN4",0.51,"Ostreopsisovata",0.817,"ostreopsis_ovata",57
"XGBOOST","PA1","RUN4",0.598,"Ostreopsisovata",0.874,"ostreopsis_ovata",57
"RF","PA1","RUN5",0.489,"Ostreopsisovata",0.837,"ostreopsis_ovata",57
"MAXNET","PA1","RUN5",0.551,"Ostreopsisovata",0.793,"ostreopsis_ovata",57
"MARS","PA1","RUN5",0.43,"Ostreopsisovata",0.715,"ostreopsis_ovata",57
"GAM","PA1","RUN5",0.519,"Ostreopsisovata",0.842,"ostreopsis_ovata",57
"XGBOOST","PA1","RUN5",0.43,"Ostreopsisovata",0.782,"ostreopsis_ovata",57
"RF","PA1","allRun",NA,"Ostreopsisovata",NA,"ostreopsis_ovata",57
"MAXNET","PA1","allRun",NA,"Ostreopsisovata",NA,"ostreopsis_ovata",57
"MARS","PA1","allRun",NA,"Ostreopsisovata",NA,"ostreopsis_ovata",57
"GAM","PA1","allRun",NA,"Ostreopsisovata",NA,"ostreopsis_ovata",57
"XGBOOST","PA1","allRun",NA,"Ostreopsisovata",NA,"ostreopsis_ovata",57
"RF","PA2","RUN1",0.425,"Ostreopsisovata",0.842,"ostreopsis_ovata",57
"MAXNET","PA2","RUN1",0.281,"Ostreopsisovata",0.751,"ostreopsis_ovata",57
"MARS","PA2","RUN1",0.43,"Ostreopsisovata",0.77,"ostreopsis_ovata",57
"GAM","PA2","RUN1",0.398,"Ostreopsisovata",0.754,"ostreopsis_ovata",57
"XGBOOST","PA2","RUN1",0.401,"Ostreopsisovata",0.731,"ostreopsis_ovata",57
"RF","PA2","RUN2",0.466,"Ostreopsisovata",0.903,"ostreopsis_ovata",57
"MAXNET","PA2","RUN2",0.711,"Ostreopsisovata",0.898,"ostreopsis_ovata",57
"MARS","PA2","RUN2",0.49,"Ostreopsisovata",0.879,"ostreopsis_ovata",57
"GAM","PA2","RUN2",0.515,"Ostreopsisovata",0.896,"ostreopsis_ovata",57
"XGBOOST","PA2","RUN2",0.52,"Ostreopsisovata",0.874,"ostreopsis_ovata",57
"RF","PA2","RUN3",0.675,"Ostreopsisovata",0.909,"ostreopsis_ovata",57
"MAXNET","PA2","RUN3",0.795,"Ostreopsisovata",0.94,"ostreopsis_ovata",57
"MARS","PA2","RUN3",0.8,"Ostreopsisovata",0.925,"ostreopsis_ovata",57
"GAM","PA2","RUN3",0.771,"Ostreopsisovata",0.909,"ostreopsis_ovata",57
"XGBOOST","PA2","RUN3",0.494,"Ostreopsisovata",0.86,"ostreopsis_ovata",57
"RF","PA2","RUN4",0.328,"Ostreopsisovata",0.766,"ostreopsis_ovata",57
"MAXNET","PA2","RUN4",0.235,"Ostreopsisovata",0.824,"ostreopsis_ovata",57
"MARS","PA2","RUN4",0.544,"Ostreopsisovata",0.832,"ostreopsis_ovata",57
"GAM","PA2","RUN4",0.451,"Ostreopsisovata",0.797,"ostreopsis_ovata",57
"XGBOOST","PA2","RUN4",0.382,"Ostreopsisovata",0.749,"ostreopsis_ovata",57
"RF","PA2","RUN5",0.548,"Ostreopsisovata",0.861,"ostreopsis_ovata",57
"MAXNET","PA2","RUN5",0.583,"Ostreopsisovata",0.833,"ostreopsis_ovata",57
"MARS","PA2","RUN5",0.519,"Ostreopsisovata",0.845,"ostreopsis_ovata",57
"GAM","PA2","RUN5",0.733,"Ostreopsisovata",0.849,"ostreopsis_ovata",57
"XGBOOST","PA2","RUN5",0.583,"Ostreopsisovata",0.797,"ostreopsis_ovata",57
"RF","PA2","allRun",NA,"Ostreopsisovata",NA,"ostreopsis_ovata",57
"MAXNET","PA2","allRun",NA,"Ostreopsisovata",NA,"ostreopsis_ovata",57
"MARS","PA2","allRun",NA,"Ostreopsisovata",NA,"ostreopsis_ovata",57
"GAM","PA2","allRun",NA,"Ostreopsisovata",NA,"ostreopsis_ovata",57
"XGBOOST","PA2","allRun",NA,"Ostreopsisovata",NA,"ostreopsis_ovata",57
"RF","PA3","RUN1",0.58,"Ostreopsisovata",0.89,"ostreopsis_ovata",57
"MAXNET","PA3","RUN1",0.548,"Ostreopsisovata",0.912,"ostreopsis_ovata",57
"MARS","PA3","RUN1",0.644,"Ostreopsisovata",0.917,"ostreopsis_ovata",57
"GAM","PA3","RUN1",0.583,"Ostreopsisovata",0.861,"ostreopsis_ovata",57
"XGBOOST","PA3","RUN1",0.642,"Ostreopsisovata",0.904,"ostreopsis_ovata",57
"RF","PA3","RUN2",0.525,"Ostreopsisovata",0.887,"ostreopsis_ovata",57
"MAXNET","PA3","RUN2",0.716,"Ostreopsisovata",0.86,"ostreopsis_ovata",57
"MARS","PA3","RUN2",0.549,"Ostreopsisovata",0.853,"ostreopsis_ovata",57
"GAM","PA3","RUN2",0.716,"Ostreopsisovata",0.819,"ostreopsis_ovata",57
"XGBOOST","PA3","RUN2",0.632,"Ostreopsisovata",0.907,"ostreopsis_ovata",57
"RF","PA3","RUN3",0.852,"Ostreopsisovata",0.992,"ostreopsis_ovata",57
"MAXNET","PA3","RUN3",0.943,"Ostreopsisovata",0.99,"ostreopsis_ovata",57
"MARS","PA3","RUN3",0.738,"Ostreopsisovata",0.943,"ostreopsis_ovata",57
"GAM","PA3","RUN3",0.766,"Ostreopsisovata",0.987,"ostreopsis_ovata",57
"XGBOOST","PA3","RUN3",0.761,"Ostreopsisovata",0.971,"ostreopsis_ovata",57
"RF","PA3","RUN4",0.52,"Ostreopsisovata",0.875,"ostreopsis_ovata",57
"MAXNET","PA3","RUN4",0.627,"Ostreopsisovata",0.923,"ostreopsis_ovata",57
"MARS","PA3","RUN4",0.657,"Ostreopsisovata",0.904,"ostreopsis_ovata",57
"GAM","PA3","RUN4",0.534,"Ostreopsisovata",0.852,"ostreopsis_ovata",57
"XGBOOST","PA3","RUN4",0.456,"Ostreopsisovata",0.803,"ostreopsis_ovata",57
"RF","PA3","RUN5",0.58,"Ostreopsisovata",0.912,"ostreopsis_ovata",57
"MAXNET","PA3","RUN5",0.61,"Ostreopsisovata",0.896,"ostreopsis_ovata",57
"MARS","PA3","RUN5",0.548,"Ostreopsisovata",0.912,"ostreopsis_ovata",57
"GAM","PA3","RUN5",0.369,"Ostreopsisovata",0.828,"ostreopsis_ovata",57
"XGBOOST","PA3","RUN5",0.401,"Ostreopsisovata",0.806,"ostreopsis_ovata",57
"RF","PA3","allRun",NA,"Ostreopsisovata",NA,"ostreopsis_ovata",57
"MAXNET","PA3","allRun",NA,"Ostreopsisovata",NA,"ostreopsis_ovata",57
"MARS","PA3","allRun",NA,"Ostreopsisovata",NA,"ostreopsis_ovata",57
"GAM","PA3","allRun",NA,"Ostreopsisovata",NA,"ostreopsis_ovata",57
"XGBOOST","PA3","allRun",NA,"Ostreopsisovata",NA,"ostreopsis_ovata",57
"RF","allData","allRun",NA,"Ostreopsisovata",NA,"ostreopsis_ovata",57
"MAXNET","allData","allRun",NA,"Ostreopsisovata",NA,"ostreopsis_ovata",57
"MARS","allData","allRun",NA,"Ostreopsisovata",NA,"ostreopsis_ovata",57
"GAM","allData","allRun",NA,"Ostreopsisovata",NA,"ostreopsis_ovata",57
"XGBOOST","allData","allRun",NA,"Ostreopsisovata",NA,"ostreopsis_ovata",57
"RF","PA1","RUN1",0.798,"Palaemonelegans",0.959,"palaemon_elegans",798
"MAXNET","PA1","RUN1",0.779,"Palaemonelegans",0.953,"palaemon_elegans",798
"MARS","PA1","RUN1",0.816,"Palaemonelegans",0.954,"palaemon_elegans",798
"GAM","PA1","RUN1",0.75,"Palaemonelegans",0.934,"palaemon_elegans",798
"XGBOOST","PA1","RUN1",0.768,"Palaemonelegans",0.922,"palaemon_elegans",798
"RF","PA1","RUN2",0.812,"Palaemonelegans",0.971,"palaemon_elegans",798
"MAXNET","PA1","RUN2",0.845,"Palaemonelegans",0.957,"palaemon_elegans",798
"MARS","PA1","RUN2",0.816,"Palaemonelegans",0.955,"palaemon_elegans",798
"GAM","PA1","RUN2",0.793,"Palaemonelegans",0.946,"palaemon_elegans",798
"XGBOOST","PA1","RUN2",0.759,"Palaemonelegans",0.936,"palaemon_elegans",798
"RF","PA1","RUN3",0.758,"Palaemonelegans",0.949,"palaemon_elegans",798
"MAXNET","PA1","RUN3",0.762,"Palaemonelegans",0.944,"palaemon_elegans",798
"MARS","PA1","RUN3",0.774,"Palaemonelegans",0.946,"palaemon_elegans",798
"GAM","PA1","RUN3",0.751,"Palaemonelegans",0.924,"palaemon_elegans",798
"XGBOOST","PA1","RUN3",0.779,"Palaemonelegans",0.927,"palaemon_elegans",798
"RF","PA1","RUN4",0.807,"Palaemonelegans",0.966,"palaemon_elegans",798
"MAXNET","PA1","RUN4",0.852,"Palaemonelegans",0.955,"palaemon_elegans",798
"MARS","PA1","RUN4",0.843,"Palaemonelegans",0.954,"palaemon_elegans",798
"GAM","PA1","RUN4",0.793,"Palaemonelegans",0.933,"palaemon_elegans",798
"XGBOOST","PA1","RUN4",0.806,"Palaemonelegans",0.943,"palaemon_elegans",798
"RF","PA1","RUN5",0.81,"Palaemonelegans",0.97,"palaemon_elegans",798
"MAXNET","PA1","RUN5",0.837,"Palaemonelegans",0.96,"palaemon_elegans",798
"MARS","PA1","RUN5",0.796,"Palaemonelegans",0.957,"palaemon_elegans",798
"GAM","PA1","RUN5",0.762,"Palaemonelegans",0.937,"palaemon_elegans",798
"XGBOOST","PA1","RUN5",0.785,"Palaemonelegans",0.939,"palaemon_elegans",798
"RF","PA1","allRun",NA,"Palaemonelegans",NA,"palaemon_elegans",798
"MAXNET","PA1","allRun",NA,"Palaemonelegans",NA,"palaemon_elegans",798
"MARS","PA1","allRun",NA,"Palaemonelegans",NA,"palaemon_elegans",798
"GAM","PA1","allRun",NA,"Palaemonelegans",NA,"palaemon_elegans",798
"XGBOOST","PA1","allRun",NA,"Palaemonelegans",NA,"palaemon_elegans",798
"RF","PA2","RUN1",0.8,"Palaemonelegans",0.963,"palaemon_elegans",798
"MAXNET","PA2","RUN1",0.779,"Palaemonelegans",0.954,"palaemon_elegans",798
"MARS","PA2","RUN1",0.781,"Palaemonelegans",0.952,"palaemon_elegans",798
"GAM","PA2","RUN1",0.737,"Palaemonelegans",0.926,"palaemon_elegans",798
"XGBOOST","PA2","RUN1",0.756,"Palaemonelegans",0.932,"palaemon_elegans",798
"RF","PA2","RUN2",0.778,"Palaemonelegans",0.959,"palaemon_elegans",798
"MAXNET","PA2","RUN2",0.799,"Palaemonelegans",0.942,"palaemon_elegans",798
"MARS","PA2","RUN2",0.76,"Palaemonelegans",0.937,"palaemon_elegans",798
"GAM","PA2","RUN2",0.722,"Palaemonelegans",0.912,"palaemon_elegans",798
"XGBOOST","PA2","RUN2",0.77,"Palaemonelegans",0.914,"palaemon_elegans",798
"RF","PA2","RUN3",0.802,"Palaemonelegans",0.974,"palaemon_elegans",798
"MAXNET","PA2","RUN3",0.818,"Palaemonelegans",0.959,"palaemon_elegans",798
"MARS","PA2","RUN3",0.833,"Palaemonelegans",0.96,"palaemon_elegans",798
"GAM","PA2","RUN3",0.755,"Palaemonelegans",0.936,"palaemon_elegans",798
"XGBOOST","PA2","RUN3",0.797,"Palaemonelegans",0.941,"palaemon_elegans",798
"RF","PA2","RUN4",0.759,"Palaemonelegans",0.96,"palaemon_elegans",798
"MAXNET","PA2","RUN4",0.791,"Palaemonelegans",0.947,"palaemon_elegans",798
"MARS","PA2","RUN4",0.783,"Palaemonelegans",0.946,"palaemon_elegans",798
"GAM","PA2","RUN4",0.714,"Palaemonelegans",0.918,"palaemon_elegans",798
"XGBOOST","PA2","RUN4",0.743,"Palaemonelegans",0.929,"palaemon_elegans",798
"RF","PA2","RUN5",0.785,"Palaemonelegans",0.967,"palaemon_elegans",798
"MAXNET","PA2","RUN5",0.8,"Palaemonelegans",0.948,"palaemon_elegans",798
"MARS","PA2","RUN5",0.806,"Palaemonelegans",0.948,"palaemon_elegans",798
"GAM","PA2","RUN5",0.727,"Palaemonelegans",0.935,"palaemon_elegans",798
"XGBOOST","PA2","RUN5",0.764,"Palaemonelegans",0.935,"palaemon_elegans",798
"RF","PA2","allRun",NA,"Palaemonelegans",NA,"palaemon_elegans",798
"MAXNET","PA2","allRun",NA,"Palaemonelegans",NA,"palaemon_elegans",798
"MARS","PA2","allRun",NA,"Palaemonelegans",NA,"palaemon_elegans",798
"GAM","PA2","allRun",NA,"Palaemonelegans",NA,"palaemon_elegans",798
"XGBOOST","PA2","allRun",NA,"Palaemonelegans",NA,"palaemon_elegans",798
"RF","PA3","RUN1",0.858,"Palaemonelegans",0.981,"palaemon_elegans",798
"MAXNET","PA3","RUN1",0.827,"Palaemonelegans",0.965,"palaemon_elegans",798
"MARS","PA3","RUN1",0.841,"Palaemonelegans",0.967,"palaemon_elegans",798
"GAM","PA3","RUN1",0.764,"Palaemonelegans",0.945,"palaemon_elegans",798
"XGBOOST","PA3","RUN1",0.821,"Palaemonelegans",0.955,"palaemon_elegans",798
"RF","PA3","RUN2",0.786,"Palaemonelegans",0.964,"palaemon_elegans",798
"MAXNET","PA3","RUN2",0.803,"Palaemonelegans",0.959,"palaemon_elegans",798
"MARS","PA3","RUN2",0.806,"Palaemonelegans",0.958,"palaemon_elegans",798
"GAM","PA3","RUN2",0.768,"Palaemonelegans",0.934,"palaemon_elegans",798
"XGBOOST","PA3","RUN2",0.751,"Palaemonelegans",0.928,"palaemon_elegans",798
"RF","PA3","RUN3",0.852,"Palaemonelegans",0.977,"palaemon_elegans",798
"MAXNET","PA3","RUN3",0.845,"Palaemonelegans",0.966,"palaemon_elegans",798
"MARS","PA3","RUN3",0.816,"Palaemonelegans",0.968,"palaemon_elegans",798
"GAM","PA3","RUN3",0.776,"Palaemonelegans",0.943,"palaemon_elegans",798
"XGBOOST","PA3","RUN3",0.804,"Palaemonelegans",0.943,"palaemon_elegans",798
"RF","PA3","RUN4",0.734,"Palaemonelegans",0.962,"palaemon_elegans",798
"MAXNET","PA3","RUN4",0.808,"Palaemonelegans",0.952,"palaemon_elegans",798
"MARS","PA3","RUN4",0.78,"Palaemonelegans",0.953,"palaemon_elegans",798
"GAM","PA3","RUN4",0.747,"Palaemonelegans",0.944,"palaemon_elegans",798
"XGBOOST","PA3","RUN4",0.797,"Palaemonelegans",0.946,"palaemon_elegans",798
"RF","PA3","RUN5",0.816,"Palaemonelegans",0.959,"palaemon_elegans",798
"MAXNET","PA3","RUN5",0.8,"Palaemonelegans",0.943,"palaemon_elegans",798
"MARS","PA3","RUN5",0.816,"Palaemonelegans",0.95,"palaemon_elegans",798
"GAM","PA3","RUN5",0.741,"Palaemonelegans",0.924,"palaemon_elegans",798
"XGBOOST","PA3","RUN5",0.777,"Palaemonelegans",0.931,"palaemon_elegans",798
"RF","PA3","allRun",NA,"Palaemonelegans",NA,"palaemon_elegans",798
"MAXNET","PA3","allRun",NA,"Palaemonelegans",NA,"palaemon_elegans",798
"MARS","PA3","allRun",NA,"Palaemonelegans",NA,"palaemon_elegans",798
"GAM","PA3","allRun",NA,"Palaemonelegans",NA,"palaemon_elegans",798
"XGBOOST","PA3","allRun",NA,"Palaemonelegans",NA,"palaemon_elegans",798
"RF","allData","allRun",NA,"Palaemonelegans",NA,"palaemon_elegans",798
"MAXNET","allData","allRun",NA,"Palaemonelegans",NA,"palaemon_elegans",798
"MARS","allData","allRun",NA,"Palaemonelegans",NA,"palaemon_elegans",798
"GAM","allData","allRun",NA,"Palaemonelegans",NA,"palaemon_elegans",798
"XGBOOST","allData","allRun",NA,"Palaemonelegans",NA,"palaemon_elegans",798
"RF","PA1","RUN1",0.542,"Paracerceissculpta",0.812,"paracerceis_sculpta",14
"MAXNET","PA1","RUN1",-0.042,"Paracerceissculpta",0.75,"paracerceis_sculpta",14
"MARS","PA1","RUN1",0.75,"Paracerceissculpta",0.875,"paracerceis_sculpta",14
"GAM","PA1","RUN1",0.417,"Paracerceissculpta",0.729,"paracerceis_sculpta",14
"XGBOOST","PA1","RUN1",0.667,"Paracerceissculpta",0.938,"paracerceis_sculpta",14
"RF","PA1","RUN2",-0.222,"Paracerceissculpta",0.667,"paracerceis_sculpta",14
"MAXNET","PA1","RUN2",0.667,"Paracerceissculpta",0.889,"paracerceis_sculpta",14
"MARS","PA1","RUN2",0.556,"Paracerceissculpta",0.704,"paracerceis_sculpta",14
"GAM","PA1","RUN2",0.667,"Paracerceissculpta",0.815,"paracerceis_sculpta",14
"XGBOOST","PA1","RUN2",0.444,"Paracerceissculpta",0.796,"paracerceis_sculpta",14
"RF","PA1","RUN3",0.375,"Paracerceissculpta",0.688,"paracerceis_sculpta",14
"MAXNET","PA1","RUN3",0.375,"Paracerceissculpta",0.938,"paracerceis_sculpta",14
"MARS","PA1","RUN3",0.375,"Paracerceissculpta",0.875,"paracerceis_sculpta",14
"GAM","PA1","RUN3",0.25,"Paracerceissculpta",0.625,"paracerceis_sculpta",14
"XGBOOST","PA1","RUN3",0.375,"Paracerceissculpta",0.906,"paracerceis_sculpta",14
"RF","PA1","RUN4",0.667,"Paracerceissculpta",1,"paracerceis_sculpta",14
"MAXNET","PA1","RUN4",1,"Paracerceissculpta",1,"paracerceis_sculpta",14
"MARS","PA1","RUN4",0.889,"Paracerceissculpta",1,"paracerceis_sculpta",14
"GAM","PA1","RUN4",0.556,"Paracerceissculpta",0.778,"paracerceis_sculpta",14
"XGBOOST","PA1","RUN4",1,"Paracerceissculpta",1,"paracerceis_sculpta",14
"RF","PA1","RUN5",0.667,"Paracerceissculpta",0.833,"paracerceis_sculpta",14
"MAXNET","PA1","RUN5",0.542,"Paracerceissculpta",0.875,"paracerceis_sculpta",14
"MARS","PA1","RUN5",0.667,"Paracerceissculpta",0.729,"paracerceis_sculpta",14
"GAM","PA1","RUN5",0.417,"Paracerceissculpta",0.688,"paracerceis_sculpta",14
"XGBOOST","PA1","RUN5",0.208,"Paracerceissculpta",0.75,"paracerceis_sculpta",14
"RF","PA1","allRun",NA,"Paracerceissculpta",NA,"paracerceis_sculpta",14
"MAXNET","PA1","allRun",NA,"Paracerceissculpta",NA,"paracerceis_sculpta",14
"MARS","PA1","allRun",NA,"Paracerceissculpta",NA,"paracerceis_sculpta",14
"GAM","PA1","allRun",NA,"Paracerceissculpta",NA,"paracerceis_sculpta",14
"XGBOOST","PA1","allRun",NA,"Paracerceissculpta",NA,"paracerceis_sculpta",14
"RF","PA2","RUN1",0.542,"Paracerceissculpta",0.917,"paracerceis_sculpta",14
"MAXNET","PA2","RUN1",1,"Paracerceissculpta",1,"paracerceis_sculpta",14
"MARS","PA2","RUN1",0.417,"Paracerceissculpta",0.875,"paracerceis_sculpta",14
"GAM","PA2","RUN1",0.75,"Paracerceissculpta",0.875,"paracerceis_sculpta",14
"XGBOOST","PA2","RUN1",0.083,"Paracerceissculpta",0.688,"paracerceis_sculpta",14
"RF","PA2","RUN2",0.333,"Paracerceissculpta",0.63,"paracerceis_sculpta",14
"MAXNET","PA2","RUN2",0.556,"Paracerceissculpta",0.889,"paracerceis_sculpta",14
"MARS","PA2","RUN2",-0.111,"Paracerceissculpta",0.704,"paracerceis_sculpta",14
"GAM","PA2","RUN2",-0.444,"Paracerceissculpta",0.278,"paracerceis_sculpta",14
"XGBOOST","PA2","RUN2",-0.111,"Paracerceissculpta",0.667,"paracerceis_sculpta",14
"RF","PA2","RUN3",-0.25,"Paracerceissculpta",0.25,"paracerceis_sculpta",14
"MAXNET","PA2","RUN3",0.875,"Paracerceissculpta",0.938,"paracerceis_sculpta",14
"MARS","PA2","RUN3",-0.375,"Paracerceissculpta",0.5,"paracerceis_sculpta",14
"GAM","PA2","RUN3",-0.25,"Paracerceissculpta",0.312,"paracerceis_sculpta",14
"XGBOOST","PA2","RUN3",-0.375,"Paracerceissculpta",0.625,"paracerceis_sculpta",14
"RF","PA2","RUN4",0.222,"Paracerceissculpta",0.778,"paracerceis_sculpta",14
"MAXNET","PA2","RUN4",0.556,"Paracerceissculpta",0.963,"paracerceis_sculpta",14
"MARS","PA2","RUN4",0.667,"Paracerceissculpta",0.833,"paracerceis_sculpta",14
"GAM","PA2","RUN4",0.222,"Paracerceissculpta",0.611,"paracerceis_sculpta",14
"XGBOOST","PA2","RUN4",0.556,"Paracerceissculpta",0.833,"paracerceis_sculpta",14
"RF","PA2","RUN5",0.417,"Paracerceissculpta",0.583,"paracerceis_sculpta",14
"MAXNET","PA2","RUN5",0.417,"Paracerceissculpta",0.792,"paracerceis_sculpta",14
"MARS","PA2","RUN5",0.292,"Paracerceissculpta",0.646,"paracerceis_sculpta",14
"GAM","PA2","RUN5",0.208,"Paracerceissculpta",0.604,"paracerceis_sculpta",14
"XGBOOST","PA2","RUN5",-0.125,"Paracerceissculpta",0.5,"paracerceis_sculpta",14
"RF","PA2","allRun",NA,"Paracerceissculpta",NA,"paracerceis_sculpta",14
"MAXNET","PA2","allRun",NA,"Paracerceissculpta",NA,"paracerceis_sculpta",14
"MARS","PA2","allRun",NA,"Paracerceissculpta",NA,"paracerceis_sculpta",14
"GAM","PA2","allRun",NA,"Paracerceissculpta",NA,"paracerceis_sculpta",14
"XGBOOST","PA2","allRun",NA,"Paracerceissculpta",NA,"paracerceis_sculpta",14
"RF","PA3","RUN1",0.333,"Paracerceissculpta",1,"paracerceis_sculpta",14
"MAXNET","PA3","RUN1",0.875,"Paracerceissculpta",0.958,"paracerceis_sculpta",14
"MARS","PA3","RUN1",0.875,"Paracerceissculpta",0.917,"paracerceis_sculpta",14
"GAM","PA3","RUN1",0.625,"Paracerceissculpta",0.875,"paracerceis_sculpta",14
"XGBOOST","PA3","RUN1",0.542,"Paracerceissculpta",0.958,"paracerceis_sculpta",14
"RF","PA3","RUN2",0.222,"Paracerceissculpta",0.778,"paracerceis_sculpta",14
"MAXNET","PA3","RUN2",1,"Paracerceissculpta",1,"paracerceis_sculpta",14
"MARS","PA3","RUN2",0.333,"Paracerceissculpta",1,"paracerceis_sculpta",14
"GAM","PA3","RUN2",0.556,"Paracerceissculpta",0.778,"paracerceis_sculpta",14
"XGBOOST","PA3","RUN2",0.222,"Paracerceissculpta",0.704,"paracerceis_sculpta",14
"RF","PA3","RUN3",1,"Paracerceissculpta",1,"paracerceis_sculpta",14
"MAXNET","PA3","RUN3",0.875,"Paracerceissculpta",1,"paracerceis_sculpta",14
"MARS","PA3","RUN3",0.875,"Paracerceissculpta",1,"paracerceis_sculpta",14
"GAM","PA3","RUN3",0,"Paracerceissculpta",0.5,"paracerceis_sculpta",14
"XGBOOST","PA3","RUN3",0.375,"Paracerceissculpta",0.938,"paracerceis_sculpta",14
"RF","PA3","RUN4",0.889,"Paracerceissculpta",0.889,"paracerceis_sculpta",14
"MAXNET","PA3","RUN4",0.556,"Paracerceissculpta",0.889,"paracerceis_sculpta",14
"MARS","PA3","RUN4",0.444,"Paracerceissculpta",0.889,"paracerceis_sculpta",14
"GAM","PA3","RUN4",0,"Paracerceissculpta",0.537,"paracerceis_sculpta",14
"XGBOOST","PA3","RUN4",0.556,"Paracerceissculpta",0.815,"paracerceis_sculpta",14
"RF","PA3","RUN5",0.333,"Paracerceissculpta",0.625,"paracerceis_sculpta",14
"MAXNET","PA3","RUN5",0.292,"Paracerceissculpta",0.75,"paracerceis_sculpta",14
"MARS","PA3","RUN5",0.542,"Paracerceissculpta",0.75,"paracerceis_sculpta",14
"GAM","PA3","RUN5",-0.25,"Paracerceissculpta",0.375,"paracerceis_sculpta",14
"XGBOOST","PA3","RUN5",0.208,"Paracerceissculpta",0.562,"paracerceis_sculpta",14
"RF","PA3","allRun",NA,"Paracerceissculpta",NA,"paracerceis_sculpta",14
"MAXNET","PA3","allRun",NA,"Paracerceissculpta",NA,"paracerceis_sculpta",14
"MARS","PA3","allRun",NA,"Paracerceissculpta",NA,"paracerceis_sculpta",14
"GAM","PA3","allRun",NA,"Paracerceissculpta",NA,"paracerceis_sculpta",14
"XGBOOST","PA3","allRun",NA,"Paracerceissculpta",NA,"paracerceis_sculpta",14
"RF","allData","allRun",NA,"Paracerceissculpta",NA,"paracerceis_sculpta",14
"MAXNET","allData","allRun",NA,"Paracerceissculpta",NA,"paracerceis_sculpta",14
"MARS","allData","allRun",NA,"Paracerceissculpta",NA,"paracerceis_sculpta",14
"GAM","allData","allRun",NA,"Paracerceissculpta",NA,"paracerceis_sculpta",14
"XGBOOST","allData","allRun",NA,"Paracerceissculpta",NA,"paracerceis_sculpta",14
"RF","PA1","RUN1",0.448,"Perophorajaponica",0.913,"perophora_japonica",46
"MAXNET","PA1","RUN1",0.56,"Perophorajaponica",0.893,"perophora_japonica",46
"MARS","PA1","RUN1",0.377,"Perophorajaponica",0.873,"perophora_japonica",46
"GAM","PA1","RUN1",0.56,"Perophorajaponica",0.933,"perophora_japonica",46
"XGBOOST","PA1","RUN1",0.337,"Perophorajaponica",0.833,"perophora_japonica",46
"RF","PA1","RUN2",0.593,"Perophorajaponica",0.866,"perophora_japonica",46
"MAXNET","PA1","RUN2",0.667,"Perophorajaponica",0.914,"perophora_japonica",46
"MARS","PA1","RUN2",0.296,"Perophorajaponica",0.708,"perophora_japonica",46
"GAM","PA1","RUN2",0.704,"Perophorajaponica",0.856,"perophora_japonica",46
"XGBOOST","PA1","RUN2",0.333,"Perophorajaponica",0.794,"perophora_japonica",46
"RF","PA1","RUN3",0.857,"Perophorajaponica",0.979,"perophora_japonica",46
"MAXNET","PA1","RUN3",0.929,"Perophorajaponica",0.971,"perophora_japonica",46
"MARS","PA1","RUN3",0.321,"Perophorajaponica",0.652,"perophora_japonica",46
"GAM","PA1","RUN3",0.764,"Perophorajaponica",0.954,"perophora_japonica",46
"XGBOOST","PA1","RUN3",0.457,"Perophorajaponica",0.863,"perophora_japonica",46
"RF","PA1","RUN4",0.852,"Perophorajaponica",0.942,"perophora_japonica",46
"MAXNET","PA1","RUN4",0.889,"Perophorajaponica",0.979,"perophora_japonica",46
"MARS","PA1","RUN4",0.704,"Perophorajaponica",0.924,"perophora_japonica",46
"GAM","PA1","RUN4",0.667,"Perophorajaponica",0.895,"perophora_japonica",46
"XGBOOST","PA1","RUN4",0.778,"Perophorajaponica",0.953,"perophora_japonica",46
"RF","PA1","RUN5",0.889,"Perophorajaponica",0.988,"perophora_japonica",46
"MAXNET","PA1","RUN5",0.929,"Perophorajaponica",0.992,"perophora_japonica",46
"MARS","PA1","RUN5",0.71,"Perophorajaponica",0.869,"perophora_japonica",46
"GAM","PA1","RUN5",0.857,"Perophorajaponica",0.988,"perophora_japonica",46
"XGBOOST","PA1","RUN5",0.706,"Perophorajaponica",0.976,"perophora_japonica",46
"RF","PA1","allRun",NA,"Perophorajaponica",NA,"perophora_japonica",46
"MAXNET","PA1","allRun",NA,"Perophorajaponica",NA,"perophora_japonica",46
"MARS","PA1","allRun",NA,"Perophorajaponica",NA,"perophora_japonica",46
"GAM","PA1","allRun",NA,"Perophorajaponica",NA,"perophora_japonica",46
"XGBOOST","PA1","allRun",NA,"Perophorajaponica",NA,"perophora_japonica",46
"RF","PA2","RUN1",0.853,"Perophorajaponica",0.996,"perophora_japonica",46
"MAXNET","PA2","RUN1",0.893,"Perophorajaponica",1,"perophora_japonica",46
"MARS","PA2","RUN1",0.817,"Perophorajaponica",0.988,"perophora_japonica",46
"GAM","PA2","RUN1",0.782,"Perophorajaponica",0.988,"perophora_japonica",46
"XGBOOST","PA2","RUN1",0.706,"Perophorajaponica",0.96,"perophora_japonica",46
"RF","PA2","RUN2",0.704,"Perophorajaponica",0.93,"perophora_japonica",46
"MAXNET","PA2","RUN2",0.741,"Perophorajaponica",0.967,"perophora_japonica",46
"MARS","PA2","RUN2",0.778,"Perophorajaponica",0.877,"perophora_japonica",46
"GAM","PA2","RUN2",0.889,"Perophorajaponica",0.953,"perophora_japonica",46
"XGBOOST","PA2","RUN2",0.593,"Perophorajaponica",0.947,"perophora_japonica",46
"RF","PA2","RUN3",0.629,"Perophorajaponica",0.886,"perophora_japonica",46
"MAXNET","PA2","RUN3",0.621,"Perophorajaponica",0.932,"perophora_japonica",46
"MARS","PA2","RUN3",0.593,"Perophorajaponica",0.93,"perophora_japonica",46
"GAM","PA2","RUN3",0.593,"Perophorajaponica",0.92,"perophora_japonica",46
"XGBOOST","PA2","RUN3",0.521,"Perophorajaponica",0.882,"perophora_japonica",46
"RF","PA2","RUN4",0.519,"Perophorajaponica",0.909,"perophora_japonica",46
"MAXNET","PA2","RUN4",0.667,"Perophorajaponica",0.934,"perophora_japonica",46
"MARS","PA2","RUN4",0.444,"Perophorajaponica",0.92,"perophora_japonica",46
"GAM","PA2","RUN4",0.519,"Perophorajaponica",0.916,"perophora_japonica",46
"XGBOOST","PA2","RUN4",0.519,"Perophorajaponica",0.926,"perophora_japonica",46
"RF","PA2","RUN5",0.782,"Perophorajaponica",0.925,"perophora_japonica",46
"MAXNET","PA2","RUN5",0.782,"Perophorajaponica",0.96,"perophora_japonica",46
"MARS","PA2","RUN5",0.817,"Perophorajaponica",0.925,"perophora_japonica",46
"GAM","PA2","RUN5",0.71,"Perophorajaponica",0.877,"perophora_japonica",46
"XGBOOST","PA2","RUN5",0.782,"Perophorajaponica",0.944,"perophora_japonica",46
"RF","PA2","allRun",NA,"Perophorajaponica",NA,"perophora_japonica",46
"MAXNET","PA2","allRun",NA,"Perophorajaponica",NA,"perophora_japonica",46
"MARS","PA2","allRun",NA,"Perophorajaponica",NA,"perophora_japonica",46
"GAM","PA2","allRun",NA,"Perophorajaponica",NA,"perophora_japonica",46
"XGBOOST","PA2","allRun",NA,"Perophorajaponica",NA,"perophora_japonica",46
"RF","PA3","RUN1",1,"Perophorajaponica",1,"perophora_japonica",46
"MAXNET","PA3","RUN1",0.893,"Perophorajaponica",1,"perophora_japonica",46
"MARS","PA3","RUN1",0.821,"Perophorajaponica",0.921,"perophora_japonica",46
"GAM","PA3","RUN1",0.929,"Perophorajaponica",0.982,"perophora_japonica",46
"XGBOOST","PA3","RUN1",0.893,"Perophorajaponica",0.99,"perophora_japonica",46
"RF","PA3","RUN2",0.926,"Perophorajaponica",0.992,"perophora_japonica",46
"MAXNET","PA3","RUN2",0.889,"Perophorajaponica",0.988,"perophora_japonica",46
"MARS","PA3","RUN2",0.889,"Perophorajaponica",0.988,"perophora_japonica",46
"GAM","PA3","RUN2",0.741,"Perophorajaponica",0.936,"perophora_japonica",46
"XGBOOST","PA3","RUN2",0.778,"Perophorajaponica",0.951,"perophora_japonica",46
"RF","PA3","RUN3",0.629,"Perophorajaponica",0.904,"perophora_japonica",46
"MAXNET","PA3","RUN3",0.629,"Perophorajaponica",0.925,"perophora_japonica",46
"MARS","PA3","RUN3",0.393,"Perophorajaponica",0.696,"perophora_japonica",46
"GAM","PA3","RUN3",0.629,"Perophorajaponica",0.875,"perophora_japonica",46
"XGBOOST","PA3","RUN3",0.386,"Perophorajaponica",0.857,"perophora_japonica",46
"RF","PA3","RUN4",0.63,"Perophorajaponica",0.895,"perophora_japonica",46
"MAXNET","PA3","RUN4",0.63,"Perophorajaponica",0.93,"perophora_japonica",46
"MARS","PA3","RUN4",0.556,"Perophorajaponica",0.864,"perophora_japonica",46
"GAM","PA3","RUN4",0.667,"Perophorajaponica",0.938,"perophora_japonica",46
"XGBOOST","PA3","RUN4",0.667,"Perophorajaponica",0.914,"perophora_japonica",46
"RF","PA3","RUN5",0.52,"Perophorajaponica",0.901,"perophora_japonica",46
"MAXNET","PA3","RUN5",0.857,"Perophorajaponica",0.925,"perophora_japonica",46
"MARS","PA3","RUN5",0.599,"Perophorajaponica",0.889,"perophora_japonica",46
"GAM","PA3","RUN5",0.599,"Perophorajaponica",0.899,"perophora_japonica",46
"XGBOOST","PA3","RUN5",0.448,"Perophorajaponica",0.823,"perophora_japonica",46
"RF","PA3","allRun",NA,"Perophorajaponica",NA,"perophora_japonica",46
"MAXNET","PA3","allRun",NA,"Perophorajaponica",NA,"perophora_japonica",46
"MARS","PA3","allRun",NA,"Perophorajaponica",NA,"perophora_japonica",46
"GAM","PA3","allRun",NA,"Perophorajaponica",NA,"perophora_japonica",46
"XGBOOST","PA3","allRun",NA,"Perophorajaponica",NA,"perophora_japonica",46
"RF","allData","allRun",NA,"Perophorajaponica",NA,"perophora_japonica",46
"MAXNET","allData","allRun",NA,"Perophorajaponica",NA,"perophora_japonica",46
"MARS","allData","allRun",NA,"Perophorajaponica",NA,"perophora_japonica",46
"GAM","allData","allRun",NA,"Perophorajaponica",NA,"perophora_japonica",46
"XGBOOST","allData","allRun",NA,"Perophorajaponica",NA,"perophora_japonica",46
"RF","PA1","RUN1",0.852,"Petricolariapholadiformis",0.97,"petricolaria_pholadiformis",305
"MAXNET","PA1","RUN1",0.825,"Petricolariapholadiformis",0.967,"petricolaria_pholadiformis",305
"MARS","PA1","RUN1",0.814,"Petricolariapholadiformis",0.96,"petricolaria_pholadiformis",305
"GAM","PA1","RUN1",0.792,"Petricolariapholadiformis",0.957,"petricolaria_pholadiformis",305
"XGBOOST","PA1","RUN1",0.814,"Petricolariapholadiformis",0.958,"petricolaria_pholadiformis",305
"RF","PA1","RUN2",0.907,"Petricolariapholadiformis",0.971,"petricolaria_pholadiformis",305
"MAXNET","PA1","RUN2",0.891,"Petricolariapholadiformis",0.975,"petricolaria_pholadiformis",305
"MARS","PA1","RUN2",0.891,"Petricolariapholadiformis",0.974,"petricolaria_pholadiformis",305
"GAM","PA1","RUN2",0.836,"Petricolariapholadiformis",0.971,"petricolaria_pholadiformis",305
"XGBOOST","PA1","RUN2",0.88,"Petricolariapholadiformis",0.975,"petricolaria_pholadiformis",305
"RF","PA1","RUN3",0.825,"Petricolariapholadiformis",0.969,"petricolaria_pholadiformis",305
"MAXNET","PA1","RUN3",0.847,"Petricolariapholadiformis",0.972,"petricolaria_pholadiformis",305
"MARS","PA1","RUN3",0.88,"Petricolariapholadiformis",0.969,"petricolaria_pholadiformis",305
"GAM","PA1","RUN3",0.874,"Petricolariapholadiformis",0.976,"petricolaria_pholadiformis",305
"XGBOOST","PA1","RUN3",0.858,"Petricolariapholadiformis",0.97,"petricolaria_pholadiformis",305
"RF","PA1","RUN4",0.847,"Petricolariapholadiformis",0.979,"petricolaria_pholadiformis",305
"MAXNET","PA1","RUN4",0.814,"Petricolariapholadiformis",0.977,"petricolaria_pholadiformis",305
"MARS","PA1","RUN4",0.836,"Petricolariapholadiformis",0.978,"petricolaria_pholadiformis",305
"GAM","PA1","RUN4",0.809,"Petricolariapholadiformis",0.96,"petricolaria_pholadiformis",305
"XGBOOST","PA1","RUN4",0.874,"Petricolariapholadiformis",0.963,"petricolaria_pholadiformis",305
"RF","PA1","RUN5",0.863,"Petricolariapholadiformis",0.977,"petricolaria_pholadiformis",305
"MAXNET","PA1","RUN5",0.858,"Petricolariapholadiformis",0.964,"petricolaria_pholadiformis",305
"MARS","PA1","RUN5",0.803,"Petricolariapholadiformis",0.956,"petricolaria_pholadiformis",305
"GAM","PA1","RUN5",0.863,"Petricolariapholadiformis",0.971,"petricolaria_pholadiformis",305
"XGBOOST","PA1","RUN5",0.749,"Petricolariapholadiformis",0.958,"petricolaria_pholadiformis",305
"RF","PA1","allRun",NA,"Petricolariapholadiformis",NA,"petricolaria_pholadiformis",305
"MAXNET","PA1","allRun",NA,"Petricolariapholadiformis",NA,"petricolaria_pholadiformis",305
"MARS","PA1","allRun",NA,"Petricolariapholadiformis",NA,"petricolaria_pholadiformis",305
"GAM","PA1","allRun",NA,"Petricolariapholadiformis",NA,"petricolaria_pholadiformis",305
"XGBOOST","PA1","allRun",NA,"Petricolariapholadiformis",NA,"petricolaria_pholadiformis",305
"RF","PA2","RUN1",0.869,"Petricolariapholadiformis",0.98,"petricolaria_pholadiformis",305
"MAXNET","PA2","RUN1",0.891,"Petricolariapholadiformis",0.974,"petricolaria_pholadiformis",305
"MARS","PA2","RUN1",0.858,"Petricolariapholadiformis",0.963,"petricolaria_pholadiformis",305
"GAM","PA2","RUN1",0.863,"Petricolariapholadiformis",0.974,"petricolaria_pholadiformis",305
"XGBOOST","PA2","RUN1",0.891,"Petricolariapholadiformis",0.969,"petricolaria_pholadiformis",305
"RF","PA2","RUN2",0.847,"Petricolariapholadiformis",0.966,"petricolaria_pholadiformis",305
"MAXNET","PA2","RUN2",0.852,"Petricolariapholadiformis",0.965,"petricolaria_pholadiformis",305
"MARS","PA2","RUN2",0.842,"Petricolariapholadiformis",0.956,"petricolaria_pholadiformis",305
"GAM","PA2","RUN2",0.803,"Petricolariapholadiformis",0.961,"petricolaria_pholadiformis",305
"XGBOOST","PA2","RUN2",0.825,"Petricolariapholadiformis",0.959,"petricolaria_pholadiformis",305
"RF","PA2","RUN3",0.754,"Petricolariapholadiformis",0.963,"petricolaria_pholadiformis",305
"MAXNET","PA2","RUN3",0.798,"Petricolariapholadiformis",0.958,"petricolaria_pholadiformis",305
"MARS","PA2","RUN3",0.76,"Petricolariapholadiformis",0.955,"petricolaria_pholadiformis",305
"GAM","PA2","RUN3",0.842,"Petricolariapholadiformis",0.964,"petricolaria_pholadiformis",305
"XGBOOST","PA2","RUN3",0.798,"Petricolariapholadiformis",0.947,"petricolaria_pholadiformis",305
"RF","PA2","RUN4",0.858,"Petricolariapholadiformis",0.967,"petricolaria_pholadiformis",305
"MAXNET","PA2","RUN4",0.831,"Petricolariapholadiformis",0.969,"petricolaria_pholadiformis",305
"MARS","PA2","RUN4",0.809,"Petricolariapholadiformis",0.967,"petricolaria_pholadiformis",305
"GAM","PA2","RUN4",0.814,"Petricolariapholadiformis",0.959,"petricolaria_pholadiformis",305
"XGBOOST","PA2","RUN4",0.852,"Petricolariapholadiformis",0.959,"petricolaria_pholadiformis",305
"RF","PA2","RUN5",0.776,"Petricolariapholadiformis",0.984,"petricolaria_pholadiformis",305
"MAXNET","PA2","RUN5",0.852,"Petricolariapholadiformis",0.978,"petricolaria_pholadiformis",305
"MARS","PA2","RUN5",0.82,"Petricolariapholadiformis",0.972,"petricolaria_pholadiformis",305
"GAM","PA2","RUN5",0.825,"Petricolariapholadiformis",0.964,"petricolaria_pholadiformis",305
"XGBOOST","PA2","RUN5",0.847,"Petricolariapholadiformis",0.961,"petricolaria_pholadiformis",305
"RF","PA2","allRun",NA,"Petricolariapholadiformis",NA,"petricolaria_pholadiformis",305
"MAXNET","PA2","allRun",NA,"Petricolariapholadiformis",NA,"petricolaria_pholadiformis",305
"MARS","PA2","allRun",NA,"Petricolariapholadiformis",NA,"petricolaria_pholadiformis",305
"GAM","PA2","allRun",NA,"Petricolariapholadiformis",NA,"petricolaria_pholadiformis",305
"XGBOOST","PA2","allRun",NA,"Petricolariapholadiformis",NA,"petricolaria_pholadiformis",305
"RF","PA3","RUN1",0.891,"Petricolariapholadiformis",0.983,"petricolaria_pholadiformis",305
"MAXNET","PA3","RUN1",0.88,"Petricolariapholadiformis",0.981,"petricolaria_pholadiformis",305
"MARS","PA3","RUN1",0.847,"Petricolariapholadiformis",0.977,"petricolaria_pholadiformis",305
"GAM","PA3","RUN1",0.869,"Petricolariapholadiformis",0.974,"petricolaria_pholadiformis",305
"XGBOOST","PA3","RUN1",0.858,"Petricolariapholadiformis",0.978,"petricolaria_pholadiformis",305
"RF","PA3","RUN2",0.923,"Petricolariapholadiformis",0.989,"petricolaria_pholadiformis",305
"MAXNET","PA3","RUN2",0.885,"Petricolariapholadiformis",0.979,"petricolaria_pholadiformis",305
"MARS","PA3","RUN2",0.88,"Petricolariapholadiformis",0.978,"petricolaria_pholadiformis",305
"GAM","PA3","RUN2",0.842,"Petricolariapholadiformis",0.971,"petricolaria_pholadiformis",305
"XGBOOST","PA3","RUN2",0.809,"Petricolariapholadiformis",0.959,"petricolaria_pholadiformis",305
"RF","PA3","RUN3",0.814,"Petricolariapholadiformis",0.961,"petricolaria_pholadiformis",305
"MAXNET","PA3","RUN3",0.841,"Petricolariapholadiformis",0.968,"petricolaria_pholadiformis",305
"MARS","PA3","RUN3",0.786,"Petricolariapholadiformis",0.952,"petricolaria_pholadiformis",305
"GAM","PA3","RUN3",0.797,"Petricolariapholadiformis",0.96,"petricolaria_pholadiformis",305
"XGBOOST","PA3","RUN3",0.808,"Petricolariapholadiformis",0.953,"petricolaria_pholadiformis",305
"RF","PA3","RUN4",0.842,"Petricolariapholadiformis",0.981,"petricolaria_pholadiformis",305
"MAXNET","PA3","RUN4",0.852,"Petricolariapholadiformis",0.977,"petricolaria_pholadiformis",305
"MARS","PA3","RUN4",0.809,"Petricolariapholadiformis",0.952,"petricolaria_pholadiformis",305
"GAM","PA3","RUN4",0.842,"Petricolariapholadiformis",0.967,"petricolaria_pholadiformis",305
"XGBOOST","PA3","RUN4",0.825,"Petricolariapholadiformis",0.951,"petricolaria_pholadiformis",305
"RF","PA3","RUN5",0.852,"Petricolariapholadiformis",0.978,"petricolaria_pholadiformis",305
"MAXNET","PA3","RUN5",0.858,"Petricolariapholadiformis",0.974,"petricolaria_pholadiformis",305
"MARS","PA3","RUN5",0.809,"Petricolariapholadiformis",0.968,"petricolaria_pholadiformis",305
"GAM","PA3","RUN5",0.831,"Petricolariapholadiformis",0.964,"petricolaria_pholadiformis",305
"XGBOOST","PA3","RUN5",0.792,"Petricolariapholadiformis",0.968,"petricolaria_pholadiformis",305
"RF","PA3","allRun",NA,"Petricolariapholadiformis",NA,"petricolaria_pholadiformis",305
"MAXNET","PA3","allRun",NA,"Petricolariapholadiformis",NA,"petricolaria_pholadiformis",305
"MARS","PA3","allRun",NA,"Petricolariapholadiformis",NA,"petricolaria_pholadiformis",305
"GAM","PA3","allRun",NA,"Petricolariapholadiformis",NA,"petricolaria_pholadiformis",305
"XGBOOST","PA3","allRun",NA,"Petricolariapholadiformis",NA,"petricolaria_pholadiformis",305
"RF","allData","allRun",NA,"Petricolariapholadiformis",NA,"petricolaria_pholadiformis",305
"MAXNET","allData","allRun",NA,"Petricolariapholadiformis",NA,"petricolaria_pholadiformis",305
"MARS","allData","allRun",NA,"Petricolariapholadiformis",NA,"petricolaria_pholadiformis",305
"GAM","allData","allRun",NA,"Petricolariapholadiformis",NA,"petricolaria_pholadiformis",305
"XGBOOST","allData","allRun",NA,"Petricolariapholadiformis",NA,"petricolaria_pholadiformis",305
"RF","PA1","RUN1",0.782,"Polydoracornuta",0.943,"polydora_cornuta",290
"MAXNET","PA1","RUN1",0.741,"Polydoracornuta",0.944,"polydora_cornuta",290
"MARS","PA1","RUN1",0.713,"Polydoracornuta",0.93,"polydora_cornuta",290
"GAM","PA1","RUN1",0.782,"Polydoracornuta",0.929,"polydora_cornuta",290
"XGBOOST","PA1","RUN1",0.736,"Polydoracornuta",0.927,"polydora_cornuta",290
"RF","PA1","RUN2",0.741,"Polydoracornuta",0.945,"polydora_cornuta",290
"MAXNET","PA1","RUN2",0.782,"Polydoracornuta",0.955,"polydora_cornuta",290
"MARS","PA1","RUN2",0.718,"Polydoracornuta",0.933,"polydora_cornuta",290
"GAM","PA1","RUN2",0.718,"Polydoracornuta",0.927,"polydora_cornuta",290
"XGBOOST","PA1","RUN2",0.747,"Polydoracornuta",0.943,"polydora_cornuta",290
"RF","PA1","RUN3",0.69,"Polydoracornuta",0.919,"polydora_cornuta",290
"MAXNET","PA1","RUN3",0.655,"Polydoracornuta",0.934,"polydora_cornuta",290
"MARS","PA1","RUN3",0.69,"Polydoracornuta",0.929,"polydora_cornuta",290
"GAM","PA1","RUN3",0.609,"Polydoracornuta",0.915,"polydora_cornuta",290
"XGBOOST","PA1","RUN3",0.667,"Polydoracornuta",0.908,"polydora_cornuta",290
"RF","PA1","RUN4",0.77,"Polydoracornuta",0.926,"polydora_cornuta",290
"MAXNET","PA1","RUN4",0.741,"Polydoracornuta",0.932,"polydora_cornuta",290
"MARS","PA1","RUN4",0.759,"Polydoracornuta",0.932,"polydora_cornuta",290
"GAM","PA1","RUN4",0.713,"Polydoracornuta",0.926,"polydora_cornuta",290
"XGBOOST","PA1","RUN4",0.73,"Polydoracornuta",0.913,"polydora_cornuta",290
"RF","PA1","RUN5",0.718,"Polydoracornuta",0.936,"polydora_cornuta",290
"MAXNET","PA1","RUN5",0.655,"Polydoracornuta",0.943,"polydora_cornuta",290
"MARS","PA1","RUN5",0.701,"Polydoracornuta",0.922,"polydora_cornuta",290
"GAM","PA1","RUN5",0.741,"Polydoracornuta",0.93,"polydora_cornuta",290
"XGBOOST","PA1","RUN5",0.701,"Polydoracornuta",0.91,"polydora_cornuta",290
"RF","PA1","allRun",NA,"Polydoracornuta",NA,"polydora_cornuta",290
"MAXNET","PA1","allRun",NA,"Polydoracornuta",NA,"polydora_cornuta",290
"MARS","PA1","allRun",NA,"Polydoracornuta",NA,"polydora_cornuta",290
"GAM","PA1","allRun",NA,"Polydoracornuta",NA,"polydora_cornuta",290
"XGBOOST","PA1","allRun",NA,"Polydoracornuta",NA,"polydora_cornuta",290
"RF","PA2","RUN1",0.713,"Polydoracornuta",0.933,"polydora_cornuta",290
"MAXNET","PA2","RUN1",0.741,"Polydoracornuta",0.94,"polydora_cornuta",290
"MARS","PA2","RUN1",0.684,"Polydoracornuta",0.922,"polydora_cornuta",290
"GAM","PA2","RUN1",0.695,"Polydoracornuta",0.922,"polydora_cornuta",290
"XGBOOST","PA2","RUN1",0.684,"Polydoracornuta",0.916,"polydora_cornuta",290
"RF","PA2","RUN2",0.753,"Polydoracornuta",0.94,"polydora_cornuta",290
"MAXNET","PA2","RUN2",0.764,"Polydoracornuta",0.948,"polydora_cornuta",290
"MARS","PA2","RUN2",0.741,"Polydoracornuta",0.945,"polydora_cornuta",290
"GAM","PA2","RUN2",0.718,"Polydoracornuta",0.928,"polydora_cornuta",290
"XGBOOST","PA2","RUN2",0.661,"Polydoracornuta",0.936,"polydora_cornuta",290
"RF","PA2","RUN3",0.713,"Polydoracornuta",0.927,"polydora_cornuta",290
"MAXNET","PA2","RUN3",0.793,"Polydoracornuta",0.953,"polydora_cornuta",290
"MARS","PA2","RUN3",0.69,"Polydoracornuta",0.936,"polydora_cornuta",290
"GAM","PA2","RUN3",0.77,"Polydoracornuta",0.936,"polydora_cornuta",290
"XGBOOST","PA2","RUN3",0.741,"Polydoracornuta",0.926,"polydora_cornuta",290
"RF","PA2","RUN4",0.776,"Polydoracornuta",0.927,"polydora_cornuta",290
"MAXNET","PA2","RUN4",0.701,"Polydoracornuta",0.922,"polydora_cornuta",290
"MARS","PA2","RUN4",0.707,"Polydoracornuta",0.895,"polydora_cornuta",290
"GAM","PA2","RUN4",0.649,"Polydoracornuta",0.929,"polydora_cornuta",290
"XGBOOST","PA2","RUN4",0.713,"Polydoracornuta",0.915,"polydora_cornuta",290
"RF","PA2","RUN5",0.736,"Polydoracornuta",0.934,"polydora_cornuta",290
"MAXNET","PA2","RUN5",0.776,"Polydoracornuta",0.939,"polydora_cornuta",290
"MARS","PA2","RUN5",0.707,"Polydoracornuta",0.926,"polydora_cornuta",290
"GAM","PA2","RUN5",0.672,"Polydoracornuta",0.918,"polydora_cornuta",290
"XGBOOST","PA2","RUN5",0.69,"Polydoracornuta",0.901,"polydora_cornuta",290
"RF","PA2","allRun",NA,"Polydoracornuta",NA,"polydora_cornuta",290
"MAXNET","PA2","allRun",NA,"Polydoracornuta",NA,"polydora_cornuta",290
"MARS","PA2","allRun",NA,"Polydoracornuta",NA,"polydora_cornuta",290
"GAM","PA2","allRun",NA,"Polydoracornuta",NA,"polydora_cornuta",290
"XGBOOST","PA2","allRun",NA,"Polydoracornuta",NA,"polydora_cornuta",290
"RF","PA3","RUN1",0.805,"Polydoracornuta",0.961,"polydora_cornuta",290
"MAXNET","PA3","RUN1",0.81,"Polydoracornuta",0.973,"polydora_cornuta",290
"MARS","PA3","RUN1",0.736,"Polydoracornuta",0.964,"polydora_cornuta",290
"GAM","PA3","RUN1",0.73,"Polydoracornuta",0.932,"polydora_cornuta",290
"XGBOOST","PA3","RUN1",0.816,"Polydoracornuta",0.964,"polydora_cornuta",290
"RF","PA3","RUN2",0.707,"Polydoracornuta",0.93,"polydora_cornuta",290
"MAXNET","PA3","RUN2",0.718,"Polydoracornuta",0.941,"polydora_cornuta",290
"MARS","PA3","RUN2",0.701,"Polydoracornuta",0.921,"polydora_cornuta",290
"GAM","PA3","RUN2",0.644,"Polydoracornuta",0.912,"polydora_cornuta",290
"XGBOOST","PA3","RUN2",0.713,"Polydoracornuta",0.934,"polydora_cornuta",290
"RF","PA3","RUN3",0.799,"Polydoracornuta",0.952,"polydora_cornuta",290
"MAXNET","PA3","RUN3",0.787,"Polydoracornuta",0.958,"polydora_cornuta",290
"MARS","PA3","RUN3",0.787,"Polydoracornuta",0.948,"polydora_cornuta",290
"GAM","PA3","RUN3",0.793,"Polydoracornuta",0.953,"polydora_cornuta",290
"XGBOOST","PA3","RUN3",0.741,"Polydoracornuta",0.932,"polydora_cornuta",290
"RF","PA3","RUN4",0.678,"Polydoracornuta",0.922,"polydora_cornuta",290
"MAXNET","PA3","RUN4",0.638,"Polydoracornuta",0.919,"polydora_cornuta",290
"MARS","PA3","RUN4",0.661,"Polydoracornuta",0.897,"polydora_cornuta",290
"GAM","PA3","RUN4",0.695,"Polydoracornuta",0.928,"polydora_cornuta",290
"XGBOOST","PA3","RUN4",0.667,"Polydoracornuta",0.88,"polydora_cornuta",290
"RF","PA3","RUN5",0.77,"Polydoracornuta",0.946,"polydora_cornuta",290
"MAXNET","PA3","RUN5",0.805,"Polydoracornuta",0.95,"polydora_cornuta",290
"MARS","PA3","RUN5",0.753,"Polydoracornuta",0.941,"polydora_cornuta",290
"GAM","PA3","RUN5",0.736,"Polydoracornuta",0.939,"polydora_cornuta",290
"XGBOOST","PA3","RUN5",0.764,"Polydoracornuta",0.951,"polydora_cornuta",290
"RF","PA3","allRun",NA,"Polydoracornuta",NA,"polydora_cornuta",290
"MAXNET","PA3","allRun",NA,"Polydoracornuta",NA,"polydora_cornuta",290
"MARS","PA3","allRun",NA,"Polydoracornuta",NA,"polydora_cornuta",290
"GAM","PA3","allRun",NA,"Polydoracornuta",NA,"polydora_cornuta",290
"XGBOOST","PA3","allRun",NA,"Polydoracornuta",NA,"polydora_cornuta",290
"RF","allData","allRun",NA,"Polydoracornuta",NA,"polydora_cornuta",290
"MAXNET","allData","allRun",NA,"Polydoracornuta",NA,"polydora_cornuta",290
"MARS","allData","allRun",NA,"Polydoracornuta",NA,"polydora_cornuta",290
"GAM","allData","allRun",NA,"Polydoracornuta",NA,"polydora_cornuta",290
"XGBOOST","allData","allRun",NA,"Polydoracornuta",NA,"polydora_cornuta",290
"RF","PA1","RUN1",1,"Polydorawebsteri",1,"polydora_websteri",11
"MAXNET","PA1","RUN1",1,"Polydorawebsteri",1,"polydora_websteri",11
"MARS","PA1","RUN1",0.5,"Polydorawebsteri",0.75,"polydora_websteri",11
"GAM","PA1","RUN1",0.5,"Polydorawebsteri",1,"polydora_websteri",11
"XGBOOST","PA1","RUN1",1,"Polydorawebsteri",1,"polydora_websteri",11
"RF","PA1","RUN2",0.5,"Polydorawebsteri",1,"polydora_websteri",11
"MAXNET","PA1","RUN2",1,"Polydorawebsteri",1,"polydora_websteri",11
"MARS","PA1","RUN2",1,"Polydorawebsteri",1,"polydora_websteri",11
"GAM","PA1","RUN2",0.5,"Polydorawebsteri",0.625,"polydora_websteri",11
"XGBOOST","PA1","RUN2",1,"Polydorawebsteri",1,"polydora_websteri",11
"RF","PA1","RUN3",0.667,"Polydorawebsteri",1,"polydora_websteri",11
"MAXNET","PA1","RUN3",0.333,"Polydorawebsteri",1,"polydora_websteri",11
"MARS","PA1","RUN3",1,"Polydorawebsteri",1,"polydora_websteri",11
"GAM","PA1","RUN3",0.524,"Polydorawebsteri",0.762,"polydora_websteri",11
"XGBOOST","PA1","RUN3",0.333,"Polydorawebsteri",0.952,"polydora_websteri",11
"RF","PA1","RUN4",0.833,"Polydorawebsteri",0.917,"polydora_websteri",11
"MAXNET","PA1","RUN4",0.5,"Polydorawebsteri",1,"polydora_websteri",11
"MARS","PA1","RUN4",-0.167,"Polydorawebsteri",0.417,"polydora_websteri",11
"GAM","PA1","RUN4",0,"Polydorawebsteri",0.5,"polydora_websteri",11
"XGBOOST","PA1","RUN4",0.5,"Polydorawebsteri",1,"polydora_websteri",11
"RF","PA1","RUN5",0.571,"Polydorawebsteri",0.714,"polydora_websteri",11
"MAXNET","PA1","RUN5",0.571,"Polydorawebsteri",1,"polydora_websteri",11
"MARS","PA1","RUN5",0.714,"Polydorawebsteri",0.857,"polydora_websteri",11
"GAM","PA1","RUN5",0.714,"Polydorawebsteri",0.857,"polydora_websteri",11
"XGBOOST","PA1","RUN5",0.571,"Polydorawebsteri",0.786,"polydora_websteri",11
"RF","PA1","allRun",NA,"Polydorawebsteri",NA,"polydora_websteri",11
"MAXNET","PA1","allRun",NA,"Polydorawebsteri",NA,"polydora_websteri",11
"MARS","PA1","allRun",NA,"Polydorawebsteri",NA,"polydora_websteri",11
"GAM","PA1","allRun",NA,"Polydorawebsteri",NA,"polydora_websteri",11
"XGBOOST","PA1","allRun",NA,"Polydorawebsteri",NA,"polydora_websteri",11
"RF","PA2","RUN1",-0.286,"Polydorawebsteri",0.714,"polydora_websteri",11
"MAXNET","PA2","RUN1",0.714,"Polydorawebsteri",0.929,"polydora_websteri",11
"MARS","PA2","RUN1",0.714,"Polydorawebsteri",0.929,"polydora_websteri",11
"GAM","PA2","RUN1",0.571,"Polydorawebsteri",0.786,"polydora_websteri",11
"XGBOOST","PA2","RUN1",0.714,"Polydorawebsteri",0.714,"polydora_websteri",11
"RF","PA2","RUN2",0,"Polydorawebsteri",0.667,"polydora_websteri",11
"MAXNET","PA2","RUN2",1,"Polydorawebsteri",1,"polydora_websteri",11
"MARS","PA2","RUN2",0.667,"Polydorawebsteri",1,"polydora_websteri",11
"GAM","PA2","RUN2",-0.667,"Polydorawebsteri",0.167,"polydora_websteri",11
"XGBOOST","PA2","RUN2",0,"Polydorawebsteri",1,"polydora_websteri",11
"RF","PA2","RUN3",0,"Polydorawebsteri",0.833,"polydora_websteri",11
"MAXNET","PA2","RUN3",0.714,"Polydorawebsteri",0.81,"polydora_websteri",11
"MARS","PA2","RUN3",-0.095,"Polydorawebsteri",0.619,"polydora_websteri",11
"GAM","PA2","RUN3",-0.095,"Polydorawebsteri",0.452,"polydora_websteri",11
"XGBOOST","PA2","RUN3",0,"Polydorawebsteri",0.643,"polydora_websteri",11
"RF","PA2","RUN4",0.333,"Polydorawebsteri",0.833,"polydora_websteri",11
"MAXNET","PA2","RUN4",0.333,"Polydorawebsteri",0.75,"polydora_websteri",11
"MARS","PA2","RUN4",0.167,"Polydorawebsteri",0.75,"polydora_websteri",11
"GAM","PA2","RUN4",-0.333,"Polydorawebsteri",0.333,"polydora_websteri",11
"XGBOOST","PA2","RUN4",0.167,"Polydorawebsteri",0.667,"polydora_websteri",11
"RF","PA2","RUN5",0,"Polydorawebsteri",1,"polydora_websteri",11
"MAXNET","PA2","RUN5",0,"Polydorawebsteri",0.857,"polydora_websteri",11
"MARS","PA2","RUN5",0,"Polydorawebsteri",0.5,"polydora_websteri",11
"GAM","PA2","RUN5",-0.143,"Polydorawebsteri",0.429,"polydora_websteri",11
"XGBOOST","PA2","RUN5",0,"Polydorawebsteri",0.857,"polydora_websteri",11
"RF","PA2","allRun",NA,"Polydorawebsteri",NA,"polydora_websteri",11
"MAXNET","PA2","allRun",NA,"Polydorawebsteri",NA,"polydora_websteri",11
"MARS","PA2","allRun",NA,"Polydorawebsteri",NA,"polydora_websteri",11
"GAM","PA2","allRun",NA,"Polydorawebsteri",NA,"polydora_websteri",11
"XGBOOST","PA2","allRun",NA,"Polydorawebsteri",NA,"polydora_websteri",11
"RF","PA3","RUN1",0.5,"Polydorawebsteri",1,"polydora_websteri",11
"MAXNET","PA3","RUN1",1,"Polydorawebsteri",1,"polydora_websteri",11
"MARS","PA3","RUN1",1,"Polydorawebsteri",1,"polydora_websteri",11
"GAM","PA3","RUN1",0.714,"Polydorawebsteri",0.786,"polydora_websteri",11
"XGBOOST","PA3","RUN1",1,"Polydorawebsteri",1,"polydora_websteri",11
"RF","PA3","RUN2",0.5,"Polydorawebsteri",0.917,"polydora_websteri",11
"MAXNET","PA3","RUN2",1,"Polydorawebsteri",1,"polydora_websteri",11
"MARS","PA3","RUN2",0.333,"Polydorawebsteri",0.667,"polydora_websteri",11
"GAM","PA3","RUN2",-0.167,"Polydorawebsteri",0.833,"polydora_websteri",11
"XGBOOST","PA3","RUN2",0.833,"Polydorawebsteri",0.833,"polydora_websteri",11
"RF","PA3","RUN3",1,"Polydorawebsteri",1,"polydora_websteri",11
"MAXNET","PA3","RUN3",1,"Polydorawebsteri",1,"polydora_websteri",11
"MARS","PA3","RUN3",0.524,"Polydorawebsteri",0.762,"polydora_websteri",11
"GAM","PA3","RUN3",-0.238,"Polydorawebsteri",0.381,"polydora_websteri",11
"XGBOOST","PA3","RUN3",0.333,"Polydorawebsteri",0.81,"polydora_websteri",11
"RF","PA3","RUN4",0.5,"Polydorawebsteri",1,"polydora_websteri",11
"MAXNET","PA3","RUN4",0.5,"Polydorawebsteri",1,"polydora_websteri",11
"MARS","PA3","RUN4",0.5,"Polydorawebsteri",0.75,"polydora_websteri",11
"GAM","PA3","RUN4",0.667,"Polydorawebsteri",0.833,"polydora_websteri",11
"XGBOOST","PA3","RUN4",0.5,"Polydorawebsteri",1,"polydora_websteri",11
"RF","PA3","RUN5",0.714,"Polydorawebsteri",0.929,"polydora_websteri",11
"MAXNET","PA3","RUN5",0.857,"Polydorawebsteri",0.929,"polydora_websteri",11
"MARS","PA3","RUN5",0.714,"Polydorawebsteri",0.929,"polydora_websteri",11
"GAM","PA3","RUN5",0.714,"Polydorawebsteri",0.857,"polydora_websteri",11
"XGBOOST","PA3","RUN5",0.857,"Polydorawebsteri",0.893,"polydora_websteri",11
"RF","PA3","allRun",NA,"Polydorawebsteri",NA,"polydora_websteri",11
"MAXNET","PA3","allRun",NA,"Polydorawebsteri",NA,"polydora_websteri",11
"MARS","PA3","allRun",NA,"Polydorawebsteri",NA,"polydora_websteri",11
"GAM","PA3","allRun",NA,"Polydorawebsteri",NA,"polydora_websteri",11
"XGBOOST","PA3","allRun",NA,"Polydorawebsteri",NA,"polydora_websteri",11
"RF","allData","allRun",NA,"Polydorawebsteri",NA,"polydora_websteri",11
"MAXNET","allData","allRun",NA,"Polydorawebsteri",NA,"polydora_websteri",11
"MARS","allData","allRun",NA,"Polydorawebsteri",NA,"polydora_websteri",11
"GAM","allData","allRun",NA,"Polydorawebsteri",NA,"polydora_websteri",11
"XGBOOST","allData","allRun",NA,"Polydorawebsteri",NA,"polydora_websteri",11
"RF","PA1","RUN1",0.582,"Polysiphoniabrodiei",0.93,"polysiphonia_brodiei",118
"MAXNET","PA1","RUN1",0.734,"Polysiphoniabrodiei",0.932,"polysiphonia_brodiei",118
"MARS","PA1","RUN1",0.637,"Polysiphoniabrodiei",0.923,"polysiphonia_brodiei",118
"GAM","PA1","RUN1",0.636,"Polysiphoniabrodiei",0.881,"polysiphonia_brodiei",118
"XGBOOST","PA1","RUN1",0.665,"Polysiphoniabrodiei",0.926,"polysiphonia_brodiei",118
"RF","PA1","RUN2",0.786,"Polysiphoniabrodiei",0.963,"polysiphonia_brodiei",118
"MAXNET","PA1","RUN2",0.744,"Polysiphoniabrodiei",0.952,"polysiphonia_brodiei",118
"MARS","PA1","RUN2",0.702,"Polysiphoniabrodiei",0.934,"polysiphonia_brodiei",118
"GAM","PA1","RUN2",0.73,"Polysiphoniabrodiei",0.944,"polysiphonia_brodiei",118
"XGBOOST","PA1","RUN2",0.702,"Polysiphoniabrodiei",0.939,"polysiphonia_brodiei",118
"RF","PA1","RUN3",0.845,"Polysiphoniabrodiei",0.972,"polysiphonia_brodiei",118
"MAXNET","PA1","RUN3",0.9,"Polysiphoniabrodiei",0.985,"polysiphonia_brodiei",118
"MARS","PA1","RUN3",0.829,"Polysiphoniabrodiei",0.97,"polysiphonia_brodiei",118
"GAM","PA1","RUN3",0.829,"Polysiphoniabrodiei",0.986,"polysiphonia_brodiei",118
"XGBOOST","PA1","RUN3",0.774,"Polysiphoniabrodiei",0.955,"polysiphonia_brodiei",118
"RF","PA1","RUN4",0.711,"Polysiphoniabrodiei",0.964,"polysiphonia_brodiei",118
"MAXNET","PA1","RUN4",0.786,"Polysiphoniabrodiei",0.976,"polysiphonia_brodiei",118
"MARS","PA1","RUN4",0.757,"Polysiphoniabrodiei",0.951,"polysiphonia_brodiei",118
"GAM","PA1","RUN4",0.816,"Polysiphoniabrodiei",0.927,"polysiphonia_brodiei",118
"XGBOOST","PA1","RUN4",0.568,"Polysiphoniabrodiei",0.945,"polysiphonia_brodiei",118
"RF","PA1","RUN5",0.819,"Polysiphoniabrodiei",0.977,"polysiphonia_brodiei",118
"MAXNET","PA1","RUN5",0.679,"Polysiphoniabrodiei",0.956,"polysiphonia_brodiei",118
"MARS","PA1","RUN5",0.72,"Polysiphoniabrodiei",0.955,"polysiphonia_brodiei",118
"GAM","PA1","RUN5",0.692,"Polysiphoniabrodiei",0.918,"polysiphonia_brodiei",118
"XGBOOST","PA1","RUN5",0.832,"Polysiphoniabrodiei",0.928,"polysiphonia_brodiei",118
"RF","PA1","allRun",NA,"Polysiphoniabrodiei",NA,"polysiphonia_brodiei",118
"MAXNET","PA1","allRun",NA,"Polysiphoniabrodiei",NA,"polysiphonia_brodiei",118
"MARS","PA1","allRun",NA,"Polysiphoniabrodiei",NA,"polysiphonia_brodiei",118
"GAM","PA1","allRun",NA,"Polysiphoniabrodiei",NA,"polysiphonia_brodiei",118
"XGBOOST","PA1","allRun",NA,"Polysiphoniabrodiei",NA,"polysiphonia_brodiei",118
"RF","PA2","RUN1",0.805,"Polysiphoniabrodiei",0.965,"polysiphonia_brodiei",118
"MAXNET","PA2","RUN1",0.762,"Polysiphoniabrodiei",0.947,"polysiphonia_brodiei",118
"MARS","PA2","RUN1",0.748,"Polysiphoniabrodiei",0.938,"polysiphonia_brodiei",118
"GAM","PA2","RUN1",0.789,"Polysiphoniabrodiei",0.928,"polysiphonia_brodiei",118
"XGBOOST","PA2","RUN1",0.706,"Polysiphoniabrodiei",0.931,"polysiphonia_brodiei",118
"RF","PA2","RUN2",0.67,"Polysiphoniabrodiei",0.957,"polysiphonia_brodiei",118
"MAXNET","PA2","RUN2",0.758,"Polysiphoniabrodiei",0.947,"polysiphonia_brodiei",118
"MARS","PA2","RUN2",0.757,"Polysiphoniabrodiei",0.971,"polysiphonia_brodiei",118
"GAM","PA2","RUN2",0.757,"Polysiphoniabrodiei",0.946,"polysiphonia_brodiei",118
"XGBOOST","PA2","RUN2",0.786,"Polysiphoniabrodiei",0.964,"polysiphonia_brodiei",118
"RF","PA2","RUN3",0.72,"Polysiphoniabrodiei",0.95,"polysiphonia_brodiei",118
"MAXNET","PA2","RUN3",0.748,"Polysiphoniabrodiei",0.957,"polysiphonia_brodiei",118
"MARS","PA2","RUN3",0.788,"Polysiphoniabrodiei",0.951,"polysiphonia_brodiei",118
"GAM","PA2","RUN3",0.802,"Polysiphoniabrodiei",0.967,"polysiphonia_brodiei",118
"XGBOOST","PA2","RUN3",0.605,"Polysiphoniabrodiei",0.9,"polysiphonia_brodiei",118
"RF","PA2","RUN4",0.754,"Polysiphoniabrodiei",0.973,"polysiphonia_brodiei",118
"MAXNET","PA2","RUN4",0.712,"Polysiphoniabrodiei",0.97,"polysiphonia_brodiei",118
"MARS","PA2","RUN4",0.786,"Polysiphoniabrodiei",0.965,"polysiphonia_brodiei",118
"GAM","PA2","RUN4",0.757,"Polysiphoniabrodiei",0.938,"polysiphonia_brodiei",118
"XGBOOST","PA2","RUN4",0.786,"Polysiphoniabrodiei",0.967,"polysiphonia_brodiei",118
"RF","PA2","RUN5",0.749,"Polysiphoniabrodiei",0.969,"polysiphonia_brodiei",118
"MAXNET","PA2","RUN5",0.749,"Polysiphoniabrodiei",0.964,"polysiphonia_brodiei",118
"MARS","PA2","RUN5",0.818,"Polysiphoniabrodiei",0.968,"polysiphonia_brodiei",118
"GAM","PA2","RUN5",0.706,"Polysiphoniabrodiei",0.924,"polysiphonia_brodiei",118
"XGBOOST","PA2","RUN5",0.734,"Polysiphoniabrodiei",0.932,"polysiphonia_brodiei",118
"RF","PA2","allRun",NA,"Polysiphoniabrodiei",NA,"polysiphonia_brodiei",118
"MAXNET","PA2","allRun",NA,"Polysiphoniabrodiei",NA,"polysiphonia_brodiei",118
"MARS","PA2","allRun",NA,"Polysiphoniabrodiei",NA,"polysiphonia_brodiei",118
"GAM","PA2","allRun",NA,"Polysiphoniabrodiei",NA,"polysiphonia_brodiei",118
"XGBOOST","PA2","allRun",NA,"Polysiphoniabrodiei",NA,"polysiphonia_brodiei",118
"RF","PA3","RUN1",0.596,"Polysiphoniabrodiei",0.933,"polysiphonia_brodiei",118
"MAXNET","PA3","RUN1",0.733,"Polysiphoniabrodiei",0.935,"polysiphonia_brodiei",118
"MARS","PA3","RUN1",0.664,"Polysiphoniabrodiei",0.914,"polysiphonia_brodiei",118
"GAM","PA3","RUN1",0.747,"Polysiphoniabrodiei",0.885,"polysiphonia_brodiei",118
"XGBOOST","PA3","RUN1",0.581,"Polysiphoniabrodiei",0.885,"polysiphonia_brodiei",118
"RF","PA3","RUN2",0.77,"Polysiphoniabrodiei",0.95,"polysiphonia_brodiei",118
"MAXNET","PA3","RUN2",0.786,"Polysiphoniabrodiei",0.962,"polysiphonia_brodiei",118
"MARS","PA3","RUN2",0.758,"Polysiphoniabrodiei",0.942,"polysiphonia_brodiei",118
"GAM","PA3","RUN2",0.786,"Polysiphoniabrodiei",0.949,"polysiphonia_brodiei",118
"XGBOOST","PA3","RUN2",0.772,"Polysiphoniabrodiei",0.935,"polysiphonia_brodiei",118
"RF","PA3","RUN3",0.749,"Polysiphoniabrodiei",0.952,"polysiphonia_brodiei",118
"MAXNET","PA3","RUN3",0.775,"Polysiphoniabrodiei",0.959,"polysiphonia_brodiei",118
"MARS","PA3","RUN3",0.845,"Polysiphoniabrodiei",0.947,"polysiphonia_brodiei",118
"GAM","PA3","RUN3",0.732,"Polysiphoniabrodiei",0.901,"polysiphonia_brodiei",118
"XGBOOST","PA3","RUN3",0.775,"Polysiphoniabrodiei",0.945,"polysiphonia_brodiei",118
"RF","PA3","RUN4",0.74,"Polysiphoniabrodiei",0.954,"polysiphonia_brodiei",118
"MAXNET","PA3","RUN4",0.756,"Polysiphoniabrodiei",0.945,"polysiphonia_brodiei",118
"MARS","PA3","RUN4",0.772,"Polysiphoniabrodiei",0.963,"polysiphonia_brodiei",118
"GAM","PA3","RUN4",0.757,"Polysiphoniabrodiei",0.919,"polysiphonia_brodiei",118
"XGBOOST","PA3","RUN4",0.656,"Polysiphoniabrodiei",0.925,"polysiphonia_brodiei",118
"RF","PA3","RUN5",0.708,"Polysiphoniabrodiei",0.968,"polysiphonia_brodiei",118
"MAXNET","PA3","RUN5",0.804,"Polysiphoniabrodiei",0.957,"polysiphonia_brodiei",118
"MARS","PA3","RUN5",0.818,"Polysiphoniabrodiei",0.951,"polysiphonia_brodiei",118
"GAM","PA3","RUN5",0.763,"Polysiphoniabrodiei",0.954,"polysiphonia_brodiei",118
"XGBOOST","PA3","RUN5",0.762,"Polysiphoniabrodiei",0.954,"polysiphonia_brodiei",118
"RF","PA3","allRun",NA,"Polysiphoniabrodiei",NA,"polysiphonia_brodiei",118
"MAXNET","PA3","allRun",NA,"Polysiphoniabrodiei",NA,"polysiphonia_brodiei",118
"MARS","PA3","allRun",NA,"Polysiphoniabrodiei",NA,"polysiphonia_brodiei",118
"GAM","PA3","allRun",NA,"Polysiphoniabrodiei",NA,"polysiphonia_brodiei",118
"XGBOOST","PA3","allRun",NA,"Polysiphoniabrodiei",NA,"polysiphonia_brodiei",118
"RF","allData","allRun",NA,"Polysiphoniabrodiei",NA,"polysiphonia_brodiei",118
"MAXNET","allData","allRun",NA,"Polysiphoniabrodiei",NA,"polysiphonia_brodiei",118
"MARS","allData","allRun",NA,"Polysiphoniabrodiei",NA,"polysiphonia_brodiei",118
"GAM","allData","allRun",NA,"Polysiphoniabrodiei",NA,"polysiphonia_brodiei",118
"XGBOOST","allData","allRun",NA,"Polysiphoniabrodiei",NA,"polysiphonia_brodiei",118
"RF","PA1","RUN1",0.802,"Potamopyrgusantipodarum",0.979,"potamopyrgus_antipodarum",481
"MAXNET","PA1","RUN1",0.855,"Potamopyrgusantipodarum",0.974,"potamopyrgus_antipodarum",481
"MARS","PA1","RUN1",0.865,"Potamopyrgusantipodarum",0.968,"potamopyrgus_antipodarum",481
"GAM","PA1","RUN1",0.834,"Potamopyrgusantipodarum",0.97,"potamopyrgus_antipodarum",481
"XGBOOST","PA1","RUN1",0.775,"Potamopyrgusantipodarum",0.958,"potamopyrgus_antipodarum",481
"RF","PA1","RUN2",0.806,"Potamopyrgusantipodarum",0.972,"potamopyrgus_antipodarum",481
"MAXNET","PA1","RUN2",0.833,"Potamopyrgusantipodarum",0.962,"potamopyrgus_antipodarum",481
"MARS","PA1","RUN2",0.819,"Potamopyrgusantipodarum",0.966,"potamopyrgus_antipodarum",481
"GAM","PA1","RUN2",0.847,"Potamopyrgusantipodarum",0.96,"potamopyrgus_antipodarum",481
"XGBOOST","PA1","RUN2",0.816,"Potamopyrgusantipodarum",0.951,"potamopyrgus_antipodarum",481
"RF","PA1","RUN3",0.859,"Potamopyrgusantipodarum",0.968,"potamopyrgus_antipodarum",481
"MAXNET","PA1","RUN3",0.852,"Potamopyrgusantipodarum",0.963,"potamopyrgus_antipodarum",481
"MARS","PA1","RUN3",0.807,"Potamopyrgusantipodarum",0.958,"potamopyrgus_antipodarum",481
"GAM","PA1","RUN3",0.786,"Potamopyrgusantipodarum",0.962,"potamopyrgus_antipodarum",481
"XGBOOST","PA1","RUN3",0.834,"Potamopyrgusantipodarum",0.946,"potamopyrgus_antipodarum",481
"RF","PA1","RUN4",0.76,"Potamopyrgusantipodarum",0.976,"potamopyrgus_antipodarum",481
"MAXNET","PA1","RUN4",0.847,"Potamopyrgusantipodarum",0.973,"potamopyrgus_antipodarum",481
"MARS","PA1","RUN4",0.823,"Potamopyrgusantipodarum",0.971,"potamopyrgus_antipodarum",481
"GAM","PA1","RUN4",0.806,"Potamopyrgusantipodarum",0.967,"potamopyrgus_antipodarum",481
"XGBOOST","PA1","RUN4",0.802,"Potamopyrgusantipodarum",0.961,"potamopyrgus_antipodarum",481
"RF","PA1","RUN5",0.868,"Potamopyrgusantipodarum",0.976,"potamopyrgus_antipodarum",481
"MAXNET","PA1","RUN5",0.837,"Potamopyrgusantipodarum",0.968,"potamopyrgus_antipodarum",481
"MARS","PA1","RUN5",0.848,"Potamopyrgusantipodarum",0.975,"potamopyrgus_antipodarum",481
"GAM","PA1","RUN5",0.803,"Potamopyrgusantipodarum",0.964,"potamopyrgus_antipodarum",481
"XGBOOST","PA1","RUN5",0.827,"Potamopyrgusantipodarum",0.959,"potamopyrgus_antipodarum",481
"RF","PA1","allRun",NA,"Potamopyrgusantipodarum",NA,"potamopyrgus_antipodarum",481
"MAXNET","PA1","allRun",NA,"Potamopyrgusantipodarum",NA,"potamopyrgus_antipodarum",481
"MARS","PA1","allRun",NA,"Potamopyrgusantipodarum",NA,"potamopyrgus_antipodarum",481
"GAM","PA1","allRun",NA,"Potamopyrgusantipodarum",NA,"potamopyrgus_antipodarum",481
"XGBOOST","PA1","allRun",NA,"Potamopyrgusantipodarum",NA,"potamopyrgus_antipodarum",481
"RF","PA2","RUN1",0.767,"Potamopyrgusantipodarum",0.96,"potamopyrgus_antipodarum",481
"MAXNET","PA2","RUN1",0.764,"Potamopyrgusantipodarum",0.95,"potamopyrgus_antipodarum",481
"MARS","PA2","RUN1",0.736,"Potamopyrgusantipodarum",0.942,"potamopyrgus_antipodarum",481
"GAM","PA2","RUN1",0.757,"Potamopyrgusantipodarum",0.943,"potamopyrgus_antipodarum",481
"XGBOOST","PA2","RUN1",0.771,"Potamopyrgusantipodarum",0.942,"potamopyrgus_antipodarum",481
"RF","PA2","RUN2",0.795,"Potamopyrgusantipodarum",0.981,"potamopyrgus_antipodarum",481
"MAXNET","PA2","RUN2",0.813,"Potamopyrgusantipodarum",0.977,"potamopyrgus_antipodarum",481
"MARS","PA2","RUN2",0.868,"Potamopyrgusantipodarum",0.977,"potamopyrgus_antipodarum",481
"GAM","PA2","RUN2",0.868,"Potamopyrgusantipodarum",0.973,"potamopyrgus_antipodarum",481
"XGBOOST","PA2","RUN2",0.837,"Potamopyrgusantipodarum",0.971,"potamopyrgus_antipodarum",481
"RF","PA2","RUN3",0.79,"Potamopyrgusantipodarum",0.971,"potamopyrgus_antipodarum",481
"MAXNET","PA2","RUN3",0.807,"Potamopyrgusantipodarum",0.967,"potamopyrgus_antipodarum",481
"MARS","PA2","RUN3",0.82,"Potamopyrgusantipodarum",0.967,"potamopyrgus_antipodarum",481
"GAM","PA2","RUN3",0.796,"Potamopyrgusantipodarum",0.958,"potamopyrgus_antipodarum",481
"XGBOOST","PA2","RUN3",0.813,"Potamopyrgusantipodarum",0.958,"potamopyrgus_antipodarum",481
"RF","PA2","RUN4",0.833,"Potamopyrgusantipodarum",0.981,"potamopyrgus_antipodarum",481
"MAXNET","PA2","RUN4",0.882,"Potamopyrgusantipodarum",0.975,"potamopyrgus_antipodarum",481
"MARS","PA2","RUN4",0.868,"Potamopyrgusantipodarum",0.977,"potamopyrgus_antipodarum",481
"GAM","PA2","RUN4",0.868,"Potamopyrgusantipodarum",0.971,"potamopyrgus_antipodarum",481
"XGBOOST","PA2","RUN4",0.868,"Potamopyrgusantipodarum",0.966,"potamopyrgus_antipodarum",481
"RF","PA2","RUN5",0.812,"Potamopyrgusantipodarum",0.981,"potamopyrgus_antipodarum",481
"MAXNET","PA2","RUN5",0.882,"Potamopyrgusantipodarum",0.978,"potamopyrgus_antipodarum",481
"MARS","PA2","RUN5",0.885,"Potamopyrgusantipodarum",0.977,"potamopyrgus_antipodarum",481
"GAM","PA2","RUN5",0.844,"Potamopyrgusantipodarum",0.974,"potamopyrgus_antipodarum",481
"XGBOOST","PA2","RUN5",0.861,"Potamopyrgusantipodarum",0.973,"potamopyrgus_antipodarum",481
"RF","PA2","allRun",NA,"Potamopyrgusantipodarum",NA,"potamopyrgus_antipodarum",481
"MAXNET","PA2","allRun",NA,"Potamopyrgusantipodarum",NA,"potamopyrgus_antipodarum",481
"MARS","PA2","allRun",NA,"Potamopyrgusantipodarum",NA,"potamopyrgus_antipodarum",481
"GAM","PA2","allRun",NA,"Potamopyrgusantipodarum",NA,"potamopyrgus_antipodarum",481
"XGBOOST","PA2","allRun",NA,"Potamopyrgusantipodarum",NA,"potamopyrgus_antipodarum",481
"RF","PA3","RUN1",0.851,"Potamopyrgusantipodarum",0.976,"potamopyrgus_antipodarum",481
"MAXNET","PA3","RUN1",0.823,"Potamopyrgusantipodarum",0.969,"potamopyrgus_antipodarum",481
"MARS","PA3","RUN1",0.837,"Potamopyrgusantipodarum",0.967,"potamopyrgus_antipodarum",481
"GAM","PA3","RUN1",0.809,"Potamopyrgusantipodarum",0.968,"potamopyrgus_antipodarum",481
"XGBOOST","PA3","RUN1",0.806,"Potamopyrgusantipodarum",0.958,"potamopyrgus_antipodarum",481
"RF","PA3","RUN2",0.868,"Potamopyrgusantipodarum",0.974,"potamopyrgus_antipodarum",481
"MAXNET","PA3","RUN2",0.844,"Potamopyrgusantipodarum",0.966,"potamopyrgus_antipodarum",481
"MARS","PA3","RUN2",0.84,"Potamopyrgusantipodarum",0.966,"potamopyrgus_antipodarum",481
"GAM","PA3","RUN2",0.847,"Potamopyrgusantipodarum",0.955,"potamopyrgus_antipodarum",481
"XGBOOST","PA3","RUN2",0.816,"Potamopyrgusantipodarum",0.961,"potamopyrgus_antipodarum",481
"RF","PA3","RUN3",0.89,"Potamopyrgusantipodarum",0.986,"potamopyrgus_antipodarum",481
"MAXNET","PA3","RUN3",0.876,"Potamopyrgusantipodarum",0.981,"potamopyrgus_antipodarum",481
"MARS","PA3","RUN3",0.914,"Potamopyrgusantipodarum",0.985,"potamopyrgus_antipodarum",481
"GAM","PA3","RUN3",0.862,"Potamopyrgusantipodarum",0.975,"potamopyrgus_antipodarum",481
"XGBOOST","PA3","RUN3",0.821,"Potamopyrgusantipodarum",0.972,"potamopyrgus_antipodarum",481
"RF","PA3","RUN4",0.774,"Potamopyrgusantipodarum",0.971,"potamopyrgus_antipodarum",481
"MAXNET","PA3","RUN4",0.837,"Potamopyrgusantipodarum",0.975,"potamopyrgus_antipodarum",481
"MARS","PA3","RUN4",0.83,"Potamopyrgusantipodarum",0.977,"potamopyrgus_antipodarum",481
"GAM","PA3","RUN4",0.799,"Potamopyrgusantipodarum",0.967,"potamopyrgus_antipodarum",481
"XGBOOST","PA3","RUN4",0.795,"Potamopyrgusantipodarum",0.96,"potamopyrgus_antipodarum",481
"RF","PA3","RUN5",0.837,"Potamopyrgusantipodarum",0.98,"potamopyrgus_antipodarum",481
"MAXNET","PA3","RUN5",0.865,"Potamopyrgusantipodarum",0.967,"potamopyrgus_antipodarum",481
"MARS","PA3","RUN5",0.823,"Potamopyrgusantipodarum",0.967,"potamopyrgus_antipodarum",481
"GAM","PA3","RUN5",0.844,"Potamopyrgusantipodarum",0.97,"potamopyrgus_antipodarum",481
"XGBOOST","PA3","RUN5",0.826,"Potamopyrgusantipodarum",0.966,"potamopyrgus_antipodarum",481
"RF","PA3","allRun",NA,"Potamopyrgusantipodarum",NA,"potamopyrgus_antipodarum",481
"MAXNET","PA3","allRun",NA,"Potamopyrgusantipodarum",NA,"potamopyrgus_antipodarum",481
"MARS","PA3","allRun",NA,"Potamopyrgusantipodarum",NA,"potamopyrgus_antipodarum",481
"GAM","PA3","allRun",NA,"Potamopyrgusantipodarum",NA,"potamopyrgus_antipodarum",481
"XGBOOST","PA3","allRun",NA,"Potamopyrgusantipodarum",NA,"potamopyrgus_antipodarum",481
"RF","allData","allRun",NA,"Potamopyrgusantipodarum",NA,"potamopyrgus_antipodarum",481
"MAXNET","allData","allRun",NA,"Potamopyrgusantipodarum",NA,"potamopyrgus_antipodarum",481
"MARS","allData","allRun",NA,"Potamopyrgusantipodarum",NA,"potamopyrgus_antipodarum",481
"GAM","allData","allRun",NA,"Potamopyrgusantipodarum",NA,"potamopyrgus_antipodarum",481
"XGBOOST","allData","allRun",NA,"Potamopyrgusantipodarum",NA,"potamopyrgus_antipodarum",481
"RF","PA1","RUN1",0.49,"Pseudocalanusacuspes",0.837,"pseudocalanus_acuspes",161
"MAXNET","PA1","RUN1",0.564,"Pseudocalanusacuspes",0.838,"pseudocalanus_acuspes",161
"MARS","PA1","RUN1",0.461,"Pseudocalanusacuspes",0.827,"pseudocalanus_acuspes",161
"GAM","PA1","RUN1",0.46,"Pseudocalanusacuspes",0.784,"pseudocalanus_acuspes",161
"XGBOOST","PA1","RUN1",0.502,"Pseudocalanusacuspes",0.833,"pseudocalanus_acuspes",161
"RF","PA1","RUN2",0.646,"Pseudocalanusacuspes",0.864,"pseudocalanus_acuspes",161
"MAXNET","PA1","RUN2",0.562,"Pseudocalanusacuspes",0.823,"pseudocalanus_acuspes",161
"MARS","PA1","RUN2",0.458,"Pseudocalanusacuspes",0.795,"pseudocalanus_acuspes",161
"GAM","PA1","RUN2",0.458,"Pseudocalanusacuspes",0.801,"pseudocalanus_acuspes",161
"XGBOOST","PA1","RUN2",0.531,"Pseudocalanusacuspes",0.823,"pseudocalanus_acuspes",161
"RF","PA1","RUN3",0.442,"Pseudocalanusacuspes",0.808,"pseudocalanus_acuspes",161
"MAXNET","PA1","RUN3",0.389,"Pseudocalanusacuspes",0.798,"pseudocalanus_acuspes",161
"MARS","PA1","RUN3",0.357,"Pseudocalanusacuspes",0.744,"pseudocalanus_acuspes",161
"GAM","PA1","RUN3",0.368,"Pseudocalanusacuspes",0.786,"pseudocalanus_acuspes",161
"XGBOOST","PA1","RUN3",0.43,"Pseudocalanusacuspes",0.803,"pseudocalanus_acuspes",161
"RF","PA1","RUN4",0.625,"Pseudocalanusacuspes",0.872,"pseudocalanus_acuspes",161
"MAXNET","PA1","RUN4",0.562,"Pseudocalanusacuspes",0.854,"pseudocalanus_acuspes",161
"MARS","PA1","RUN4",0.469,"Pseudocalanusacuspes",0.827,"pseudocalanus_acuspes",161
"GAM","PA1","RUN4",0.594,"Pseudocalanusacuspes",0.866,"pseudocalanus_acuspes",161
"XGBOOST","PA1","RUN4",0.49,"Pseudocalanusacuspes",0.852,"pseudocalanus_acuspes",161
"RF","PA1","RUN5",0.698,"Pseudocalanusacuspes",0.875,"pseudocalanus_acuspes",161
"MAXNET","PA1","RUN5",0.606,"Pseudocalanusacuspes",0.896,"pseudocalanus_acuspes",161
"MARS","PA1","RUN5",0.43,"Pseudocalanusacuspes",0.81,"pseudocalanus_acuspes",161
"GAM","PA1","RUN5",0.544,"Pseudocalanusacuspes",0.836,"pseudocalanus_acuspes",161
"XGBOOST","PA1","RUN5",0.533,"Pseudocalanusacuspes",0.861,"pseudocalanus_acuspes",161
"RF","PA1","allRun",NA,"Pseudocalanusacuspes",NA,"pseudocalanus_acuspes",161
"MAXNET","PA1","allRun",NA,"Pseudocalanusacuspes",NA,"pseudocalanus_acuspes",161
"MARS","PA1","allRun",NA,"Pseudocalanusacuspes",NA,"pseudocalanus_acuspes",161
"GAM","PA1","allRun",NA,"Pseudocalanusacuspes",NA,"pseudocalanus_acuspes",161
"XGBOOST","PA1","allRun",NA,"Pseudocalanusacuspes",NA,"pseudocalanus_acuspes",161
"RF","PA2","RUN1",0.585,"Pseudocalanusacuspes",0.843,"pseudocalanus_acuspes",161
"MAXNET","PA2","RUN1",0.596,"Pseudocalanusacuspes",0.852,"pseudocalanus_acuspes",161
"MARS","PA2","RUN1",0.523,"Pseudocalanusacuspes",0.818,"pseudocalanus_acuspes",161
"GAM","PA2","RUN1",0.398,"Pseudocalanusacuspes",0.777,"pseudocalanus_acuspes",161
"XGBOOST","PA2","RUN1",0.472,"Pseudocalanusacuspes",0.81,"pseudocalanus_acuspes",161
"RF","PA2","RUN2",0.583,"Pseudocalanusacuspes",0.887,"pseudocalanus_acuspes",161
"MAXNET","PA2","RUN2",0.552,"Pseudocalanusacuspes",0.833,"pseudocalanus_acuspes",161
"MARS","PA2","RUN2",0.479,"Pseudocalanusacuspes",0.805,"pseudocalanus_acuspes",161
"GAM","PA2","RUN2",0.562,"Pseudocalanusacuspes",0.795,"pseudocalanus_acuspes",161
"XGBOOST","PA2","RUN2",0.323,"Pseudocalanusacuspes",0.785,"pseudocalanus_acuspes",161
"RF","PA2","RUN3",0.502,"Pseudocalanusacuspes",0.85,"pseudocalanus_acuspes",161
"MAXNET","PA2","RUN3",0.49,"Pseudocalanusacuspes",0.842,"pseudocalanus_acuspes",161
"MARS","PA2","RUN3",0.42,"Pseudocalanusacuspes",0.831,"pseudocalanus_acuspes",161
"GAM","PA2","RUN3",0.541,"Pseudocalanusacuspes",0.851,"pseudocalanus_acuspes",161
"XGBOOST","PA2","RUN3",0.469,"Pseudocalanusacuspes",0.819,"pseudocalanus_acuspes",161
"RF","PA2","RUN4",0.479,"Pseudocalanusacuspes",0.85,"pseudocalanus_acuspes",161
"MAXNET","PA2","RUN4",0.531,"Pseudocalanusacuspes",0.808,"pseudocalanus_acuspes",161
"MARS","PA2","RUN4",0.49,"Pseudocalanusacuspes",0.783,"pseudocalanus_acuspes",161
"GAM","PA2","RUN4",0.49,"Pseudocalanusacuspes",0.831,"pseudocalanus_acuspes",161
"XGBOOST","PA2","RUN4",0.427,"Pseudocalanusacuspes",0.754,"pseudocalanus_acuspes",161
"RF","PA2","RUN5",0.428,"Pseudocalanusacuspes",0.815,"pseudocalanus_acuspes",161
"MAXNET","PA2","RUN5",0.366,"Pseudocalanusacuspes",0.795,"pseudocalanus_acuspes",161
"MARS","PA2","RUN5",0.314,"Pseudocalanusacuspes",0.748,"pseudocalanus_acuspes",161
"GAM","PA2","RUN5",0.409,"Pseudocalanusacuspes",0.774,"pseudocalanus_acuspes",161
"XGBOOST","PA2","RUN5",0.43,"Pseudocalanusacuspes",0.78,"pseudocalanus_acuspes",161
"RF","PA2","allRun",NA,"Pseudocalanusacuspes",NA,"pseudocalanus_acuspes",161
"MAXNET","PA2","allRun",NA,"Pseudocalanusacuspes",NA,"pseudocalanus_acuspes",161
"MARS","PA2","allRun",NA,"Pseudocalanusacuspes",NA,"pseudocalanus_acuspes",161
"GAM","PA2","allRun",NA,"Pseudocalanusacuspes",NA,"pseudocalanus_acuspes",161
"XGBOOST","PA2","allRun",NA,"Pseudocalanusacuspes",NA,"pseudocalanus_acuspes",161
"RF","PA3","RUN1",0.584,"Pseudocalanusacuspes",0.86,"pseudocalanus_acuspes",161
"MAXNET","PA3","RUN1",0.501,"Pseudocalanusacuspes",0.85,"pseudocalanus_acuspes",161
"MARS","PA3","RUN1",0.492,"Pseudocalanusacuspes",0.798,"pseudocalanus_acuspes",161
"GAM","PA3","RUN1",0.398,"Pseudocalanusacuspes",0.752,"pseudocalanus_acuspes",161
"XGBOOST","PA3","RUN1",0.493,"Pseudocalanusacuspes",0.811,"pseudocalanus_acuspes",161
"RF","PA3","RUN2",0.583,"Pseudocalanusacuspes",0.852,"pseudocalanus_acuspes",161
"MAXNET","PA3","RUN2",0.521,"Pseudocalanusacuspes",0.842,"pseudocalanus_acuspes",161
"MARS","PA3","RUN2",0.427,"Pseudocalanusacuspes",0.779,"pseudocalanus_acuspes",161
"GAM","PA3","RUN2",0.396,"Pseudocalanusacuspes",0.814,"pseudocalanus_acuspes",161
"XGBOOST","PA3","RUN2",0.521,"Pseudocalanusacuspes",0.836,"pseudocalanus_acuspes",161
"RF","PA3","RUN3",0.493,"Pseudocalanusacuspes",0.857,"pseudocalanus_acuspes",161
"MAXNET","PA3","RUN3",0.511,"Pseudocalanusacuspes",0.83,"pseudocalanus_acuspes",161
"MARS","PA3","RUN3",0.52,"Pseudocalanusacuspes",0.825,"pseudocalanus_acuspes",161
"GAM","PA3","RUN3",0.386,"Pseudocalanusacuspes",0.803,"pseudocalanus_acuspes",161
"XGBOOST","PA3","RUN3",0.428,"Pseudocalanusacuspes",0.798,"pseudocalanus_acuspes",161
"RF","PA3","RUN4",0.521,"Pseudocalanusacuspes",0.865,"pseudocalanus_acuspes",161
"MAXNET","PA3","RUN4",0.521,"Pseudocalanusacuspes",0.826,"pseudocalanus_acuspes",161
"MARS","PA3","RUN4",0.469,"Pseudocalanusacuspes",0.818,"pseudocalanus_acuspes",161
"GAM","PA3","RUN4",0.51,"Pseudocalanusacuspes",0.804,"pseudocalanus_acuspes",161
"XGBOOST","PA3","RUN4",0.458,"Pseudocalanusacuspes",0.804,"pseudocalanus_acuspes",161
"RF","PA3","RUN5",0.553,"Pseudocalanusacuspes",0.838,"pseudocalanus_acuspes",161
"MAXNET","PA3","RUN5",0.513,"Pseudocalanusacuspes",0.829,"pseudocalanus_acuspes",161
"MARS","PA3","RUN5",0.409,"Pseudocalanusacuspes",0.8,"pseudocalanus_acuspes",161
"GAM","PA3","RUN5",0.471,"Pseudocalanusacuspes",0.828,"pseudocalanus_acuspes",161
"XGBOOST","PA3","RUN5",0.503,"Pseudocalanusacuspes",0.849,"pseudocalanus_acuspes",161
"RF","PA3","allRun",NA,"Pseudocalanusacuspes",NA,"pseudocalanus_acuspes",161
"MAXNET","PA3","allRun",NA,"Pseudocalanusacuspes",NA,"pseudocalanus_acuspes",161
"MARS","PA3","allRun",NA,"Pseudocalanusacuspes",NA,"pseudocalanus_acuspes",161
"GAM","PA3","allRun",NA,"Pseudocalanusacuspes",NA,"pseudocalanus_acuspes",161
"XGBOOST","PA3","allRun",NA,"Pseudocalanusacuspes",NA,"pseudocalanus_acuspes",161
"RF","allData","allRun",NA,"Pseudocalanusacuspes",NA,"pseudocalanus_acuspes",161
"MAXNET","allData","allRun",NA,"Pseudocalanusacuspes",NA,"pseudocalanus_acuspes",161
"MARS","allData","allRun",NA,"Pseudocalanusacuspes",NA,"pseudocalanus_acuspes",161
"GAM","allData","allRun",NA,"Pseudocalanusacuspes",NA,"pseudocalanus_acuspes",161
"XGBOOST","allData","allRun",NA,"Pseudocalanusacuspes",NA,"pseudocalanus_acuspes",161
"RF","PA1","RUN1",0.683,"Pseudocalanusmimus",0.916,"pseudocalanus_mimus",93
"MAXNET","PA1","RUN1",0.61,"Pseudocalanusmimus",0.906,"pseudocalanus_mimus",93
"MARS","PA1","RUN1",0.645,"Pseudocalanusmimus",0.919,"pseudocalanus_mimus",93
"GAM","PA1","RUN1",0.539,"Pseudocalanusmimus",0.884,"pseudocalanus_mimus",93
"XGBOOST","PA1","RUN1",0.609,"Pseudocalanusmimus",0.895,"pseudocalanus_mimus",93
"RF","PA1","RUN2",0.446,"Pseudocalanusmimus",0.92,"pseudocalanus_mimus",93
"MAXNET","PA1","RUN2",0.528,"Pseudocalanusmimus",0.876,"pseudocalanus_mimus",93
"MARS","PA1","RUN2",0.585,"Pseudocalanusmimus",0.842,"pseudocalanus_mimus",93
"GAM","PA1","RUN2",0.248,"Pseudocalanusmimus",0.783,"pseudocalanus_mimus",93
"XGBOOST","PA1","RUN2",0.567,"Pseudocalanusmimus",0.884,"pseudocalanus_mimus",93
"RF","PA1","RUN3",0.575,"Pseudocalanusmimus",0.886,"pseudocalanus_mimus",93
"MAXNET","PA1","RUN3",0.557,"Pseudocalanusmimus",0.88,"pseudocalanus_mimus",93
"MARS","PA1","RUN3",0.533,"Pseudocalanusmimus",0.836,"pseudocalanus_mimus",93
"GAM","PA1","RUN3",0.517,"Pseudocalanusmimus",0.831,"pseudocalanus_mimus",93
"XGBOOST","PA1","RUN3",0.433,"Pseudocalanusmimus",0.855,"pseudocalanus_mimus",93
"RF","PA1","RUN4",0.54,"Pseudocalanusmimus",0.9,"pseudocalanus_mimus",93
"MAXNET","PA1","RUN4",0.542,"Pseudocalanusmimus",0.894,"pseudocalanus_mimus",93
"MARS","PA1","RUN4",0.563,"Pseudocalanusmimus",0.876,"pseudocalanus_mimus",93
"GAM","PA1","RUN4",0.585,"Pseudocalanusmimus",0.844,"pseudocalanus_mimus",93
"XGBOOST","PA1","RUN4",0.504,"Pseudocalanusmimus",0.848,"pseudocalanus_mimus",93
"RF","PA1","RUN5",0.665,"Pseudocalanusmimus",0.954,"pseudocalanus_mimus",93
"MAXNET","PA1","RUN5",0.557,"Pseudocalanusmimus",0.898,"pseudocalanus_mimus",93
"MARS","PA1","RUN5",0.54,"Pseudocalanusmimus",0.898,"pseudocalanus_mimus",93
"GAM","PA1","RUN5",0.572,"Pseudocalanusmimus",0.886,"pseudocalanus_mimus",93
"XGBOOST","PA1","RUN5",0.7,"Pseudocalanusmimus",0.949,"pseudocalanus_mimus",93
"RF","PA1","allRun",NA,"Pseudocalanusmimus",NA,"pseudocalanus_mimus",93
"MAXNET","PA1","allRun",NA,"Pseudocalanusmimus",NA,"pseudocalanus_mimus",93
"MARS","PA1","allRun",NA,"Pseudocalanusmimus",NA,"pseudocalanus_mimus",93
"GAM","PA1","allRun",NA,"Pseudocalanusmimus",NA,"pseudocalanus_mimus",93
"XGBOOST","PA1","allRun",NA,"Pseudocalanusmimus",NA,"pseudocalanus_mimus",93
"RF","PA2","RUN1",0.648,"Pseudocalanusmimus",0.938,"pseudocalanus_mimus",93
"MAXNET","PA2","RUN1",0.662,"Pseudocalanusmimus",0.9,"pseudocalanus_mimus",93
"MARS","PA2","RUN1",0.68,"Pseudocalanusmimus",0.92,"pseudocalanus_mimus",93
"GAM","PA2","RUN1",0.432,"Pseudocalanusmimus",0.833,"pseudocalanus_mimus",93
"XGBOOST","PA2","RUN1",0.611,"Pseudocalanusmimus",0.908,"pseudocalanus_mimus",93
"RF","PA2","RUN2",0.522,"Pseudocalanusmimus",0.875,"pseudocalanus_mimus",93
"MAXNET","PA2","RUN2",0.585,"Pseudocalanusmimus",0.884,"pseudocalanus_mimus",93
"MARS","PA2","RUN2",0.621,"Pseudocalanusmimus",0.82,"pseudocalanus_mimus",93
"GAM","PA2","RUN2",0.415,"Pseudocalanusmimus",0.881,"pseudocalanus_mimus",93
"XGBOOST","PA2","RUN2",0.562,"Pseudocalanusmimus",0.846,"pseudocalanus_mimus",93
"RF","PA2","RUN3",0.524,"Pseudocalanusmimus",0.91,"pseudocalanus_mimus",93
"MAXNET","PA2","RUN3",0.569,"Pseudocalanusmimus",0.922,"pseudocalanus_mimus",93
"MARS","PA2","RUN3",0.464,"Pseudocalanusmimus",0.794,"pseudocalanus_mimus",93
"GAM","PA2","RUN3",0.535,"Pseudocalanusmimus",0.888,"pseudocalanus_mimus",93
"XGBOOST","PA2","RUN3",0.435,"Pseudocalanusmimus",0.824,"pseudocalanus_mimus",93
"RF","PA2","RUN4",0.671,"Pseudocalanusmimus",0.91,"pseudocalanus_mimus",93
"MAXNET","PA2","RUN4",0.621,"Pseudocalanusmimus",0.902,"pseudocalanus_mimus",93
"MARS","PA2","RUN4",0.512,"Pseudocalanusmimus",0.885,"pseudocalanus_mimus",93
"GAM","PA2","RUN4",0.55,"Pseudocalanusmimus",0.873,"pseudocalanus_mimus",93
"XGBOOST","PA2","RUN4",0.563,"Pseudocalanusmimus",0.888,"pseudocalanus_mimus",93
"RF","PA2","RUN5",0.367,"Pseudocalanusmimus",0.789,"pseudocalanus_mimus",93
"MAXNET","PA2","RUN5",0.522,"Pseudocalanusmimus",0.8,"pseudocalanus_mimus",93
"MARS","PA2","RUN5",0.433,"Pseudocalanusmimus",0.74,"pseudocalanus_mimus",93
"GAM","PA2","RUN5",0.362,"Pseudocalanusmimus",0.782,"pseudocalanus_mimus",93
"XGBOOST","PA2","RUN5",0.348,"Pseudocalanusmimus",0.765,"pseudocalanus_mimus",93
"RF","PA2","allRun",NA,"Pseudocalanusmimus",NA,"pseudocalanus_mimus",93
"MAXNET","PA2","allRun",NA,"Pseudocalanusmimus",NA,"pseudocalanus_mimus",93
"MARS","PA2","allRun",NA,"Pseudocalanusmimus",NA,"pseudocalanus_mimus",93
"GAM","PA2","allRun",NA,"Pseudocalanusmimus",NA,"pseudocalanus_mimus",93
"XGBOOST","PA2","allRun",NA,"Pseudocalanusmimus",NA,"pseudocalanus_mimus",93
"RF","PA3","RUN1",0.648,"Pseudocalanusmimus",0.957,"pseudocalanus_mimus",93
"MAXNET","PA3","RUN1",0.698,"Pseudocalanusmimus",0.926,"pseudocalanus_mimus",93
"MARS","PA3","RUN1",0.61,"Pseudocalanusmimus",0.894,"pseudocalanus_mimus",93
"GAM","PA3","RUN1",0.591,"Pseudocalanusmimus",0.903,"pseudocalanus_mimus",93
"XGBOOST","PA3","RUN1",0.664,"Pseudocalanusmimus",0.897,"pseudocalanus_mimus",93
"RF","PA3","RUN2",0.337,"Pseudocalanusmimus",0.818,"pseudocalanus_mimus",93
"MAXNET","PA3","RUN2",0.417,"Pseudocalanusmimus",0.805,"pseudocalanus_mimus",93
"MARS","PA3","RUN2",0.308,"Pseudocalanusmimus",0.73,"pseudocalanus_mimus",93
"GAM","PA3","RUN2",0.423,"Pseudocalanusmimus",0.719,"pseudocalanus_mimus",93
"XGBOOST","PA3","RUN2",0.397,"Pseudocalanusmimus",0.735,"pseudocalanus_mimus",93
"RF","PA3","RUN3",0.648,"Pseudocalanusmimus",0.945,"pseudocalanus_mimus",93
"MAXNET","PA3","RUN3",0.432,"Pseudocalanusmimus",0.868,"pseudocalanus_mimus",93
"MARS","PA3","RUN3",0.628,"Pseudocalanusmimus",0.857,"pseudocalanus_mimus",93
"GAM","PA3","RUN3",0.602,"Pseudocalanusmimus",0.862,"pseudocalanus_mimus",93
"XGBOOST","PA3","RUN3",0.628,"Pseudocalanusmimus",0.903,"pseudocalanus_mimus",93
"RF","PA3","RUN4",0.56,"Pseudocalanusmimus",0.915,"pseudocalanus_mimus",93
"MAXNET","PA3","RUN4",0.71,"Pseudocalanusmimus",0.905,"pseudocalanus_mimus",93
"MARS","PA3","RUN4",0.601,"Pseudocalanusmimus",0.875,"pseudocalanus_mimus",93
"GAM","PA3","RUN4",0.585,"Pseudocalanusmimus",0.875,"pseudocalanus_mimus",93
"XGBOOST","PA3","RUN4",0.542,"Pseudocalanusmimus",0.873,"pseudocalanus_mimus",93
"RF","PA3","RUN5",0.631,"Pseudocalanusmimus",0.959,"pseudocalanus_mimus",93
"MAXNET","PA3","RUN5",0.573,"Pseudocalanusmimus",0.888,"pseudocalanus_mimus",93
"MARS","PA3","RUN5",0.68,"Pseudocalanusmimus",0.897,"pseudocalanus_mimus",93
"GAM","PA3","RUN5",0.379,"Pseudocalanusmimus",0.844,"pseudocalanus_mimus",93
"XGBOOST","PA3","RUN5",0.734,"Pseudocalanusmimus",0.885,"pseudocalanus_mimus",93
"RF","PA3","allRun",NA,"Pseudocalanusmimus",NA,"pseudocalanus_mimus",93
"MAXNET","PA3","allRun",NA,"Pseudocalanusmimus",NA,"pseudocalanus_mimus",93
"MARS","PA3","allRun",NA,"Pseudocalanusmimus",NA,"pseudocalanus_mimus",93
"GAM","PA3","allRun",NA,"Pseudocalanusmimus",NA,"pseudocalanus_mimus",93
"XGBOOST","PA3","allRun",NA,"Pseudocalanusmimus",NA,"pseudocalanus_mimus",93
"RF","allData","allRun",NA,"Pseudocalanusmimus",NA,"pseudocalanus_mimus",93
"MAXNET","allData","allRun",NA,"Pseudocalanusmimus",NA,"pseudocalanus_mimus",93
"MARS","allData","allRun",NA,"Pseudocalanusmimus",NA,"pseudocalanus_mimus",93
"GAM","allData","allRun",NA,"Pseudocalanusmimus",NA,"pseudocalanus_mimus",93
"XGBOOST","allData","allRun",NA,"Pseudocalanusmimus",NA,"pseudocalanus_mimus",93
"RF","PA1","RUN1",0.25,"Pseudodiaptomusmarinus",0.967,"pseudodiaptomus_marinus",38
"MAXNET","PA1","RUN1",0.5,"Pseudodiaptomusmarinus",0.973,"pseudodiaptomus_marinus",38
"MARS","PA1","RUN1",0.582,"Pseudodiaptomusmarinus",0.957,"pseudodiaptomus_marinus",38
"GAM","PA1","RUN1",0.582,"Pseudodiaptomusmarinus",0.951,"pseudodiaptomus_marinus",38
"XGBOOST","PA1","RUN1",0.457,"Pseudodiaptomusmarinus",0.951,"pseudodiaptomus_marinus",38
"RF","PA1","RUN2",0.683,"Pseudodiaptomusmarinus",0.901,"pseudodiaptomus_marinus",38
"MAXNET","PA1","RUN2",0.54,"Pseudodiaptomusmarinus",0.894,"pseudodiaptomus_marinus",38
"MARS","PA1","RUN2",0.211,"Pseudodiaptomusmarinus",0.755,"pseudodiaptomus_marinus",38
"GAM","PA1","RUN2",0.596,"Pseudodiaptomusmarinus",0.826,"pseudodiaptomus_marinus",38
"XGBOOST","PA1","RUN2",0.54,"Pseudodiaptomusmarinus",0.851,"pseudodiaptomus_marinus",38
"RF","PA1","RUN3",0.864,"Pseudodiaptomusmarinus",0.966,"pseudodiaptomus_marinus",38
"MAXNET","PA1","RUN3",0.693,"Pseudodiaptomusmarinus",0.915,"pseudodiaptomus_marinus",38
"MARS","PA1","RUN3",0.739,"Pseudodiaptomusmarinus",0.881,"pseudodiaptomus_marinus",38
"GAM","PA1","RUN3",0.739,"Pseudodiaptomusmarinus",0.938,"pseudodiaptomus_marinus",38
"XGBOOST","PA1","RUN3",0.784,"Pseudodiaptomusmarinus",0.929,"pseudodiaptomus_marinus",38
"RF","PA1","RUN4",0.584,"Pseudodiaptomusmarinus",0.938,"pseudodiaptomus_marinus",38
"MAXNET","PA1","RUN4",0.584,"Pseudodiaptomusmarinus",0.876,"pseudodiaptomus_marinus",38
"MARS","PA1","RUN4",0.441,"Pseudodiaptomusmarinus",0.711,"pseudodiaptomus_marinus",38
"GAM","PA1","RUN4",0.441,"Pseudodiaptomusmarinus",0.72,"pseudodiaptomus_marinus",38
"XGBOOST","PA1","RUN4",0.298,"Pseudodiaptomusmarinus",0.901,"pseudodiaptomus_marinus",38
"RF","PA1","RUN5",0.663,"Pseudodiaptomusmarinus",0.94,"pseudodiaptomus_marinus",38
"MAXNET","PA1","RUN5",0.788,"Pseudodiaptomusmarinus",0.957,"pseudodiaptomus_marinus",38
"MARS","PA1","RUN5",0.576,"Pseudodiaptomusmarinus",0.821,"pseudodiaptomus_marinus",38
"GAM","PA1","RUN5",0.582,"Pseudodiaptomusmarinus",0.834,"pseudodiaptomus_marinus",38
"XGBOOST","PA1","RUN5",0.538,"Pseudodiaptomusmarinus",0.88,"pseudodiaptomus_marinus",38
"RF","PA1","allRun",NA,"Pseudodiaptomusmarinus",NA,"pseudodiaptomus_marinus",38
"MAXNET","PA1","allRun",NA,"Pseudodiaptomusmarinus",NA,"pseudodiaptomus_marinus",38
"MARS","PA1","allRun",NA,"Pseudodiaptomusmarinus",NA,"pseudodiaptomus_marinus",38
"GAM","PA1","allRun",NA,"Pseudodiaptomusmarinus",NA,"pseudodiaptomus_marinus",38
"XGBOOST","PA1","allRun",NA,"Pseudodiaptomusmarinus",NA,"pseudodiaptomus_marinus",38
"RF","PA2","RUN1",0.625,"Pseudodiaptomusmarinus",0.957,"pseudodiaptomus_marinus",38
"MAXNET","PA2","RUN1",0.913,"Pseudodiaptomusmarinus",0.973,"pseudodiaptomus_marinus",38
"MARS","PA2","RUN1",0.582,"Pseudodiaptomusmarinus",0.88,"pseudodiaptomus_marinus",38
"GAM","PA2","RUN1",0.707,"Pseudodiaptomusmarinus",0.902,"pseudodiaptomus_marinus",38
"XGBOOST","PA2","RUN1",0.788,"Pseudodiaptomusmarinus",0.973,"pseudodiaptomus_marinus",38
"RF","PA2","RUN2",0.484,"Pseudodiaptomusmarinus",0.925,"pseudodiaptomus_marinus",38
"MAXNET","PA2","RUN2",0.87,"Pseudodiaptomusmarinus",0.957,"pseudodiaptomus_marinus",38
"MARS","PA2","RUN2",0.77,"Pseudodiaptomusmarinus",0.95,"pseudodiaptomus_marinus",38
"GAM","PA2","RUN2",0.714,"Pseudodiaptomusmarinus",0.91,"pseudodiaptomus_marinus",38
"XGBOOST","PA2","RUN2",0.671,"Pseudodiaptomusmarinus",0.935,"pseudodiaptomus_marinus",38
"RF","PA2","RUN3",0.739,"Pseudodiaptomusmarinus",0.909,"pseudodiaptomus_marinus",38
"MAXNET","PA2","RUN3",0.739,"Pseudodiaptomusmarinus",0.909,"pseudodiaptomus_marinus",38
"MARS","PA2","RUN3",0.648,"Pseudodiaptomusmarinus",0.824,"pseudodiaptomus_marinus",38
"GAM","PA2","RUN3",0.818,"Pseudodiaptomusmarinus",0.909,"pseudodiaptomus_marinus",38
"XGBOOST","PA2","RUN3",0.443,"Pseudodiaptomusmarinus",0.855,"pseudodiaptomus_marinus",38
"RF","PA2","RUN4",0.957,"Pseudodiaptomusmarinus",0.957,"pseudodiaptomus_marinus",38
"MAXNET","PA2","RUN4",0.814,"Pseudodiaptomusmarinus",0.932,"pseudodiaptomus_marinus",38
"MARS","PA2","RUN4",0.727,"Pseudodiaptomusmarinus",0.894,"pseudodiaptomus_marinus",38
"GAM","PA2","RUN4",0.913,"Pseudodiaptomusmarinus",0.957,"pseudodiaptomus_marinus",38
"XGBOOST","PA2","RUN4",0.814,"Pseudodiaptomusmarinus",0.969,"pseudodiaptomus_marinus",38
"RF","PA2","RUN5",0.832,"Pseudodiaptomusmarinus",0.973,"pseudodiaptomus_marinus",38
"MAXNET","PA2","RUN5",0.87,"Pseudodiaptomusmarinus",0.962,"pseudodiaptomus_marinus",38
"MARS","PA2","RUN5",0.701,"Pseudodiaptomusmarinus",0.913,"pseudodiaptomus_marinus",38
"GAM","PA2","RUN5",0.576,"Pseudodiaptomusmarinus",0.788,"pseudodiaptomus_marinus",38
"XGBOOST","PA2","RUN5",0.582,"Pseudodiaptomusmarinus",0.959,"pseudodiaptomus_marinus",38
"RF","PA2","allRun",NA,"Pseudodiaptomusmarinus",NA,"pseudodiaptomus_marinus",38
"MAXNET","PA2","allRun",NA,"Pseudodiaptomusmarinus",NA,"pseudodiaptomus_marinus",38
"MARS","PA2","allRun",NA,"Pseudodiaptomusmarinus",NA,"pseudodiaptomus_marinus",38
"GAM","PA2","allRun",NA,"Pseudodiaptomusmarinus",NA,"pseudodiaptomus_marinus",38
"XGBOOST","PA2","allRun",NA,"Pseudodiaptomusmarinus",NA,"pseudodiaptomus_marinus",38
"RF","PA3","RUN1",0.582,"Pseudodiaptomusmarinus",0.94,"pseudodiaptomus_marinus",38
"MAXNET","PA3","RUN1",0.87,"Pseudodiaptomusmarinus",0.94,"pseudodiaptomus_marinus",38
"MARS","PA3","RUN1",0.788,"Pseudodiaptomusmarinus",0.894,"pseudodiaptomus_marinus",38
"GAM","PA3","RUN1",0.745,"Pseudodiaptomusmarinus",0.87,"pseudodiaptomus_marinus",38
"XGBOOST","PA3","RUN1",0.538,"Pseudodiaptomusmarinus",0.867,"pseudodiaptomus_marinus",38
"RF","PA3","RUN2",0.528,"Pseudodiaptomusmarinus",0.932,"pseudodiaptomus_marinus",38
"MAXNET","PA3","RUN2",0.671,"Pseudodiaptomusmarinus",0.975,"pseudodiaptomus_marinus",38
"MARS","PA3","RUN2",0.64,"Pseudodiaptomusmarinus",0.898,"pseudodiaptomus_marinus",38
"GAM","PA3","RUN2",0.41,"Pseudodiaptomusmarinus",0.776,"pseudodiaptomus_marinus",38
"XGBOOST","PA3","RUN2",0.441,"Pseudodiaptomusmarinus",0.854,"pseudodiaptomus_marinus",38
"RF","PA3","RUN3",0.83,"Pseudodiaptomusmarinus",0.983,"pseudodiaptomus_marinus",38
"MAXNET","PA3","RUN3",0.784,"Pseudodiaptomusmarinus",0.946,"pseudodiaptomus_marinus",38
"MARS","PA3","RUN3",0.693,"Pseudodiaptomusmarinus",0.949,"pseudodiaptomus_marinus",38
"GAM","PA3","RUN3",0.659,"Pseudodiaptomusmarinus",0.83,"pseudodiaptomus_marinus",38
"XGBOOST","PA3","RUN3",0.83,"Pseudodiaptomusmarinus",0.974,"pseudodiaptomus_marinus",38
"RF","PA3","RUN4",1,"Pseudodiaptomusmarinus",1,"pseudodiaptomus_marinus",38
"MAXNET","PA3","RUN4",1,"Pseudodiaptomusmarinus",1,"pseudodiaptomus_marinus",38
"MARS","PA3","RUN4",0.714,"Pseudodiaptomusmarinus",0.898,"pseudodiaptomus_marinus",38
"GAM","PA3","RUN4",1,"Pseudodiaptomusmarinus",1,"pseudodiaptomus_marinus",38
"XGBOOST","PA3","RUN4",0.957,"Pseudodiaptomusmarinus",1,"pseudodiaptomus_marinus",38
"RF","PA3","RUN5",0.701,"Pseudodiaptomusmarinus",0.918,"pseudodiaptomus_marinus",38
"MAXNET","PA3","RUN5",0.783,"Pseudodiaptomusmarinus",0.935,"pseudodiaptomus_marinus",38
"MARS","PA3","RUN5",0.826,"Pseudodiaptomusmarinus",0.894,"pseudodiaptomus_marinus",38
"GAM","PA3","RUN5",0.408,"Pseudodiaptomusmarinus",0.821,"pseudodiaptomus_marinus",38
"XGBOOST","PA3","RUN5",0.701,"Pseudodiaptomusmarinus",0.913,"pseudodiaptomus_marinus",38
"RF","PA3","allRun",NA,"Pseudodiaptomusmarinus",NA,"pseudodiaptomus_marinus",38
"MAXNET","PA3","allRun",NA,"Pseudodiaptomusmarinus",NA,"pseudodiaptomus_marinus",38
"MARS","PA3","allRun",NA,"Pseudodiaptomusmarinus",NA,"pseudodiaptomus_marinus",38
"GAM","PA3","allRun",NA,"Pseudodiaptomusmarinus",NA,"pseudodiaptomus_marinus",38
"XGBOOST","PA3","allRun",NA,"Pseudodiaptomusmarinus",NA,"pseudodiaptomus_marinus",38
"RF","allData","allRun",NA,"Pseudodiaptomusmarinus",NA,"pseudodiaptomus_marinus",38
"MAXNET","allData","allRun",NA,"Pseudodiaptomusmarinus",NA,"pseudodiaptomus_marinus",38
"MARS","allData","allRun",NA,"Pseudodiaptomusmarinus",NA,"pseudodiaptomus_marinus",38
"GAM","allData","allRun",NA,"Pseudodiaptomusmarinus",NA,"pseudodiaptomus_marinus",38
"XGBOOST","allData","allRun",NA,"Pseudodiaptomusmarinus",NA,"pseudodiaptomus_marinus",38
"RF","PA1","RUN1",0.871,"Rangiacuneata",0.984,"rangia_cuneata",116
"MAXNET","PA1","RUN1",0.784,"Rangiacuneata",0.973,"rangia_cuneata",116
"MARS","PA1","RUN1",0.843,"Rangiacuneata",0.971,"rangia_cuneata",116
"GAM","PA1","RUN1",0.799,"Rangiacuneata",0.95,"rangia_cuneata",116
"XGBOOST","PA1","RUN1",0.827,"Rangiacuneata",0.978,"rangia_cuneata",116
"RF","PA1","RUN2",0.797,"Rangiacuneata",0.967,"rangia_cuneata",116
"MAXNET","PA1","RUN2",0.841,"Rangiacuneata",0.974,"rangia_cuneata",116
"MARS","PA1","RUN2",0.855,"Rangiacuneata",0.956,"rangia_cuneata",116
"GAM","PA1","RUN2",0.826,"Rangiacuneata",0.946,"rangia_cuneata",116
"XGBOOST","PA1","RUN2",0.87,"Rangiacuneata",0.962,"rangia_cuneata",116
"RF","PA1","RUN3",0.818,"Rangiacuneata",0.97,"rangia_cuneata",116
"MAXNET","PA1","RUN3",0.887,"Rangiacuneata",0.974,"rangia_cuneata",116
"MARS","PA1","RUN3",0.817,"Rangiacuneata",0.956,"rangia_cuneata",116
"GAM","PA1","RUN3",0.789,"Rangiacuneata",0.961,"rangia_cuneata",116
"XGBOOST","PA1","RUN3",0.817,"Rangiacuneata",0.942,"rangia_cuneata",116
"RF","PA1","RUN4",0.58,"Rangiacuneata",0.938,"rangia_cuneata",116
"MAXNET","PA1","RUN4",0.797,"Rangiacuneata",0.94,"rangia_cuneata",116
"MARS","PA1","RUN4",0.667,"Rangiacuneata",0.91,"rangia_cuneata",116
"GAM","PA1","RUN4",0.725,"Rangiacuneata",0.913,"rangia_cuneata",116
"XGBOOST","PA1","RUN4",0.623,"Rangiacuneata",0.911,"rangia_cuneata",116
"RF","PA1","RUN5",0.711,"Rangiacuneata",0.957,"rangia_cuneata",116
"MAXNET","PA1","RUN5",0.842,"Rangiacuneata",0.96,"rangia_cuneata",116
"MARS","PA1","RUN5",0.727,"Rangiacuneata",0.948,"rangia_cuneata",116
"GAM","PA1","RUN5",0.813,"Rangiacuneata",0.935,"rangia_cuneata",116
"XGBOOST","PA1","RUN5",0.755,"Rangiacuneata",0.95,"rangia_cuneata",116
"RF","PA1","allRun",NA,"Rangiacuneata",NA,"rangia_cuneata",116
"MAXNET","PA1","allRun",NA,"Rangiacuneata",NA,"rangia_cuneata",116
"MARS","PA1","allRun",NA,"Rangiacuneata",NA,"rangia_cuneata",116
"GAM","PA1","allRun",NA,"Rangiacuneata",NA,"rangia_cuneata",116
"XGBOOST","PA1","allRun",NA,"Rangiacuneata",NA,"rangia_cuneata",116
"RF","PA2","RUN1",0.696,"Rangiacuneata",0.977,"rangia_cuneata",116
"MAXNET","PA2","RUN1",0.914,"Rangiacuneata",0.975,"rangia_cuneata",116
"MARS","PA2","RUN1",0.827,"Rangiacuneata",0.97,"rangia_cuneata",116
"GAM","PA2","RUN1",0.769,"Rangiacuneata",0.962,"rangia_cuneata",116
"XGBOOST","PA2","RUN1",0.784,"Rangiacuneata",0.95,"rangia_cuneata",116
"RF","PA2","RUN2",0.652,"Rangiacuneata",0.951,"rangia_cuneata",116
"MAXNET","PA2","RUN2",0.87,"Rangiacuneata",0.958,"rangia_cuneata",116
"MARS","PA2","RUN2",0.652,"Rangiacuneata",0.925,"rangia_cuneata",116
"GAM","PA2","RUN2",0.71,"Rangiacuneata",0.927,"rangia_cuneata",116
"XGBOOST","PA2","RUN2",0.739,"Rangiacuneata",0.918,"rangia_cuneata",116
"RF","PA2","RUN3",0.776,"Rangiacuneata",0.965,"rangia_cuneata",116
"MAXNET","PA2","RUN3",0.817,"Rangiacuneata",0.963,"rangia_cuneata",116
"MARS","PA2","RUN3",0.858,"Rangiacuneata",0.966,"rangia_cuneata",116
"GAM","PA2","RUN3",0.844,"Rangiacuneata",0.949,"rangia_cuneata",116
"XGBOOST","PA2","RUN3",0.804,"Rangiacuneata",0.952,"rangia_cuneata",116
"RF","PA2","RUN4",0.855,"Rangiacuneata",0.957,"rangia_cuneata",116
"MAXNET","PA2","RUN4",0.783,"Rangiacuneata",0.95,"rangia_cuneata",116
"MARS","PA2","RUN4",0.87,"Rangiacuneata",0.958,"rangia_cuneata",116
"GAM","PA2","RUN4",0.797,"Rangiacuneata",0.944,"rangia_cuneata",116
"XGBOOST","PA2","RUN4",0.841,"Rangiacuneata",0.956,"rangia_cuneata",116
"RF","PA2","RUN5",0.87,"Rangiacuneata",0.989,"rangia_cuneata",116
"MAXNET","PA2","RUN5",0.885,"Rangiacuneata",0.997,"rangia_cuneata",116
"MARS","PA2","RUN5",0.914,"Rangiacuneata",0.998,"rangia_cuneata",116
"GAM","PA2","RUN5",0.871,"Rangiacuneata",0.989,"rangia_cuneata",116
"XGBOOST","PA2","RUN5",0.828,"Rangiacuneata",0.984,"rangia_cuneata",116
"RF","PA2","allRun",NA,"Rangiacuneata",NA,"rangia_cuneata",116
"MAXNET","PA2","allRun",NA,"Rangiacuneata",NA,"rangia_cuneata",116
"MARS","PA2","allRun",NA,"Rangiacuneata",NA,"rangia_cuneata",116
"GAM","PA2","allRun",NA,"Rangiacuneata",NA,"rangia_cuneata",116
"XGBOOST","PA2","allRun",NA,"Rangiacuneata",NA,"rangia_cuneata",116
"RF","PA3","RUN1",0.77,"Rangiacuneata",0.948,"rangia_cuneata",116
"MAXNET","PA3","RUN1",0.785,"Rangiacuneata",0.947,"rangia_cuneata",116
"MARS","PA3","RUN1",0.727,"Rangiacuneata",0.928,"rangia_cuneata",116
"GAM","PA3","RUN1",0.699,"Rangiacuneata",0.933,"rangia_cuneata",116
"XGBOOST","PA3","RUN1",0.699,"Rangiacuneata",0.929,"rangia_cuneata",116
"RF","PA3","RUN2",0.768,"Rangiacuneata",0.965,"rangia_cuneata",116
"MAXNET","PA3","RUN2",0.797,"Rangiacuneata",0.955,"rangia_cuneata",116
"MARS","PA3","RUN2",0.725,"Rangiacuneata",0.943,"rangia_cuneata",116
"GAM","PA3","RUN2",0.797,"Rangiacuneata",0.933,"rangia_cuneata",116
"XGBOOST","PA3","RUN2",0.812,"Rangiacuneata",0.954,"rangia_cuneata",116
"RF","PA3","RUN3",0.748,"Rangiacuneata",0.958,"rangia_cuneata",116
"MAXNET","PA3","RUN3",0.858,"Rangiacuneata",0.974,"rangia_cuneata",116
"MARS","PA3","RUN3",0.817,"Rangiacuneata",0.955,"rangia_cuneata",116
"GAM","PA3","RUN3",0.871,"Rangiacuneata",0.957,"rangia_cuneata",116
"XGBOOST","PA3","RUN3",0.775,"Rangiacuneata",0.949,"rangia_cuneata",116
"RF","PA3","RUN4",0.71,"Rangiacuneata",0.924,"rangia_cuneata",116
"MAXNET","PA3","RUN4",0.768,"Rangiacuneata",0.919,"rangia_cuneata",116
"MARS","PA3","RUN4",0.739,"Rangiacuneata",0.895,"rangia_cuneata",116
"GAM","PA3","RUN4",0.652,"Rangiacuneata",0.907,"rangia_cuneata",116
"XGBOOST","PA3","RUN4",0.71,"Rangiacuneata",0.918,"rangia_cuneata",116
"RF","PA3","RUN5",0.841,"Rangiacuneata",0.987,"rangia_cuneata",116
"MAXNET","PA3","RUN5",0.827,"Rangiacuneata",0.985,"rangia_cuneata",116
"MARS","PA3","RUN5",0.885,"Rangiacuneata",0.98,"rangia_cuneata",116
"GAM","PA3","RUN5",0.914,"Rangiacuneata",0.985,"rangia_cuneata",116
"XGBOOST","PA3","RUN5",0.754,"Rangiacuneata",0.979,"rangia_cuneata",116
"RF","PA3","allRun",NA,"Rangiacuneata",NA,"rangia_cuneata",116
"MAXNET","PA3","allRun",NA,"Rangiacuneata",NA,"rangia_cuneata",116
"MARS","PA3","allRun",NA,"Rangiacuneata",NA,"rangia_cuneata",116
"GAM","PA3","allRun",NA,"Rangiacuneata",NA,"rangia_cuneata",116
"XGBOOST","PA3","allRun",NA,"Rangiacuneata",NA,"rangia_cuneata",116
"RF","allData","allRun",NA,"Rangiacuneata",NA,"rangia_cuneata",116
"MAXNET","allData","allRun",NA,"Rangiacuneata",NA,"rangia_cuneata",116
"MARS","allData","allRun",NA,"Rangiacuneata",NA,"rangia_cuneata",116
"GAM","allData","allRun",NA,"Rangiacuneata",NA,"rangia_cuneata",116
"XGBOOST","allData","allRun",NA,"Rangiacuneata",NA,"rangia_cuneata",116
"RF","PA1","RUN1",0.852,"Rhithropanopeusharrisii",0.961,"rhithropanopeus_harrisii",168
"MAXNET","PA1","RUN1",0.822,"Rhithropanopeusharrisii",0.97,"rhithropanopeus_harrisii",168
"MARS","PA1","RUN1",0.822,"Rhithropanopeusharrisii",0.96,"rhithropanopeus_harrisii",168
"GAM","PA1","RUN1",0.802,"Rhithropanopeusharrisii",0.954,"rhithropanopeus_harrisii",168
"XGBOOST","PA1","RUN1",0.802,"Rhithropanopeusharrisii",0.958,"rhithropanopeus_harrisii",168
"RF","PA1","RUN2",0.728,"Rhithropanopeusharrisii",0.952,"rhithropanopeus_harrisii",168
"MAXNET","PA1","RUN2",0.738,"Rhithropanopeusharrisii",0.94,"rhithropanopeus_harrisii",168
"MARS","PA1","RUN2",0.659,"Rhithropanopeusharrisii",0.914,"rhithropanopeus_harrisii",168
"GAM","PA1","RUN2",0.709,"Rhithropanopeusharrisii",0.922,"rhithropanopeus_harrisii",168
"XGBOOST","PA1","RUN2",0.708,"Rhithropanopeusharrisii",0.943,"rhithropanopeus_harrisii",168
"RF","PA1","RUN3",0.842,"Rhithropanopeusharrisii",0.958,"rhithropanopeus_harrisii",168
"MAXNET","PA1","RUN3",0.871,"Rhithropanopeusharrisii",0.961,"rhithropanopeus_harrisii",168
"MARS","PA1","RUN3",0.841,"Rhithropanopeusharrisii",0.966,"rhithropanopeus_harrisii",168
"GAM","PA1","RUN3",0.861,"Rhithropanopeusharrisii",0.959,"rhithropanopeus_harrisii",168
"XGBOOST","PA1","RUN3",0.831,"Rhithropanopeusharrisii",0.954,"rhithropanopeus_harrisii",168
"RF","PA1","RUN4",0.821,"Rhithropanopeusharrisii",0.958,"rhithropanopeus_harrisii",168
"MAXNET","PA1","RUN4",0.78,"Rhithropanopeusharrisii",0.952,"rhithropanopeus_harrisii",168
"MARS","PA1","RUN4",0.69,"Rhithropanopeusharrisii",0.908,"rhithropanopeus_harrisii",168
"GAM","PA1","RUN4",0.771,"Rhithropanopeusharrisii",0.942,"rhithropanopeus_harrisii",168
"XGBOOST","PA1","RUN4",0.72,"Rhithropanopeusharrisii",0.922,"rhithropanopeus_harrisii",168
"RF","PA1","RUN5",0.715,"Rhithropanopeusharrisii",0.94,"rhithropanopeus_harrisii",168
"MAXNET","PA1","RUN5",0.714,"Rhithropanopeusharrisii",0.946,"rhithropanopeus_harrisii",168
"MARS","PA1","RUN5",0.695,"Rhithropanopeusharrisii",0.9,"rhithropanopeus_harrisii",168
"GAM","PA1","RUN5",0.823,"Rhithropanopeusharrisii",0.957,"rhithropanopeus_harrisii",168
"XGBOOST","PA1","RUN5",0.764,"Rhithropanopeusharrisii",0.94,"rhithropanopeus_harrisii",168
"RF","PA1","allRun",NA,"Rhithropanopeusharrisii",NA,"rhithropanopeus_harrisii",168
"MAXNET","PA1","allRun",NA,"Rhithropanopeusharrisii",NA,"rhithropanopeus_harrisii",168
"MARS","PA1","allRun",NA,"Rhithropanopeusharrisii",NA,"rhithropanopeus_harrisii",168
"GAM","PA1","allRun",NA,"Rhithropanopeusharrisii",NA,"rhithropanopeus_harrisii",168
"XGBOOST","PA1","allRun",NA,"Rhithropanopeusharrisii",NA,"rhithropanopeus_harrisii",168
"RF","PA2","RUN1",0.833,"Rhithropanopeusharrisii",0.979,"rhithropanopeus_harrisii",168
"MAXNET","PA2","RUN1",0.833,"Rhithropanopeusharrisii",0.987,"rhithropanopeus_harrisii",168
"MARS","PA2","RUN1",0.872,"Rhithropanopeusharrisii",0.985,"rhithropanopeus_harrisii",168
"GAM","PA2","RUN1",0.852,"Rhithropanopeusharrisii",0.977,"rhithropanopeus_harrisii",168
"XGBOOST","PA2","RUN1",0.833,"Rhithropanopeusharrisii",0.965,"rhithropanopeus_harrisii",168
"RF","PA2","RUN2",0.75,"Rhithropanopeusharrisii",0.948,"rhithropanopeus_harrisii",168
"MAXNET","PA2","RUN2",0.79,"Rhithropanopeusharrisii",0.949,"rhithropanopeus_harrisii",168
"MARS","PA2","RUN2",0.7,"Rhithropanopeusharrisii",0.903,"rhithropanopeus_harrisii",168
"GAM","PA2","RUN2",0.762,"Rhithropanopeusharrisii",0.928,"rhithropanopeus_harrisii",168
"XGBOOST","PA2","RUN2",0.77,"Rhithropanopeusharrisii",0.926,"rhithropanopeus_harrisii",168
"RF","PA2","RUN3",0.773,"Rhithropanopeusharrisii",0.947,"rhithropanopeus_harrisii",168
"MAXNET","PA2","RUN3",0.754,"Rhithropanopeusharrisii",0.947,"rhithropanopeus_harrisii",168
"MARS","PA2","RUN3",0.871,"Rhithropanopeusharrisii",0.956,"rhithropanopeus_harrisii",168
"GAM","PA2","RUN3",0.734,"Rhithropanopeusharrisii",0.935,"rhithropanopeus_harrisii",168
"XGBOOST","PA2","RUN3",0.792,"Rhithropanopeusharrisii",0.946,"rhithropanopeus_harrisii",168
"RF","PA2","RUN4",0.709,"Rhithropanopeusharrisii",0.932,"rhithropanopeus_harrisii",168
"MAXNET","PA2","RUN4",0.79,"Rhithropanopeusharrisii",0.949,"rhithropanopeus_harrisii",168
"MARS","PA2","RUN4",0.73,"Rhithropanopeusharrisii",0.936,"rhithropanopeus_harrisii",168
"GAM","PA2","RUN4",0.741,"Rhithropanopeusharrisii",0.939,"rhithropanopeus_harrisii",168
"XGBOOST","PA2","RUN4",0.668,"Rhithropanopeusharrisii",0.913,"rhithropanopeus_harrisii",168
"RF","PA2","RUN5",0.685,"Rhithropanopeusharrisii",0.94,"rhithropanopeus_harrisii",168
"MAXNET","PA2","RUN5",0.803,"Rhithropanopeusharrisii",0.959,"rhithropanopeus_harrisii",168
"MARS","PA2","RUN5",0.704,"Rhithropanopeusharrisii",0.922,"rhithropanopeus_harrisii",168
"GAM","PA2","RUN5",0.705,"Rhithropanopeusharrisii",0.927,"rhithropanopeus_harrisii",168
"XGBOOST","PA2","RUN5",0.724,"Rhithropanopeusharrisii",0.927,"rhithropanopeus_harrisii",168
"RF","PA2","allRun",NA,"Rhithropanopeusharrisii",NA,"rhithropanopeus_harrisii",168
"MAXNET","PA2","allRun",NA,"Rhithropanopeusharrisii",NA,"rhithropanopeus_harrisii",168
"MARS","PA2","allRun",NA,"Rhithropanopeusharrisii",NA,"rhithropanopeus_harrisii",168
"GAM","PA2","allRun",NA,"Rhithropanopeusharrisii",NA,"rhithropanopeus_harrisii",168
"XGBOOST","PA2","allRun",NA,"Rhithropanopeusharrisii",NA,"rhithropanopeus_harrisii",168
"RF","PA3","RUN1",0.813,"Rhithropanopeusharrisii",0.93,"rhithropanopeus_harrisii",168
"MAXNET","PA3","RUN1",0.764,"Rhithropanopeusharrisii",0.948,"rhithropanopeus_harrisii",168
"MARS","PA3","RUN1",0.764,"Rhithropanopeusharrisii",0.929,"rhithropanopeus_harrisii",168
"GAM","PA3","RUN1",0.783,"Rhithropanopeusharrisii",0.946,"rhithropanopeus_harrisii",168
"XGBOOST","PA3","RUN1",0.724,"Rhithropanopeusharrisii",0.906,"rhithropanopeus_harrisii",168
"RF","PA3","RUN2",0.748,"Rhithropanopeusharrisii",0.932,"rhithropanopeus_harrisii",168
"MAXNET","PA3","RUN2",0.647,"Rhithropanopeusharrisii",0.913,"rhithropanopeus_harrisii",168
"MARS","PA3","RUN2",0.658,"Rhithropanopeusharrisii",0.883,"rhithropanopeus_harrisii",168
"GAM","PA3","RUN2",0.708,"Rhithropanopeusharrisii",0.91,"rhithropanopeus_harrisii",168
"XGBOOST","PA3","RUN2",0.618,"Rhithropanopeusharrisii",0.919,"rhithropanopeus_harrisii",168
"RF","PA3","RUN3",0.793,"Rhithropanopeusharrisii",0.967,"rhithropanopeus_harrisii",168
"MAXNET","PA3","RUN3",0.862,"Rhithropanopeusharrisii",0.959,"rhithropanopeus_harrisii",168
"MARS","PA3","RUN3",0.823,"Rhithropanopeusharrisii",0.953,"rhithropanopeus_harrisii",168
"GAM","PA3","RUN3",0.803,"Rhithropanopeusharrisii",0.943,"rhithropanopeus_harrisii",168
"XGBOOST","PA3","RUN3",0.793,"Rhithropanopeusharrisii",0.939,"rhithropanopeus_harrisii",168
"RF","PA3","RUN4",0.788,"Rhithropanopeusharrisii",0.975,"rhithropanopeus_harrisii",168
"MAXNET","PA3","RUN4",0.89,"Rhithropanopeusharrisii",0.972,"rhithropanopeus_harrisii",168
"MARS","PA3","RUN4",0.839,"Rhithropanopeusharrisii",0.978,"rhithropanopeus_harrisii",168
"GAM","PA3","RUN4",0.81,"Rhithropanopeusharrisii",0.96,"rhithropanopeus_harrisii",168
"XGBOOST","PA3","RUN4",0.788,"Rhithropanopeusharrisii",0.971,"rhithropanopeus_harrisii",168
"RF","PA3","RUN5",0.813,"Rhithropanopeusharrisii",0.954,"rhithropanopeus_harrisii",168
"MAXNET","PA3","RUN5",0.792,"Rhithropanopeusharrisii",0.959,"rhithropanopeus_harrisii",168
"MARS","PA3","RUN5",0.734,"Rhithropanopeusharrisii",0.914,"rhithropanopeus_harrisii",168
"GAM","PA3","RUN5",0.773,"Rhithropanopeusharrisii",0.945,"rhithropanopeus_harrisii",168
"XGBOOST","PA3","RUN5",0.792,"Rhithropanopeusharrisii",0.95,"rhithropanopeus_harrisii",168
"RF","PA3","allRun",NA,"Rhithropanopeusharrisii",NA,"rhithropanopeus_harrisii",168
"MAXNET","PA3","allRun",NA,"Rhithropanopeusharrisii",NA,"rhithropanopeus_harrisii",168
"MARS","PA3","allRun",NA,"Rhithropanopeusharrisii",NA,"rhithropanopeus_harrisii",168
"GAM","PA3","allRun",NA,"Rhithropanopeusharrisii",NA,"rhithropanopeus_harrisii",168
"XGBOOST","PA3","allRun",NA,"Rhithropanopeusharrisii",NA,"rhithropanopeus_harrisii",168
"RF","allData","allRun",NA,"Rhithropanopeusharrisii",NA,"rhithropanopeus_harrisii",168
"MAXNET","allData","allRun",NA,"Rhithropanopeusharrisii",NA,"rhithropanopeus_harrisii",168
"MARS","allData","allRun",NA,"Rhithropanopeusharrisii",NA,"rhithropanopeus_harrisii",168
"GAM","allData","allRun",NA,"Rhithropanopeusharrisii",NA,"rhithropanopeus_harrisii",168
"XGBOOST","allData","allRun",NA,"Rhithropanopeusharrisii",NA,"rhithropanopeus_harrisii",168
"RF","PA1","RUN1",0.84,"Rhodochortontenue",0.968,"rhodochorton_tenue",147
"MAXNET","PA1","RUN1",0.783,"Rhodochortontenue",0.95,"rhodochorton_tenue",147
"MARS","PA1","RUN1",0.772,"Rhodochortontenue",0.96,"rhodochorton_tenue",147
"GAM","PA1","RUN1",0.795,"Rhodochortontenue",0.92,"rhodochorton_tenue",147
"XGBOOST","PA1","RUN1",0.818,"Rhodochortontenue",0.948,"rhodochorton_tenue",147
"RF","PA1","RUN2",0.72,"Rhodochortontenue",0.949,"rhodochorton_tenue",147
"MAXNET","PA1","RUN2",0.798,"Rhodochortontenue",0.932,"rhodochorton_tenue",147
"MARS","PA1","RUN2",0.742,"Rhodochortontenue",0.919,"rhodochorton_tenue",147
"GAM","PA1","RUN2",0.72,"Rhodochortontenue",0.926,"rhodochorton_tenue",147
"XGBOOST","PA1","RUN2",0.696,"Rhodochortontenue",0.933,"rhodochorton_tenue",147
"RF","PA1","RUN3",0.6,"Rhodochortontenue",0.934,"rhodochorton_tenue",147
"MAXNET","PA1","RUN3",0.67,"Rhodochortontenue",0.927,"rhodochorton_tenue",147
"MARS","PA1","RUN3",0.66,"Rhodochortontenue",0.9,"rhodochorton_tenue",147
"GAM","PA1","RUN3",0.649,"Rhodochortontenue",0.884,"rhodochorton_tenue",147
"XGBOOST","PA1","RUN3",0.649,"Rhodochortontenue",0.885,"rhodochorton_tenue",147
"RF","PA1","RUN4",0.654,"Rhodochortontenue",0.943,"rhodochorton_tenue",147
"MAXNET","PA1","RUN4",0.754,"Rhodochortontenue",0.935,"rhodochorton_tenue",147
"MARS","PA1","RUN4",0.719,"Rhodochortontenue",0.915,"rhodochorton_tenue",147
"GAM","PA1","RUN4",0.708,"Rhodochortontenue",0.923,"rhodochorton_tenue",147
"XGBOOST","PA1","RUN4",0.608,"Rhodochortontenue",0.886,"rhodochorton_tenue",147
"RF","PA1","RUN5",0.736,"Rhodochortontenue",0.966,"rhodochorton_tenue",147
"MAXNET","PA1","RUN5",0.771,"Rhodochortontenue",0.971,"rhodochorton_tenue",147
"MARS","PA1","RUN5",0.851,"Rhodochortontenue",0.968,"rhodochorton_tenue",147
"GAM","PA1","RUN5",0.761,"Rhodochortontenue",0.972,"rhodochorton_tenue",147
"XGBOOST","PA1","RUN5",0.622,"Rhodochortontenue",0.916,"rhodochorton_tenue",147
"RF","PA1","allRun",NA,"Rhodochortontenue",NA,"rhodochorton_tenue",147
"MAXNET","PA1","allRun",NA,"Rhodochortontenue",NA,"rhodochorton_tenue",147
"MARS","PA1","allRun",NA,"Rhodochortontenue",NA,"rhodochorton_tenue",147
"GAM","PA1","allRun",NA,"Rhodochortontenue",NA,"rhodochorton_tenue",147
"XGBOOST","PA1","allRun",NA,"Rhodochortontenue",NA,"rhodochorton_tenue",147
"RF","PA2","RUN1",0.783,"Rhodochortontenue",0.935,"rhodochorton_tenue",147
"MAXNET","PA2","RUN1",0.726,"Rhodochortontenue",0.921,"rhodochorton_tenue",147
"MARS","PA2","RUN1",0.749,"Rhodochortontenue",0.912,"rhodochorton_tenue",147
"GAM","PA2","RUN1",0.704,"Rhodochortontenue",0.912,"rhodochorton_tenue",147
"XGBOOST","PA2","RUN1",0.543,"Rhodochortontenue",0.857,"rhodochorton_tenue",147
"RF","PA2","RUN2",0.565,"Rhodochortontenue",0.902,"rhodochorton_tenue",147
"MAXNET","PA2","RUN2",0.686,"Rhodochortontenue",0.893,"rhodochorton_tenue",147
"MARS","PA2","RUN2",0.653,"Rhodochortontenue",0.897,"rhodochorton_tenue",147
"GAM","PA2","RUN2",0.686,"Rhodochortontenue",0.889,"rhodochorton_tenue",147
"XGBOOST","PA2","RUN2",0.597,"Rhodochortontenue",0.88,"rhodochorton_tenue",147
"RF","PA2","RUN3",0.795,"Rhodochortontenue",0.968,"rhodochorton_tenue",147
"MAXNET","PA2","RUN3",0.83,"Rhodochortontenue",0.953,"rhodochorton_tenue",147
"MARS","PA2","RUN3",0.75,"Rhodochortontenue",0.95,"rhodochorton_tenue",147
"GAM","PA2","RUN3",0.807,"Rhodochortontenue",0.941,"rhodochorton_tenue",147
"XGBOOST","PA2","RUN3",0.818,"Rhodochortontenue",0.958,"rhodochorton_tenue",147
"RF","PA2","RUN4",0.877,"Rhodochortontenue",0.977,"rhodochorton_tenue",147
"MAXNET","PA2","RUN4",0.887,"Rhodochortontenue",0.987,"rhodochorton_tenue",147
"MARS","PA2","RUN4",0.795,"Rhodochortontenue",0.968,"rhodochorton_tenue",147
"GAM","PA2","RUN4",0.808,"Rhodochortontenue",0.977,"rhodochorton_tenue",147
"XGBOOST","PA2","RUN4",0.775,"Rhodochortontenue",0.953,"rhodochorton_tenue",147
"RF","PA2","RUN5",0.622,"Rhodochortontenue",0.935,"rhodochorton_tenue",147
"MAXNET","PA2","RUN5",0.645,"Rhodochortontenue",0.914,"rhodochorton_tenue",147
"MARS","PA2","RUN5",0.691,"Rhodochortontenue",0.91,"rhodochorton_tenue",147
"GAM","PA2","RUN5",0.703,"Rhodochortontenue",0.887,"rhodochorton_tenue",147
"XGBOOST","PA2","RUN5",0.634,"Rhodochortontenue",0.898,"rhodochorton_tenue",147
"RF","PA2","allRun",NA,"Rhodochortontenue",NA,"rhodochorton_tenue",147
"MAXNET","PA2","allRun",NA,"Rhodochortontenue",NA,"rhodochorton_tenue",147
"MARS","PA2","allRun",NA,"Rhodochortontenue",NA,"rhodochorton_tenue",147
"GAM","PA2","allRun",NA,"Rhodochortontenue",NA,"rhodochorton_tenue",147
"XGBOOST","PA2","allRun",NA,"Rhodochortontenue",NA,"rhodochorton_tenue",147
"RF","PA3","RUN1",0.805,"Rhodochortontenue",0.954,"rhodochorton_tenue",147
"MAXNET","PA3","RUN1",0.725,"Rhodochortontenue",0.938,"rhodochorton_tenue",147
"MARS","PA3","RUN1",0.748,"Rhodochortontenue",0.932,"rhodochorton_tenue",147
"GAM","PA3","RUN1",0.795,"Rhodochortontenue",0.916,"rhodochorton_tenue",147
"XGBOOST","PA3","RUN1",0.783,"Rhodochortontenue",0.933,"rhodochorton_tenue",147
"RF","PA3","RUN2",0.788,"Rhodochortontenue",0.963,"rhodochorton_tenue",147
"MAXNET","PA3","RUN2",0.787,"Rhodochortontenue",0.943,"rhodochorton_tenue",147
"MARS","PA3","RUN2",0.787,"Rhodochortontenue",0.931,"rhodochorton_tenue",147
"GAM","PA3","RUN2",0.741,"Rhodochortontenue",0.938,"rhodochorton_tenue",147
"XGBOOST","PA3","RUN2",0.842,"Rhodochortontenue",0.948,"rhodochorton_tenue",147
"RF","PA3","RUN3",0.829,"Rhodochortontenue",0.961,"rhodochorton_tenue",147
"MAXNET","PA3","RUN3",0.703,"Rhodochortontenue",0.955,"rhodochorton_tenue",147
"MARS","PA3","RUN3",0.76,"Rhodochortontenue",0.953,"rhodochorton_tenue",147
"GAM","PA3","RUN3",0.73,"Rhodochortontenue",0.922,"rhodochorton_tenue",147
"XGBOOST","PA3","RUN3",0.578,"Rhodochortontenue",0.924,"rhodochorton_tenue",147
"RF","PA3","RUN4",0.743,"Rhodochortontenue",0.969,"rhodochorton_tenue",147
"MAXNET","PA3","RUN4",0.72,"Rhodochortontenue",0.954,"rhodochorton_tenue",147
"MARS","PA3","RUN4",0.787,"Rhodochortontenue",0.935,"rhodochorton_tenue",147
"GAM","PA3","RUN4",0.798,"Rhodochortontenue",0.947,"rhodochorton_tenue",147
"XGBOOST","PA3","RUN4",0.731,"Rhodochortontenue",0.937,"rhodochorton_tenue",147
"RF","PA3","RUN5",0.714,"Rhodochortontenue",0.951,"rhodochorton_tenue",147
"MAXNET","PA3","RUN5",0.703,"Rhodochortontenue",0.941,"rhodochorton_tenue",147
"MARS","PA3","RUN5",0.657,"Rhodochortontenue",0.944,"rhodochorton_tenue",147
"GAM","PA3","RUN5",0.68,"Rhodochortontenue",0.909,"rhodochorton_tenue",147
"XGBOOST","PA3","RUN5",0.691,"Rhodochortontenue",0.932,"rhodochorton_tenue",147
"RF","PA3","allRun",NA,"Rhodochortontenue",NA,"rhodochorton_tenue",147
"MAXNET","PA3","allRun",NA,"Rhodochortontenue",NA,"rhodochorton_tenue",147
"MARS","PA3","allRun",NA,"Rhodochortontenue",NA,"rhodochorton_tenue",147
"GAM","PA3","allRun",NA,"Rhodochortontenue",NA,"rhodochorton_tenue",147
"XGBOOST","PA3","allRun",NA,"Rhodochortontenue",NA,"rhodochorton_tenue",147
"RF","allData","allRun",NA,"Rhodochortontenue",NA,"rhodochorton_tenue",147
"MAXNET","allData","allRun",NA,"Rhodochortontenue",NA,"rhodochorton_tenue",147
"MARS","allData","allRun",NA,"Rhodochortontenue",NA,"rhodochorton_tenue",147
"GAM","allData","allRun",NA,"Rhodochortontenue",NA,"rhodochorton_tenue",147
"XGBOOST","allData","allRun",NA,"Rhodochortontenue",NA,"rhodochorton_tenue",147
"RF","PA1","RUN1",0.463,"Schizoporellajaponica",0.921,"schizoporella_japonica",66
"MAXNET","PA1","RUN1",0.592,"Schizoporellajaponica",0.917,"schizoporella_japonica",66
"MARS","PA1","RUN1",0.542,"Schizoporellajaponica",0.894,"schizoporella_japonica",66
"GAM","PA1","RUN1",0.671,"Schizoporellajaponica",0.881,"schizoporella_japonica",66
"XGBOOST","PA1","RUN1",0.644,"Schizoporellajaponica",0.923,"schizoporella_japonica",66
"RF","PA1","RUN2",0.615,"Schizoporellajaponica",0.945,"schizoporella_japonica",66
"MAXNET","PA1","RUN2",0.641,"Schizoporellajaponica",0.917,"schizoporella_japonica",66
"MARS","PA1","RUN2",0.872,"Schizoporellajaponica",0.931,"schizoporella_japonica",66
"GAM","PA1","RUN2",0.615,"Schizoporellajaponica",0.935,"schizoporella_japonica",66
"XGBOOST","PA1","RUN2",0.769,"Schizoporellajaponica",0.932,"schizoporella_japonica",66
"RF","PA1","RUN3",0.786,"Schizoporellajaponica",0.996,"schizoporella_japonica",66
"MAXNET","PA1","RUN3",0.975,"Schizoporellajaponica",1,"schizoporella_japonica",66
"MARS","PA1","RUN3",0.929,"Schizoporellajaponica",0.991,"schizoporella_japonica",66
"GAM","PA1","RUN3",0.857,"Schizoporellajaponica",0.998,"schizoporella_japonica",66
"XGBOOST","PA1","RUN3",0.929,"Schizoporellajaponica",0.997,"schizoporella_japonica",66
"RF","PA1","RUN4",0.744,"Schizoporellajaponica",0.927,"schizoporella_japonica",66
"MAXNET","PA1","RUN4",0.718,"Schizoporellajaponica",0.902,"schizoporella_japonica",66
"MARS","PA1","RUN4",0.667,"Schizoporellajaponica",0.912,"schizoporella_japonica",66
"GAM","PA1","RUN4",0.821,"Schizoporellajaponica",0.957,"schizoporella_japonica",66
"XGBOOST","PA1","RUN4",0.769,"Schizoporellajaponica",0.892,"schizoporella_japonica",66
"RF","PA1","RUN5",0.694,"Schizoporellajaponica",0.947,"schizoporella_japonica",66
"MAXNET","PA1","RUN5",0.798,"Schizoporellajaponica",0.987,"schizoporella_japonica",66
"MARS","PA1","RUN5",0.873,"Schizoporellajaponica",0.966,"schizoporella_japonica",66
"GAM","PA1","RUN5",0.798,"Schizoporellajaponica",0.963,"schizoporella_japonica",66
"XGBOOST","PA1","RUN5",0.773,"Schizoporellajaponica",0.942,"schizoporella_japonica",66
"RF","PA1","allRun",NA,"Schizoporellajaponica",NA,"schizoporella_japonica",66
"MAXNET","PA1","allRun",NA,"Schizoporellajaponica",NA,"schizoporella_japonica",66
"MARS","PA1","allRun",NA,"Schizoporellajaponica",NA,"schizoporella_japonica",66
"GAM","PA1","allRun",NA,"Schizoporellajaponica",NA,"schizoporella_japonica",66
"XGBOOST","PA1","allRun",NA,"Schizoporellajaponica",NA,"schizoporella_japonica",66
"RF","PA2","RUN1",0.694,"Schizoporellajaponica",0.918,"schizoporella_japonica",66
"MAXNET","PA2","RUN1",0.85,"Schizoporellajaponica",0.929,"schizoporella_japonica",66
"MARS","PA2","RUN1",0.8,"Schizoporellajaponica",0.954,"schizoporella_japonica",66
"GAM","PA2","RUN1",0.9,"Schizoporellajaponica",0.942,"schizoporella_japonica",66
"XGBOOST","PA2","RUN1",0.646,"Schizoporellajaponica",0.919,"schizoporella_japonica",66
"RF","PA2","RUN2",0.615,"Schizoporellajaponica",0.943,"schizoporella_japonica",66
"MAXNET","PA2","RUN2",0.744,"Schizoporellajaponica",0.952,"schizoporella_japonica",66
"MARS","PA2","RUN2",0.667,"Schizoporellajaponica",0.949,"schizoporella_japonica",66
"GAM","PA2","RUN2",0.795,"Schizoporellajaponica",0.943,"schizoporella_japonica",66
"XGBOOST","PA2","RUN2",0.718,"Schizoporellajaponica",0.92,"schizoporella_japonica",66
"RF","PA2","RUN3",0.682,"Schizoporellajaponica",0.894,"schizoporella_japonica",66
"MAXNET","PA2","RUN3",0.704,"Schizoporellajaponica",0.9,"schizoporella_japonica",66
"MARS","PA2","RUN3",0.657,"Schizoporellajaponica",0.844,"schizoporella_japonica",66
"GAM","PA2","RUN3",0.754,"Schizoporellajaponica",0.914,"schizoporella_japonica",66
"XGBOOST","PA2","RUN3",0.75,"Schizoporellajaponica",0.91,"schizoporella_japonica",66
"RF","PA2","RUN4",0.615,"Schizoporellajaponica",0.937,"schizoporella_japonica",66
"MAXNET","PA2","RUN4",0.897,"Schizoporellajaponica",0.943,"schizoporella_japonica",66
"MARS","PA2","RUN4",0.923,"Schizoporellajaponica",0.939,"schizoporella_japonica",66
"GAM","PA2","RUN4",0.795,"Schizoporellajaponica",0.915,"schizoporella_japonica",66
"XGBOOST","PA2","RUN4",0.744,"Schizoporellajaponica",0.946,"schizoporella_japonica",66
"RF","PA2","RUN5",0.488,"Schizoporellajaponica",0.956,"schizoporella_japonica",66
"MAXNET","PA2","RUN5",0.721,"Schizoporellajaponica",0.933,"schizoporella_japonica",66
"MARS","PA2","RUN5",0.465,"Schizoporellajaponica",0.852,"schizoporella_japonica",66
"GAM","PA2","RUN5",0.723,"Schizoporellajaponica",0.902,"schizoporella_japonica",66
"XGBOOST","PA2","RUN5",0.594,"Schizoporellajaponica",0.914,"schizoporella_japonica",66
"RF","PA2","allRun",NA,"Schizoporellajaponica",NA,"schizoporella_japonica",66
"MAXNET","PA2","allRun",NA,"Schizoporellajaponica",NA,"schizoporella_japonica",66
"MARS","PA2","allRun",NA,"Schizoporellajaponica",NA,"schizoporella_japonica",66
"GAM","PA2","allRun",NA,"Schizoporellajaponica",NA,"schizoporella_japonica",66
"XGBOOST","PA2","allRun",NA,"Schizoporellajaponica",NA,"schizoporella_japonica",66
"RF","PA3","RUN1",0.387,"Schizoporellajaponica",0.956,"schizoporella_japonica",66
"MAXNET","PA3","RUN1",0.825,"Schizoporellajaponica",0.954,"schizoporella_japonica",66
"MARS","PA3","RUN1",0.642,"Schizoporellajaponica",0.943,"schizoporella_japonica",66
"GAM","PA3","RUN1",0.694,"Schizoporellajaponica",0.924,"schizoporella_japonica",66
"XGBOOST","PA3","RUN1",0.542,"Schizoporellajaponica",0.91,"schizoporella_japonica",66
"RF","PA3","RUN2",0.667,"Schizoporellajaponica",0.94,"schizoporella_japonica",66
"MAXNET","PA3","RUN2",0.744,"Schizoporellajaponica",0.927,"schizoporella_japonica",66
"MARS","PA3","RUN2",0.821,"Schizoporellajaponica",0.964,"schizoporella_japonica",66
"GAM","PA3","RUN2",0.718,"Schizoporellajaponica",0.957,"schizoporella_japonica",66
"XGBOOST","PA3","RUN2",0.615,"Schizoporellajaponica",0.929,"schizoporella_japonica",66
"RF","PA3","RUN3",0.711,"Schizoporellajaponica",0.936,"schizoporella_japonica",66
"MAXNET","PA3","RUN3",0.725,"Schizoporellajaponica",0.952,"schizoporella_japonica",66
"MARS","PA3","RUN3",0.9,"Schizoporellajaponica",0.98,"schizoporella_japonica",66
"GAM","PA3","RUN3",0.85,"Schizoporellajaponica",0.941,"schizoporella_japonica",66
"XGBOOST","PA3","RUN3",0.775,"Schizoporellajaponica",0.96,"schizoporella_japonica",66
"RF","PA3","RUN4",0.564,"Schizoporellajaponica",0.963,"schizoporella_japonica",66
"MAXNET","PA3","RUN4",0.872,"Schizoporellajaponica",0.968,"schizoporella_japonica",66
"MARS","PA3","RUN4",0.872,"Schizoporellajaponica",0.974,"schizoporella_japonica",66
"GAM","PA3","RUN4",0.897,"Schizoporellajaponica",0.945,"schizoporella_japonica",66
"XGBOOST","PA3","RUN4",0.744,"Schizoporellajaponica",0.946,"schizoporella_japonica",66
"RF","PA3","RUN5",0.667,"Schizoporellajaponica",0.979,"schizoporella_japonica",66
"MAXNET","PA3","RUN5",0.823,"Schizoporellajaponica",0.963,"schizoporella_japonica",66
"MARS","PA3","RUN5",0.823,"Schizoporellajaponica",0.938,"schizoporella_japonica",66
"GAM","PA3","RUN5",0.925,"Schizoporellajaponica",0.975,"schizoporella_japonica",66
"XGBOOST","PA3","RUN5",0.721,"Schizoporellajaponica",0.964,"schizoporella_japonica",66
"RF","PA3","allRun",NA,"Schizoporellajaponica",NA,"schizoporella_japonica",66
"MAXNET","PA3","allRun",NA,"Schizoporellajaponica",NA,"schizoporella_japonica",66
"MARS","PA3","allRun",NA,"Schizoporellajaponica",NA,"schizoporella_japonica",66
"GAM","PA3","allRun",NA,"Schizoporellajaponica",NA,"schizoporella_japonica",66
"XGBOOST","PA3","allRun",NA,"Schizoporellajaponica",NA,"schizoporella_japonica",66
"RF","allData","allRun",NA,"Schizoporellajaponica",NA,"schizoporella_japonica",66
"MAXNET","allData","allRun",NA,"Schizoporellajaponica",NA,"schizoporella_japonica",66
"MARS","allData","allRun",NA,"Schizoporellajaponica",NA,"schizoporella_japonica",66
"GAM","allData","allRun",NA,"Schizoporellajaponica",NA,"schizoporella_japonica",66
"XGBOOST","allData","allRun",NA,"Schizoporellajaponica",NA,"schizoporella_japonica",66
"RF","PA1","RUN1",0.625,"Sinelobusvanhaareni",1,"sinelobus_vanhaareni",40
"MAXNET","PA1","RUN1",0.708,"Sinelobusvanhaareni",0.99,"sinelobus_vanhaareni",40
"MARS","PA1","RUN1",0.583,"Sinelobusvanhaareni",0.792,"sinelobus_vanhaareni",40
"GAM","PA1","RUN1",0.458,"Sinelobusvanhaareni",0.716,"sinelobus_vanhaareni",40
"XGBOOST","PA1","RUN1",0.542,"Sinelobusvanhaareni",0.945,"sinelobus_vanhaareni",40
"RF","PA1","RUN2",0.875,"Sinelobusvanhaareni",0.969,"sinelobus_vanhaareni",40
"MAXNET","PA1","RUN2",0.875,"Sinelobusvanhaareni",0.979,"sinelobus_vanhaareni",40
"MARS","PA1","RUN2",0.792,"Sinelobusvanhaareni",0.896,"sinelobus_vanhaareni",40
"GAM","PA1","RUN2",0.667,"Sinelobusvanhaareni",0.833,"sinelobus_vanhaareni",40
"XGBOOST","PA1","RUN2",0.917,"Sinelobusvanhaareni",0.961,"sinelobus_vanhaareni",40
"RF","PA1","RUN3",0.625,"Sinelobusvanhaareni",0.995,"sinelobus_vanhaareni",40
"MAXNET","PA1","RUN3",0.75,"Sinelobusvanhaareni",0.979,"sinelobus_vanhaareni",40
"MARS","PA1","RUN3",0.625,"Sinelobusvanhaareni",0.875,"sinelobus_vanhaareni",40
"GAM","PA1","RUN3",0.417,"Sinelobusvanhaareni",0.708,"sinelobus_vanhaareni",40
"XGBOOST","PA1","RUN3",0.833,"Sinelobusvanhaareni",0.987,"sinelobus_vanhaareni",40
"RF","PA1","RUN4",0.833,"Sinelobusvanhaareni",0.969,"sinelobus_vanhaareni",40
"MAXNET","PA1","RUN4",0.792,"Sinelobusvanhaareni",0.909,"sinelobus_vanhaareni",40
"MARS","PA1","RUN4",0.708,"Sinelobusvanhaareni",0.872,"sinelobus_vanhaareni",40
"GAM","PA1","RUN4",0.833,"Sinelobusvanhaareni",0.917,"sinelobus_vanhaareni",40
"XGBOOST","PA1","RUN4",0.917,"Sinelobusvanhaareni",0.987,"sinelobus_vanhaareni",40
"RF","PA1","RUN5",0.708,"Sinelobusvanhaareni",0.974,"sinelobus_vanhaareni",40
"MAXNET","PA1","RUN5",0.708,"Sinelobusvanhaareni",0.964,"sinelobus_vanhaareni",40
"MARS","PA1","RUN5",0.708,"Sinelobusvanhaareni",0.854,"sinelobus_vanhaareni",40
"GAM","PA1","RUN5",0.708,"Sinelobusvanhaareni",0.854,"sinelobus_vanhaareni",40
"XGBOOST","PA1","RUN5",0.708,"Sinelobusvanhaareni",0.958,"sinelobus_vanhaareni",40
"RF","PA1","allRun",NA,"Sinelobusvanhaareni",NA,"sinelobus_vanhaareni",40
"MAXNET","PA1","allRun",NA,"Sinelobusvanhaareni",NA,"sinelobus_vanhaareni",40
"MARS","PA1","allRun",NA,"Sinelobusvanhaareni",NA,"sinelobus_vanhaareni",40
"GAM","PA1","allRun",NA,"Sinelobusvanhaareni",NA,"sinelobus_vanhaareni",40
"XGBOOST","PA1","allRun",NA,"Sinelobusvanhaareni",NA,"sinelobus_vanhaareni",40
"RF","PA2","RUN1",0.833,"Sinelobusvanhaareni",0.979,"sinelobus_vanhaareni",40
"MAXNET","PA2","RUN1",0.875,"Sinelobusvanhaareni",1,"sinelobus_vanhaareni",40
"MARS","PA2","RUN1",0.75,"Sinelobusvanhaareni",0.93,"sinelobus_vanhaareni",40
"GAM","PA2","RUN1",1,"Sinelobusvanhaareni",1,"sinelobus_vanhaareni",40
"XGBOOST","PA2","RUN1",0.625,"Sinelobusvanhaareni",1,"sinelobus_vanhaareni",40
"RF","PA2","RUN2",1,"Sinelobusvanhaareni",1,"sinelobus_vanhaareni",40
"MAXNET","PA2","RUN2",1,"Sinelobusvanhaareni",1,"sinelobus_vanhaareni",40
"MARS","PA2","RUN2",0.875,"Sinelobusvanhaareni",0.992,"sinelobus_vanhaareni",40
"GAM","PA2","RUN2",0.833,"Sinelobusvanhaareni",0.966,"sinelobus_vanhaareni",40
"XGBOOST","PA2","RUN2",0.917,"Sinelobusvanhaareni",1,"sinelobus_vanhaareni",40
"RF","PA2","RUN3",0.958,"Sinelobusvanhaareni",0.979,"sinelobus_vanhaareni",40
"MAXNET","PA2","RUN3",0.917,"Sinelobusvanhaareni",0.979,"sinelobus_vanhaareni",40
"MARS","PA2","RUN3",0.667,"Sinelobusvanhaareni",0.828,"sinelobus_vanhaareni",40
"GAM","PA2","RUN3",0.833,"Sinelobusvanhaareni",0.917,"sinelobus_vanhaareni",40
"XGBOOST","PA2","RUN3",0.917,"Sinelobusvanhaareni",0.977,"sinelobus_vanhaareni",40
"RF","PA2","RUN4",0.458,"Sinelobusvanhaareni",0.901,"sinelobus_vanhaareni",40
"MAXNET","PA2","RUN4",0.667,"Sinelobusvanhaareni",0.943,"sinelobus_vanhaareni",40
"MARS","PA2","RUN4",0.625,"Sinelobusvanhaareni",0.904,"sinelobus_vanhaareni",40
"GAM","PA2","RUN4",0.75,"Sinelobusvanhaareni",0.867,"sinelobus_vanhaareni",40
"XGBOOST","PA2","RUN4",0.708,"Sinelobusvanhaareni",0.93,"sinelobus_vanhaareni",40
"RF","PA2","RUN5",0.708,"Sinelobusvanhaareni",0.932,"sinelobus_vanhaareni",40
"MAXNET","PA2","RUN5",0.667,"Sinelobusvanhaareni",0.932,"sinelobus_vanhaareni",40
"MARS","PA2","RUN5",0.5,"Sinelobusvanhaareni",0.799,"sinelobus_vanhaareni",40
"GAM","PA2","RUN5",0.542,"Sinelobusvanhaareni",0.771,"sinelobus_vanhaareni",40
"XGBOOST","PA2","RUN5",0.667,"Sinelobusvanhaareni",0.891,"sinelobus_vanhaareni",40
"RF","PA2","allRun",NA,"Sinelobusvanhaareni",NA,"sinelobus_vanhaareni",40
"MAXNET","PA2","allRun",NA,"Sinelobusvanhaareni",NA,"sinelobus_vanhaareni",40
"MARS","PA2","allRun",NA,"Sinelobusvanhaareni",NA,"sinelobus_vanhaareni",40
"GAM","PA2","allRun",NA,"Sinelobusvanhaareni",NA,"sinelobus_vanhaareni",40
"XGBOOST","PA2","allRun",NA,"Sinelobusvanhaareni",NA,"sinelobus_vanhaareni",40
"RF","PA3","RUN1",0.75,"Sinelobusvanhaareni",1,"sinelobus_vanhaareni",40
"MAXNET","PA3","RUN1",0.875,"Sinelobusvanhaareni",0.995,"sinelobus_vanhaareni",40
"MARS","PA3","RUN1",0.875,"Sinelobusvanhaareni",0.938,"sinelobus_vanhaareni",40
"GAM","PA3","RUN1",0.625,"Sinelobusvanhaareni",0.93,"sinelobus_vanhaareni",40
"XGBOOST","PA3","RUN1",0.625,"Sinelobusvanhaareni",0.901,"sinelobus_vanhaareni",40
"RF","PA3","RUN2",0.708,"Sinelobusvanhaareni",0.984,"sinelobus_vanhaareni",40
"MAXNET","PA3","RUN2",0.875,"Sinelobusvanhaareni",0.971,"sinelobus_vanhaareni",40
"MARS","PA3","RUN2",0.625,"Sinelobusvanhaareni",0.927,"sinelobus_vanhaareni",40
"GAM","PA3","RUN2",0.75,"Sinelobusvanhaareni",0.932,"sinelobus_vanhaareni",40
"XGBOOST","PA3","RUN2",0.75,"Sinelobusvanhaareni",0.938,"sinelobus_vanhaareni",40
"RF","PA3","RUN3",0.5,"Sinelobusvanhaareni",0.917,"sinelobus_vanhaareni",40
"MAXNET","PA3","RUN3",0.75,"Sinelobusvanhaareni",0.896,"sinelobus_vanhaareni",40
"MARS","PA3","RUN3",0.583,"Sinelobusvanhaareni",0.786,"sinelobus_vanhaareni",40
"GAM","PA3","RUN3",0.208,"Sinelobusvanhaareni",0.586,"sinelobus_vanhaareni",40
"XGBOOST","PA3","RUN3",0.583,"Sinelobusvanhaareni",0.807,"sinelobus_vanhaareni",40
"RF","PA3","RUN4",0.958,"Sinelobusvanhaareni",0.979,"sinelobus_vanhaareni",40
"MAXNET","PA3","RUN4",0.875,"Sinelobusvanhaareni",0.99,"sinelobus_vanhaareni",40
"MARS","PA3","RUN4",0.875,"Sinelobusvanhaareni",0.948,"sinelobus_vanhaareni",40
"GAM","PA3","RUN4",0.792,"Sinelobusvanhaareni",0.94,"sinelobus_vanhaareni",40
"XGBOOST","PA3","RUN4",0.667,"Sinelobusvanhaareni",0.857,"sinelobus_vanhaareni",40
"RF","PA3","RUN5",0.583,"Sinelobusvanhaareni",0.943,"sinelobus_vanhaareni",40
"MAXNET","PA3","RUN5",0.708,"Sinelobusvanhaareni",0.932,"sinelobus_vanhaareni",40
"MARS","PA3","RUN5",0.583,"Sinelobusvanhaareni",0.792,"sinelobus_vanhaareni",40
"GAM","PA3","RUN5",0.5,"Sinelobusvanhaareni",0.805,"sinelobus_vanhaareni",40
"XGBOOST","PA3","RUN5",0.708,"Sinelobusvanhaareni",0.945,"sinelobus_vanhaareni",40
"RF","PA3","allRun",NA,"Sinelobusvanhaareni",NA,"sinelobus_vanhaareni",40
"MAXNET","PA3","allRun",NA,"Sinelobusvanhaareni",NA,"sinelobus_vanhaareni",40
"MARS","PA3","allRun",NA,"Sinelobusvanhaareni",NA,"sinelobus_vanhaareni",40
"GAM","PA3","allRun",NA,"Sinelobusvanhaareni",NA,"sinelobus_vanhaareni",40
"XGBOOST","PA3","allRun",NA,"Sinelobusvanhaareni",NA,"sinelobus_vanhaareni",40
"RF","allData","allRun",NA,"Sinelobusvanhaareni",NA,"sinelobus_vanhaareni",40
"MAXNET","allData","allRun",NA,"Sinelobusvanhaareni",NA,"sinelobus_vanhaareni",40
"MARS","allData","allRun",NA,"Sinelobusvanhaareni",NA,"sinelobus_vanhaareni",40
"GAM","allData","allRun",NA,"Sinelobusvanhaareni",NA,"sinelobus_vanhaareni",40
"XGBOOST","allData","allRun",NA,"Sinelobusvanhaareni",NA,"sinelobus_vanhaareni",40
"RF","PA1","RUN1",0.613,"Streblospiobenedicti",0.925,"streblospio_benedicti",94
"MAXNET","PA1","RUN1",0.805,"Streblospiobenedicti",0.939,"streblospio_benedicti",94
"MARS","PA1","RUN1",0.717,"Streblospiobenedicti",0.859,"streblospio_benedicti",94
"GAM","PA1","RUN1",0.664,"Streblospiobenedicti",0.916,"streblospio_benedicti",94
"XGBOOST","PA1","RUN1",0.682,"Streblospiobenedicti",0.928,"streblospio_benedicti",94
"RF","PA1","RUN2",0.684,"Streblospiobenedicti",0.92,"streblospio_benedicti",94
"MAXNET","PA1","RUN2",0.684,"Streblospiobenedicti",0.923,"streblospio_benedicti",94
"MARS","PA1","RUN2",0.754,"Streblospiobenedicti",0.928,"streblospio_benedicti",94
"GAM","PA1","RUN2",0.719,"Streblospiobenedicti",0.883,"streblospio_benedicti",94
"XGBOOST","PA1","RUN2",0.719,"Streblospiobenedicti",0.913,"streblospio_benedicti",94
"RF","PA1","RUN3",0.744,"Streblospiobenedicti",0.927,"streblospio_benedicti",94
"MAXNET","PA1","RUN3",0.728,"Streblospiobenedicti",0.935,"streblospio_benedicti",94
"MARS","PA1","RUN3",0.766,"Streblospiobenedicti",0.925,"streblospio_benedicti",94
"GAM","PA1","RUN3",0.692,"Streblospiobenedicti",0.854,"streblospio_benedicti",94
"XGBOOST","PA1","RUN3",0.657,"Streblospiobenedicti",0.883,"streblospio_benedicti",94
"RF","PA1","RUN4",0.509,"Streblospiobenedicti",0.885,"streblospio_benedicti",94
"MAXNET","PA1","RUN4",0.596,"Streblospiobenedicti",0.928,"streblospio_benedicti",94
"MARS","PA1","RUN4",0.333,"Streblospiobenedicti",0.763,"streblospio_benedicti",94
"GAM","PA1","RUN4",0.509,"Streblospiobenedicti",0.923,"streblospio_benedicti",94
"XGBOOST","PA1","RUN4",0.561,"Streblospiobenedicti",0.874,"streblospio_benedicti",94
"RF","PA1","RUN5",0.771,"Streblospiobenedicti",0.964,"streblospio_benedicti",94
"MAXNET","PA1","RUN5",0.805,"Streblospiobenedicti",0.967,"streblospio_benedicti",94
"MARS","PA1","RUN5",0.84,"Streblospiobenedicti",0.943,"streblospio_benedicti",94
"GAM","PA1","RUN5",0.753,"Streblospiobenedicti",0.926,"streblospio_benedicti",94
"XGBOOST","PA1","RUN5",0.612,"Streblospiobenedicti",0.919,"streblospio_benedicti",94
"RF","PA1","allRun",NA,"Streblospiobenedicti",NA,"streblospio_benedicti",94
"MAXNET","PA1","allRun",NA,"Streblospiobenedicti",NA,"streblospio_benedicti",94
"MARS","PA1","allRun",NA,"Streblospiobenedicti",NA,"streblospio_benedicti",94
"GAM","PA1","allRun",NA,"Streblospiobenedicti",NA,"streblospio_benedicti",94
"XGBOOST","PA1","allRun",NA,"Streblospiobenedicti",NA,"streblospio_benedicti",94
"RF","PA2","RUN1",0.437,"Streblospiobenedicti",0.886,"streblospio_benedicti",94
"MAXNET","PA2","RUN1",0.558,"Streblospiobenedicti",0.893,"streblospio_benedicti",94
"MARS","PA2","RUN1",0.49,"Streblospiobenedicti",0.835,"streblospio_benedicti",94
"GAM","PA2","RUN1",0.558,"Streblospiobenedicti",0.879,"streblospio_benedicti",94
"XGBOOST","PA2","RUN1",0.419,"Streblospiobenedicti",0.832,"streblospio_benedicti",94
"RF","PA2","RUN2",0.667,"Streblospiobenedicti",0.94,"streblospio_benedicti",94
"MAXNET","PA2","RUN2",0.842,"Streblospiobenedicti",0.952,"streblospio_benedicti",94
"MARS","PA2","RUN2",0.719,"Streblospiobenedicti",0.954,"streblospio_benedicti",94
"GAM","PA2","RUN2",0.684,"Streblospiobenedicti",0.884,"streblospio_benedicti",94
"XGBOOST","PA2","RUN2",0.684,"Streblospiobenedicti",0.931,"streblospio_benedicti",94
"RF","PA2","RUN3",0.78,"Streblospiobenedicti",0.968,"streblospio_benedicti",94
"MAXNET","PA2","RUN3",0.875,"Streblospiobenedicti",0.972,"streblospio_benedicti",94
"MARS","PA2","RUN3",0.857,"Streblospiobenedicti",0.98,"streblospio_benedicti",94
"GAM","PA2","RUN3",0.819,"Streblospiobenedicti",0.952,"streblospio_benedicti",94
"XGBOOST","PA2","RUN3",0.744,"Streblospiobenedicti",0.945,"streblospio_benedicti",94
"RF","PA2","RUN4",0.456,"Streblospiobenedicti",0.869,"streblospio_benedicti",94
"MAXNET","PA2","RUN4",0.614,"Streblospiobenedicti",0.904,"streblospio_benedicti",94
"MARS","PA2","RUN4",0.649,"Streblospiobenedicti",0.912,"streblospio_benedicti",94
"GAM","PA2","RUN4",0.526,"Streblospiobenedicti",0.866,"streblospio_benedicti",94
"XGBOOST","PA2","RUN4",0.649,"Streblospiobenedicti",0.886,"streblospio_benedicti",94
"RF","PA2","RUN5",0.753,"Streblospiobenedicti",0.968,"streblospio_benedicti",94
"MAXNET","PA2","RUN5",0.787,"Streblospiobenedicti",0.946,"streblospio_benedicti",94
"MARS","PA2","RUN5",0.751,"Streblospiobenedicti",0.929,"streblospio_benedicti",94
"GAM","PA2","RUN5",0.715,"Streblospiobenedicti",0.895,"streblospio_benedicti",94
"XGBOOST","PA2","RUN5",0.715,"Streblospiobenedicti",0.914,"streblospio_benedicti",94
"RF","PA2","allRun",NA,"Streblospiobenedicti",NA,"streblospio_benedicti",94
"MAXNET","PA2","allRun",NA,"Streblospiobenedicti",NA,"streblospio_benedicti",94
"MARS","PA2","allRun",NA,"Streblospiobenedicti",NA,"streblospio_benedicti",94
"GAM","PA2","allRun",NA,"Streblospiobenedicti",NA,"streblospio_benedicti",94
"XGBOOST","PA2","allRun",NA,"Streblospiobenedicti",NA,"streblospio_benedicti",94
"RF","PA3","RUN1",0.664,"Streblospiobenedicti",0.914,"streblospio_benedicti",94
"MAXNET","PA3","RUN1",0.735,"Streblospiobenedicti",0.927,"streblospio_benedicti",94
"MARS","PA3","RUN1",0.699,"Streblospiobenedicti",0.915,"streblospio_benedicti",94
"GAM","PA3","RUN1",0.734,"Streblospiobenedicti",0.938,"streblospio_benedicti",94
"XGBOOST","PA3","RUN1",0.717,"Streblospiobenedicti",0.907,"streblospio_benedicti",94
"RF","PA3","RUN2",0.702,"Streblospiobenedicti",0.915,"streblospio_benedicti",94
"MAXNET","PA3","RUN2",0.772,"Streblospiobenedicti",0.956,"streblospio_benedicti",94
"MARS","PA3","RUN2",0.684,"Streblospiobenedicti",0.9,"streblospio_benedicti",94
"GAM","PA3","RUN2",0.754,"Streblospiobenedicti",0.929,"streblospio_benedicti",94
"XGBOOST","PA3","RUN2",0.684,"Streblospiobenedicti",0.917,"streblospio_benedicti",94
"RF","PA3","RUN3",0.744,"Streblospiobenedicti",0.931,"streblospio_benedicti",94
"MAXNET","PA3","RUN3",0.746,"Streblospiobenedicti",0.903,"streblospio_benedicti",94
"MARS","PA3","RUN3",0.637,"Streblospiobenedicti",0.873,"streblospio_benedicti",94
"GAM","PA3","RUN3",0.506,"Streblospiobenedicti",0.881,"streblospio_benedicti",94
"XGBOOST","PA3","RUN3",0.619,"Streblospiobenedicti",0.891,"streblospio_benedicti",94
"RF","PA3","RUN4",0.667,"Streblospiobenedicti",0.901,"streblospio_benedicti",94
"MAXNET","PA3","RUN4",0.737,"Streblospiobenedicti",0.939,"streblospio_benedicti",94
"MARS","PA3","RUN4",0.544,"Streblospiobenedicti",0.876,"streblospio_benedicti",94
"GAM","PA3","RUN4",0.614,"Streblospiobenedicti",0.912,"streblospio_benedicti",94
"XGBOOST","PA3","RUN4",0.649,"Streblospiobenedicti",0.837,"streblospio_benedicti",94
"RF","PA3","RUN5",0.665,"Streblospiobenedicti",0.907,"streblospio_benedicti",94
"MAXNET","PA3","RUN5",0.612,"Streblospiobenedicti",0.928,"streblospio_benedicti",94
"MARS","PA3","RUN5",0.611,"Streblospiobenedicti",0.865,"streblospio_benedicti",94
"GAM","PA3","RUN5",0.752,"Streblospiobenedicti",0.923,"streblospio_benedicti",94
"XGBOOST","PA3","RUN5",0.611,"Streblospiobenedicti",0.876,"streblospio_benedicti",94
"RF","PA3","allRun",NA,"Streblospiobenedicti",NA,"streblospio_benedicti",94
"MAXNET","PA3","allRun",NA,"Streblospiobenedicti",NA,"streblospio_benedicti",94
"MARS","PA3","allRun",NA,"Streblospiobenedicti",NA,"streblospio_benedicti",94
"GAM","PA3","allRun",NA,"Streblospiobenedicti",NA,"streblospio_benedicti",94
"XGBOOST","PA3","allRun",NA,"Streblospiobenedicti",NA,"streblospio_benedicti",94
"RF","allData","allRun",NA,"Streblospiobenedicti",NA,"streblospio_benedicti",94
"MAXNET","allData","allRun",NA,"Streblospiobenedicti",NA,"streblospio_benedicti",94
"MARS","allData","allRun",NA,"Streblospiobenedicti",NA,"streblospio_benedicti",94
"GAM","allData","allRun",NA,"Streblospiobenedicti",NA,"streblospio_benedicti",94
"XGBOOST","allData","allRun",NA,"Streblospiobenedicti",NA,"streblospio_benedicti",94
"RF","PA1","RUN1",0.6,"Telmatogetonjaponicus",0.971,"telmatogeton_japonicus",24
"MAXNET","PA1","RUN1",0.6,"Telmatogetonjaponicus",0.786,"telmatogeton_japonicus",24
"MARS","PA1","RUN1",0.443,"Telmatogetonjaponicus",0.75,"telmatogeton_japonicus",24
"GAM","PA1","RUN1",0.586,"Telmatogetonjaponicus",0.821,"telmatogeton_japonicus",24
"XGBOOST","PA1","RUN1",0.529,"Telmatogetonjaponicus",0.971,"telmatogeton_japonicus",24
"RF","PA1","RUN2",0.733,"Telmatogetonjaponicus",0.913,"telmatogeton_japonicus",24
"MAXNET","PA1","RUN2",0.667,"Telmatogetonjaponicus",0.96,"telmatogeton_japonicus",24
"MARS","PA1","RUN2",0.533,"Telmatogetonjaponicus",0.767,"telmatogeton_japonicus",24
"GAM","PA1","RUN2",0.8,"Telmatogetonjaponicus",0.9,"telmatogeton_japonicus",24
"XGBOOST","PA1","RUN2",0.733,"Telmatogetonjaponicus",0.927,"telmatogeton_japonicus",24
"RF","PA1","RUN3",0.607,"Telmatogetonjaponicus",0.857,"telmatogeton_japonicus",24
"MAXNET","PA1","RUN3",0.214,"Telmatogetonjaponicus",0.786,"telmatogeton_japonicus",24
"MARS","PA1","RUN3",0.536,"Telmatogetonjaponicus",0.759,"telmatogeton_japonicus",24
"GAM","PA1","RUN3",0.464,"Telmatogetonjaponicus",0.661,"telmatogeton_japonicus",24
"XGBOOST","PA1","RUN3",0.393,"Telmatogetonjaponicus",0.768,"telmatogeton_japonicus",24
"RF","PA1","RUN4",0.333,"Telmatogetonjaponicus",0.853,"telmatogeton_japonicus",24
"MAXNET","PA1","RUN4",0.6,"Telmatogetonjaponicus",0.787,"telmatogeton_japonicus",24
"MARS","PA1","RUN4",0.4,"Telmatogetonjaponicus",0.8,"telmatogeton_japonicus",24
"GAM","PA1","RUN4",0.6,"Telmatogetonjaponicus",0.793,"telmatogeton_japonicus",24
"XGBOOST","PA1","RUN4",0.267,"Telmatogetonjaponicus",0.807,"telmatogeton_japonicus",24
"RF","PA1","RUN5",0.529,"Telmatogetonjaponicus",0.943,"telmatogeton_japonicus",24
"MAXNET","PA1","RUN5",0.529,"Telmatogetonjaponicus",0.786,"telmatogeton_japonicus",24
"MARS","PA1","RUN5",0.529,"Telmatogetonjaponicus",0.75,"telmatogeton_japonicus",24
"GAM","PA1","RUN5",0.186,"Telmatogetonjaponicus",0.593,"telmatogeton_japonicus",24
"XGBOOST","PA1","RUN5",0.729,"Telmatogetonjaponicus",0.857,"telmatogeton_japonicus",24
"RF","PA1","allRun",NA,"Telmatogetonjaponicus",NA,"telmatogeton_japonicus",24
"MAXNET","PA1","allRun",NA,"Telmatogetonjaponicus",NA,"telmatogeton_japonicus",24
"MARS","PA1","allRun",NA,"Telmatogetonjaponicus",NA,"telmatogeton_japonicus",24
"GAM","PA1","allRun",NA,"Telmatogetonjaponicus",NA,"telmatogeton_japonicus",24
"XGBOOST","PA1","allRun",NA,"Telmatogetonjaponicus",NA,"telmatogeton_japonicus",24
"RF","PA2","RUN1",0.386,"Telmatogetonjaponicus",0.871,"telmatogeton_japonicus",24
"MAXNET","PA2","RUN1",0.657,"Telmatogetonjaponicus",0.871,"telmatogeton_japonicus",24
"MARS","PA2","RUN1",0.586,"Telmatogetonjaponicus",0.807,"telmatogeton_japonicus",24
"GAM","PA2","RUN1",0.314,"Telmatogetonjaponicus",0.729,"telmatogeton_japonicus",24
"XGBOOST","PA2","RUN1",0.729,"Telmatogetonjaponicus",0.9,"telmatogeton_japonicus",24
"RF","PA2","RUN2",0.467,"Telmatogetonjaponicus",0.787,"telmatogeton_japonicus",24
"MAXNET","PA2","RUN2",0.6,"Telmatogetonjaponicus",0.88,"telmatogeton_japonicus",24
"MARS","PA2","RUN2",0.333,"Telmatogetonjaponicus",0.76,"telmatogeton_japonicus",24
"GAM","PA2","RUN2",0.333,"Telmatogetonjaponicus",0.573,"telmatogeton_japonicus",24
"XGBOOST","PA2","RUN2",0.467,"Telmatogetonjaponicus",0.853,"telmatogeton_japonicus",24
"RF","PA2","RUN3",0.357,"Telmatogetonjaponicus",0.768,"telmatogeton_japonicus",24
"MAXNET","PA2","RUN3",0.464,"Telmatogetonjaponicus",0.589,"telmatogeton_japonicus",24
"MARS","PA2","RUN3",0.464,"Telmatogetonjaponicus",0.679,"telmatogeton_japonicus",24
"GAM","PA2","RUN3",-0.286,"Telmatogetonjaponicus",0.286,"telmatogeton_japonicus",24
"XGBOOST","PA2","RUN3",0.036,"Telmatogetonjaponicus",0.821,"telmatogeton_japonicus",24
"RF","PA2","RUN4",0.6,"Telmatogetonjaponicus",0.893,"telmatogeton_japonicus",24
"MAXNET","PA2","RUN4",0.8,"Telmatogetonjaponicus",0.907,"telmatogeton_japonicus",24
"MARS","PA2","RUN4",0.533,"Telmatogetonjaponicus",0.853,"telmatogeton_japonicus",24
"GAM","PA2","RUN4",0.8,"Telmatogetonjaponicus",0.92,"telmatogeton_japonicus",24
"XGBOOST","PA2","RUN4",0.733,"Telmatogetonjaponicus",0.953,"telmatogeton_japonicus",24
"RF","PA2","RUN5",0.529,"Telmatogetonjaponicus",0.857,"telmatogeton_japonicus",24
"MAXNET","PA2","RUN5",-0.086,"Telmatogetonjaponicus",0.586,"telmatogeton_japonicus",24
"MARS","PA2","RUN5",0.386,"Telmatogetonjaponicus",0.629,"telmatogeton_japonicus",24
"GAM","PA2","RUN5",0.457,"Telmatogetonjaponicus",0.736,"telmatogeton_japonicus",24
"XGBOOST","PA2","RUN5",0.457,"Telmatogetonjaponicus",0.757,"telmatogeton_japonicus",24
"RF","PA2","allRun",NA,"Telmatogetonjaponicus",NA,"telmatogeton_japonicus",24
"MAXNET","PA2","allRun",NA,"Telmatogetonjaponicus",NA,"telmatogeton_japonicus",24
"MARS","PA2","allRun",NA,"Telmatogetonjaponicus",NA,"telmatogeton_japonicus",24
"GAM","PA2","allRun",NA,"Telmatogetonjaponicus",NA,"telmatogeton_japonicus",24
"XGBOOST","PA2","allRun",NA,"Telmatogetonjaponicus",NA,"telmatogeton_japonicus",24
"RF","PA3","RUN1",0.2,"Telmatogetonjaponicus",0.829,"telmatogeton_japonicus",24
"MAXNET","PA3","RUN1",0.243,"Telmatogetonjaponicus",0.564,"telmatogeton_japonicus",24
"MARS","PA3","RUN1",0.057,"Telmatogetonjaponicus",0.479,"telmatogeton_japonicus",24
"GAM","PA3","RUN1",-0.3,"Telmatogetonjaponicus",0.336,"telmatogeton_japonicus",24
"XGBOOST","PA3","RUN1",0.186,"Telmatogetonjaponicus",0.814,"telmatogeton_japonicus",24
"RF","PA3","RUN2",0.667,"Telmatogetonjaponicus",0.907,"telmatogeton_japonicus",24
"MAXNET","PA3","RUN2",0.733,"Telmatogetonjaponicus",0.84,"telmatogeton_japonicus",24
"MARS","PA3","RUN2",0.533,"Telmatogetonjaponicus",0.767,"telmatogeton_japonicus",24
"GAM","PA3","RUN2",0.867,"Telmatogetonjaponicus",0.933,"telmatogeton_japonicus",24
"XGBOOST","PA3","RUN2",0.6,"Telmatogetonjaponicus",0.84,"telmatogeton_japonicus",24
"RF","PA3","RUN3",-0.107,"Telmatogetonjaponicus",0.625,"telmatogeton_japonicus",24
"MAXNET","PA3","RUN3",0.286,"Telmatogetonjaponicus",0.562,"telmatogeton_japonicus",24
"MARS","PA3","RUN3",0.214,"Telmatogetonjaponicus",0.732,"telmatogeton_japonicus",24
"GAM","PA3","RUN3",0.286,"Telmatogetonjaponicus",0.643,"telmatogeton_japonicus",24
"XGBOOST","PA3","RUN3",0.143,"Telmatogetonjaponicus",0.554,"telmatogeton_japonicus",24
"RF","PA3","RUN4",0.6,"Telmatogetonjaponicus",0.947,"telmatogeton_japonicus",24
"MAXNET","PA3","RUN4",0.333,"Telmatogetonjaponicus",0.787,"telmatogeton_japonicus",24
"MARS","PA3","RUN4",0.067,"Telmatogetonjaponicus",0.627,"telmatogeton_japonicus",24
"GAM","PA3","RUN4",0.333,"Telmatogetonjaponicus",0.76,"telmatogeton_japonicus",24
"XGBOOST","PA3","RUN4",0.333,"Telmatogetonjaponicus",0.9,"telmatogeton_japonicus",24
"RF","PA3","RUN5",1,"Telmatogetonjaponicus",1,"telmatogeton_japonicus",24
"MAXNET","PA3","RUN5",0.786,"Telmatogetonjaponicus",0.886,"telmatogeton_japonicus",24
"MARS","PA3","RUN5",0.929,"Telmatogetonjaponicus",0.964,"telmatogeton_japonicus",24
"GAM","PA3","RUN5",0.714,"Telmatogetonjaponicus",0.943,"telmatogeton_japonicus",24
"XGBOOST","PA3","RUN5",0.643,"Telmatogetonjaponicus",0.871,"telmatogeton_japonicus",24
"RF","PA3","allRun",NA,"Telmatogetonjaponicus",NA,"telmatogeton_japonicus",24
"MAXNET","PA3","allRun",NA,"Telmatogetonjaponicus",NA,"telmatogeton_japonicus",24
"MARS","PA3","allRun",NA,"Telmatogetonjaponicus",NA,"telmatogeton_japonicus",24
"GAM","PA3","allRun",NA,"Telmatogetonjaponicus",NA,"telmatogeton_japonicus",24
"XGBOOST","PA3","allRun",NA,"Telmatogetonjaponicus",NA,"telmatogeton_japonicus",24
"RF","allData","allRun",NA,"Telmatogetonjaponicus",NA,"telmatogeton_japonicus",24
"MAXNET","allData","allRun",NA,"Telmatogetonjaponicus",NA,"telmatogeton_japonicus",24
"MARS","allData","allRun",NA,"Telmatogetonjaponicus",NA,"telmatogeton_japonicus",24
"GAM","allData","allRun",NA,"Telmatogetonjaponicus",NA,"telmatogeton_japonicus",24
"XGBOOST","allData","allRun",NA,"Telmatogetonjaponicus",NA,"telmatogeton_japonicus",24
"RF","PA1","RUN1",0.562,"Thalassiosirapunctigera",0.859,"thalassiosira_punctigera",158
"MAXNET","PA1","RUN1",0.55,"Thalassiosirapunctigera",0.848,"thalassiosira_punctigera",158
"MARS","PA1","RUN1",0.487,"Thalassiosirapunctigera",0.805,"thalassiosira_punctigera",158
"GAM","PA1","RUN1",0.519,"Thalassiosirapunctigera",0.812,"thalassiosira_punctigera",158
"XGBOOST","PA1","RUN1",0.457,"Thalassiosirapunctigera",0.831,"thalassiosira_punctigera",158
"RF","PA1","RUN2",0.647,"Thalassiosirapunctigera",0.921,"thalassiosira_punctigera",158
"MAXNET","PA1","RUN2",0.703,"Thalassiosirapunctigera",0.931,"thalassiosira_punctigera",158
"MARS","PA1","RUN2",0.724,"Thalassiosirapunctigera",0.902,"thalassiosira_punctigera",158
"GAM","PA1","RUN2",0.734,"Thalassiosirapunctigera",0.94,"thalassiosira_punctigera",158
"XGBOOST","PA1","RUN2",0.606,"Thalassiosirapunctigera",0.873,"thalassiosira_punctigera",158
"RF","PA1","RUN3",0.466,"Thalassiosirapunctigera",0.869,"thalassiosira_punctigera",158
"MAXNET","PA1","RUN3",0.59,"Thalassiosirapunctigera",0.877,"thalassiosira_punctigera",158
"MARS","PA1","RUN3",0.537,"Thalassiosirapunctigera",0.853,"thalassiosira_punctigera",158
"GAM","PA1","RUN3",0.434,"Thalassiosirapunctigera",0.827,"thalassiosira_punctigera",158
"XGBOOST","PA1","RUN3",0.484,"Thalassiosirapunctigera",0.838,"thalassiosira_punctigera",158
"RF","PA1","RUN4",0.701,"Thalassiosirapunctigera",0.936,"thalassiosira_punctigera",158
"MAXNET","PA1","RUN4",0.648,"Thalassiosirapunctigera",0.921,"thalassiosira_punctigera",158
"MARS","PA1","RUN4",0.637,"Thalassiosirapunctigera",0.916,"thalassiosira_punctigera",158
"GAM","PA1","RUN4",0.712,"Thalassiosirapunctigera",0.91,"thalassiosira_punctigera",158
"XGBOOST","PA1","RUN4",0.616,"Thalassiosirapunctigera",0.885,"thalassiosira_punctigera",158
"RF","PA1","RUN5",0.635,"Thalassiosirapunctigera",0.914,"thalassiosira_punctigera",158
"MAXNET","PA1","RUN5",0.624,"Thalassiosirapunctigera",0.902,"thalassiosira_punctigera",158
"MARS","PA1","RUN5",0.664,"Thalassiosirapunctigera",0.902,"thalassiosira_punctigera",158
"GAM","PA1","RUN5",0.707,"Thalassiosirapunctigera",0.89,"thalassiosira_punctigera",158
"XGBOOST","PA1","RUN5",0.498,"Thalassiosirapunctigera",0.863,"thalassiosira_punctigera",158
"RF","PA1","allRun",NA,"Thalassiosirapunctigera",NA,"thalassiosira_punctigera",158
"MAXNET","PA1","allRun",NA,"Thalassiosirapunctigera",NA,"thalassiosira_punctigera",158
"MARS","PA1","allRun",NA,"Thalassiosirapunctigera",NA,"thalassiosira_punctigera",158
"GAM","PA1","allRun",NA,"Thalassiosirapunctigera",NA,"thalassiosira_punctigera",158
"XGBOOST","PA1","allRun",NA,"Thalassiosirapunctigera",NA,"thalassiosira_punctigera",158
"RF","PA2","RUN1",0.718,"Thalassiosirapunctigera",0.92,"thalassiosira_punctigera",158
"MAXNET","PA2","RUN1",0.602,"Thalassiosirapunctigera",0.912,"thalassiosira_punctigera",158
"MARS","PA2","RUN1",0.664,"Thalassiosirapunctigera",0.914,"thalassiosira_punctigera",158
"GAM","PA2","RUN1",0.687,"Thalassiosirapunctigera",0.907,"thalassiosira_punctigera",158
"XGBOOST","PA2","RUN1",0.655,"Thalassiosirapunctigera",0.905,"thalassiosira_punctigera",158
"RF","PA2","RUN2",0.552,"Thalassiosirapunctigera",0.893,"thalassiosira_punctigera",158
"MAXNET","PA2","RUN2",0.543,"Thalassiosirapunctigera",0.874,"thalassiosira_punctigera",158
"MARS","PA2","RUN2",0.456,"Thalassiosirapunctigera",0.842,"thalassiosira_punctigera",158
"GAM","PA2","RUN2",0.511,"Thalassiosirapunctigera",0.848,"thalassiosira_punctigera",158
"XGBOOST","PA2","RUN2",0.509,"Thalassiosirapunctigera",0.861,"thalassiosira_punctigera",158
"RF","PA2","RUN3",0.571,"Thalassiosirapunctigera",0.882,"thalassiosira_punctigera",158
"MAXNET","PA2","RUN3",0.577,"Thalassiosirapunctigera",0.892,"thalassiosira_punctigera",158
"MARS","PA2","RUN3",0.578,"Thalassiosirapunctigera",0.86,"thalassiosira_punctigera",158
"GAM","PA2","RUN3",0.566,"Thalassiosirapunctigera",0.868,"thalassiosira_punctigera",158
"XGBOOST","PA2","RUN3",0.653,"Thalassiosirapunctigera",0.875,"thalassiosira_punctigera",158
"RF","PA2","RUN4",0.635,"Thalassiosirapunctigera",0.91,"thalassiosira_punctigera",158
"MAXNET","PA2","RUN4",0.522,"Thalassiosirapunctigera",0.876,"thalassiosira_punctigera",158
"MARS","PA2","RUN4",0.532,"Thalassiosirapunctigera",0.847,"thalassiosira_punctigera",158
"GAM","PA2","RUN4",0.616,"Thalassiosirapunctigera",0.846,"thalassiosira_punctigera",158
"XGBOOST","PA2","RUN4",0.584,"Thalassiosirapunctigera",0.879,"thalassiosira_punctigera",158
"RF","PA2","RUN5",0.592,"Thalassiosirapunctigera",0.905,"thalassiosira_punctigera",158
"MAXNET","PA2","RUN5",0.623,"Thalassiosirapunctigera",0.915,"thalassiosira_punctigera",158
"MARS","PA2","RUN5",0.55,"Thalassiosirapunctigera",0.856,"thalassiosira_punctigera",158
"GAM","PA2","RUN5",0.539,"Thalassiosirapunctigera",0.894,"thalassiosira_punctigera",158
"XGBOOST","PA2","RUN5",0.643,"Thalassiosirapunctigera",0.893,"thalassiosira_punctigera",158
"RF","PA2","allRun",NA,"Thalassiosirapunctigera",NA,"thalassiosira_punctigera",158
"MAXNET","PA2","allRun",NA,"Thalassiosirapunctigera",NA,"thalassiosira_punctigera",158
"MARS","PA2","allRun",NA,"Thalassiosirapunctigera",NA,"thalassiosira_punctigera",158
"GAM","PA2","allRun",NA,"Thalassiosirapunctigera",NA,"thalassiosira_punctigera",158
"XGBOOST","PA2","allRun",NA,"Thalassiosirapunctigera",NA,"thalassiosira_punctigera",158
"RF","PA3","RUN1",0.572,"Thalassiosirapunctigera",0.904,"thalassiosira_punctigera",158
"MAXNET","PA3","RUN1",0.539,"Thalassiosirapunctigera",0.878,"thalassiosira_punctigera",158
"MARS","PA3","RUN1",0.519,"Thalassiosirapunctigera",0.82,"thalassiosira_punctigera",158
"GAM","PA3","RUN1",0.519,"Thalassiosirapunctigera",0.844,"thalassiosira_punctigera",158
"XGBOOST","PA3","RUN1",0.581,"Thalassiosirapunctigera",0.876,"thalassiosira_punctigera",158
"RF","PA3","RUN2",0.583,"Thalassiosirapunctigera",0.884,"thalassiosira_punctigera",158
"MAXNET","PA3","RUN2",0.66,"Thalassiosirapunctigera",0.887,"thalassiosira_punctigera",158
"MARS","PA3","RUN2",0.681,"Thalassiosirapunctigera",0.846,"thalassiosira_punctigera",158
"GAM","PA3","RUN2",0.66,"Thalassiosirapunctigera",0.881,"thalassiosira_punctigera",158
"XGBOOST","PA3","RUN2",0.52,"Thalassiosirapunctigera",0.869,"thalassiosira_punctigera",158
"RF","PA3","RUN3",0.696,"Thalassiosirapunctigera",0.933,"thalassiosira_punctigera",158
"MAXNET","PA3","RUN3",0.642,"Thalassiosirapunctigera",0.906,"thalassiosira_punctigera",158
"MARS","PA3","RUN3",0.588,"Thalassiosirapunctigera",0.913,"thalassiosira_punctigera",158
"GAM","PA3","RUN3",0.611,"Thalassiosirapunctigera",0.861,"thalassiosira_punctigera",158
"XGBOOST","PA3","RUN3",0.559,"Thalassiosirapunctigera",0.875,"thalassiosira_punctigera",158
"RF","PA3","RUN4",0.615,"Thalassiosirapunctigera",0.9,"thalassiosira_punctigera",158
"MAXNET","PA3","RUN4",0.574,"Thalassiosirapunctigera",0.887,"thalassiosira_punctigera",158
"MARS","PA3","RUN4",0.65,"Thalassiosirapunctigera",0.868,"thalassiosira_punctigera",158
"GAM","PA3","RUN4",0.553,"Thalassiosirapunctigera",0.834,"thalassiosira_punctigera",158
"XGBOOST","PA3","RUN4",0.639,"Thalassiosirapunctigera",0.858,"thalassiosira_punctigera",158
"RF","PA3","RUN5",0.687,"Thalassiosirapunctigera",0.929,"thalassiosira_punctigera",158
"MAXNET","PA3","RUN5",0.654,"Thalassiosirapunctigera",0.916,"thalassiosira_punctigera",158
"MARS","PA3","RUN5",0.601,"Thalassiosirapunctigera",0.881,"thalassiosira_punctigera",158
"GAM","PA3","RUN5",0.664,"Thalassiosirapunctigera",0.912,"thalassiosira_punctigera",158
"XGBOOST","PA3","RUN5",0.623,"Thalassiosirapunctigera",0.889,"thalassiosira_punctigera",158
"RF","PA3","allRun",NA,"Thalassiosirapunctigera",NA,"thalassiosira_punctigera",158
"MAXNET","PA3","allRun",NA,"Thalassiosirapunctigera",NA,"thalassiosira_punctigera",158
"MARS","PA3","allRun",NA,"Thalassiosirapunctigera",NA,"thalassiosira_punctigera",158
"GAM","PA3","allRun",NA,"Thalassiosirapunctigera",NA,"thalassiosira_punctigera",158
"XGBOOST","PA3","allRun",NA,"Thalassiosirapunctigera",NA,"thalassiosira_punctigera",158
"RF","allData","allRun",NA,"Thalassiosirapunctigera",NA,"thalassiosira_punctigera",158
"MAXNET","allData","allRun",NA,"Thalassiosirapunctigera",NA,"thalassiosira_punctigera",158
"MARS","allData","allRun",NA,"Thalassiosirapunctigera",NA,"thalassiosira_punctigera",158
"GAM","allData","allRun",NA,"Thalassiosirapunctigera",NA,"thalassiosira_punctigera",158
"XGBOOST","allData","allRun",NA,"Thalassiosirapunctigera",NA,"thalassiosira_punctigera",158
"RF","PA1","RUN1",0.482,"Tharyxsetigera",0.823,"tharyx_setigera",64
"MAXNET","PA1","RUN1",0.585,"Tharyxsetigera",0.824,"tharyx_setigera",64
"MARS","PA1","RUN1",0.478,"Tharyxsetigera",0.774,"tharyx_setigera",64
"GAM","PA1","RUN1",0.555,"Tharyxsetigera",0.813,"tharyx_setigera",64
"XGBOOST","PA1","RUN1",0.401,"Tharyxsetigera",0.735,"tharyx_setigera",64
"RF","PA1","RUN2",0.205,"Tharyxsetigera",0.786,"tharyx_setigera",64
"MAXNET","PA1","RUN2",0.154,"Tharyxsetigera",0.807,"tharyx_setigera",64
"MARS","PA1","RUN2",0.231,"Tharyxsetigera",0.702,"tharyx_setigera",64
"GAM","PA1","RUN2",0.179,"Tharyxsetigera",0.716,"tharyx_setigera",64
"XGBOOST","PA1","RUN2",0.41,"Tharyxsetigera",0.78,"tharyx_setigera",64
"RF","PA1","RUN3",0.43,"Tharyxsetigera",0.786,"tharyx_setigera",64
"MAXNET","PA1","RUN3",0.246,"Tharyxsetigera",0.769,"tharyx_setigera",64
"MARS","PA1","RUN3",0.465,"Tharyxsetigera",0.785,"tharyx_setigera",64
"GAM","PA1","RUN3",0.553,"Tharyxsetigera",0.802,"tharyx_setigera",64
"XGBOOST","PA1","RUN3",0.219,"Tharyxsetigera",0.718,"tharyx_setigera",64
"RF","PA1","RUN4",0.59,"Tharyxsetigera",0.879,"tharyx_setigera",64
"MAXNET","PA1","RUN4",0.564,"Tharyxsetigera",0.844,"tharyx_setigera",64
"MARS","PA1","RUN4",0.436,"Tharyxsetigera",0.818,"tharyx_setigera",64
"GAM","PA1","RUN4",0.462,"Tharyxsetigera",0.793,"tharyx_setigera",64
"XGBOOST","PA1","RUN4",0.462,"Tharyxsetigera",0.806,"tharyx_setigera",64
"RF","PA1","RUN5",0.381,"Tharyxsetigera",0.84,"tharyx_setigera",64
"MAXNET","PA1","RUN5",0.2,"Tharyxsetigera",0.84,"tharyx_setigera",64
"MARS","PA1","RUN5",0.3,"Tharyxsetigera",0.74,"tharyx_setigera",64
"GAM","PA1","RUN5",0.247,"Tharyxsetigera",0.698,"tharyx_setigera",64
"XGBOOST","PA1","RUN5",0.559,"Tharyxsetigera",0.826,"tharyx_setigera",64
"RF","PA1","allRun",NA,"Tharyxsetigera",NA,"tharyx_setigera",64
"MAXNET","PA1","allRun",NA,"Tharyxsetigera",NA,"tharyx_setigera",64
"MARS","PA1","allRun",NA,"Tharyxsetigera",NA,"tharyx_setigera",64
"GAM","PA1","allRun",NA,"Tharyxsetigera",NA,"tharyx_setigera",64
"XGBOOST","PA1","allRun",NA,"Tharyxsetigera",NA,"tharyx_setigera",64
"RF","PA2","RUN1",0.484,"Tharyxsetigera",0.891,"tharyx_setigera",64
"MAXNET","PA2","RUN1",0.609,"Tharyxsetigera",0.874,"tharyx_setigera",64
"MARS","PA2","RUN1",0.502,"Tharyxsetigera",0.776,"tharyx_setigera",64
"GAM","PA2","RUN1",0.609,"Tharyxsetigera",0.797,"tharyx_setigera",64
"XGBOOST","PA2","RUN1",0.581,"Tharyxsetigera",0.856,"tharyx_setigera",64
"RF","PA2","RUN2",0.359,"Tharyxsetigera",0.886,"tharyx_setigera",64
"MAXNET","PA2","RUN2",0.359,"Tharyxsetigera",0.826,"tharyx_setigera",64
"MARS","PA2","RUN2",0.538,"Tharyxsetigera",0.864,"tharyx_setigera",64
"GAM","PA2","RUN2",0.59,"Tharyxsetigera",0.878,"tharyx_setigera",64
"XGBOOST","PA2","RUN2",0.333,"Tharyxsetigera",0.718,"tharyx_setigera",64
"RF","PA2","RUN3",0.364,"Tharyxsetigera",0.777,"tharyx_setigera",64
"MAXNET","PA2","RUN3",0.518,"Tharyxsetigera",0.772,"tharyx_setigera",64
"MARS","PA2","RUN3",0.518,"Tharyxsetigera",0.848,"tharyx_setigera",64
"GAM","PA2","RUN3",0.167,"Tharyxsetigera",0.657,"tharyx_setigera",64
"XGBOOST","PA2","RUN3",0.404,"Tharyxsetigera",0.783,"tharyx_setigera",64
"RF","PA2","RUN4",0.487,"Tharyxsetigera",0.782,"tharyx_setigera",64
"MAXNET","PA2","RUN4",0.538,"Tharyxsetigera",0.76,"tharyx_setigera",64
"MARS","PA2","RUN4",0.641,"Tharyxsetigera",0.771,"tharyx_setigera",64
"GAM","PA2","RUN4",0.538,"Tharyxsetigera",0.724,"tharyx_setigera",64
"XGBOOST","PA2","RUN4",0.205,"Tharyxsetigera",0.691,"tharyx_setigera",64
"RF","PA2","RUN5",0.049,"Tharyxsetigera",0.746,"tharyx_setigera",64
"MAXNET","PA2","RUN5",0.374,"Tharyxsetigera",0.699,"tharyx_setigera",64
"MARS","PA2","RUN5",0.302,"Tharyxsetigera",0.687,"tharyx_setigera",64
"GAM","PA2","RUN5",0.374,"Tharyxsetigera",0.697,"tharyx_setigera",64
"XGBOOST","PA2","RUN5",0.198,"Tharyxsetigera",0.696,"tharyx_setigera",64
"RF","PA2","allRun",NA,"Tharyxsetigera",NA,"tharyx_setigera",64
"MAXNET","PA2","allRun",NA,"Tharyxsetigera",NA,"tharyx_setigera",64
"MARS","PA2","allRun",NA,"Tharyxsetigera",NA,"tharyx_setigera",64
"GAM","PA2","allRun",NA,"Tharyxsetigera",NA,"tharyx_setigera",64
"XGBOOST","PA2","allRun",NA,"Tharyxsetigera",NA,"tharyx_setigera",64
"RF","PA3","RUN1",0.306,"Tharyxsetigera",0.802,"tharyx_setigera",64
"MAXNET","PA3","RUN1",0.455,"Tharyxsetigera",0.795,"tharyx_setigera",64
"MARS","PA3","RUN1",0.508,"Tharyxsetigera",0.826,"tharyx_setigera",64
"GAM","PA3","RUN1",0.504,"Tharyxsetigera",0.824,"tharyx_setigera",64
"XGBOOST","PA3","RUN1",0.51,"Tharyxsetigera",0.816,"tharyx_setigera",64
"RF","PA3","RUN2",0.641,"Tharyxsetigera",0.877,"tharyx_setigera",64
"MAXNET","PA3","RUN2",0.41,"Tharyxsetigera",0.83,"tharyx_setigera",64
"MARS","PA3","RUN2",0.641,"Tharyxsetigera",0.884,"tharyx_setigera",64
"GAM","PA3","RUN2",0.41,"Tharyxsetigera",0.772,"tharyx_setigera",64
"XGBOOST","PA3","RUN2",0.538,"Tharyxsetigera",0.785,"tharyx_setigera",64
"RF","PA3","RUN3",0.452,"Tharyxsetigera",0.883,"tharyx_setigera",64
"MAXNET","PA3","RUN3",0.627,"Tharyxsetigera",0.825,"tharyx_setigera",64
"MARS","PA3","RUN3",0.434,"Tharyxsetigera",0.752,"tharyx_setigera",64
"GAM","PA3","RUN3",0.491,"Tharyxsetigera",0.721,"tharyx_setigera",64
"XGBOOST","PA3","RUN3",0.404,"Tharyxsetigera",0.803,"tharyx_setigera",64
"RF","PA3","RUN4",0.615,"Tharyxsetigera",0.905,"tharyx_setigera",64
"MAXNET","PA3","RUN4",0.564,"Tharyxsetigera",0.855,"tharyx_setigera",64
"MARS","PA3","RUN4",0.385,"Tharyxsetigera",0.772,"tharyx_setigera",64
"GAM","PA3","RUN4",0.513,"Tharyxsetigera",0.789,"tharyx_setigera",64
"XGBOOST","PA3","RUN4",0.487,"Tharyxsetigera",0.771,"tharyx_setigera",64
"RF","PA3","RUN5",0.33,"Tharyxsetigera",0.767,"tharyx_setigera",64
"MAXNET","PA3","RUN5",0.377,"Tharyxsetigera",0.723,"tharyx_setigera",64
"MARS","PA3","RUN5",0.348,"Tharyxsetigera",0.715,"tharyx_setigera",64
"GAM","PA3","RUN5",0.449,"Tharyxsetigera",0.743,"tharyx_setigera",64
"XGBOOST","PA3","RUN5",0.196,"Tharyxsetigera",0.651,"tharyx_setigera",64
"RF","PA3","allRun",NA,"Tharyxsetigera",NA,"tharyx_setigera",64
"MAXNET","PA3","allRun",NA,"Tharyxsetigera",NA,"tharyx_setigera",64
"MARS","PA3","allRun",NA,"Tharyxsetigera",NA,"tharyx_setigera",64
"GAM","PA3","allRun",NA,"Tharyxsetigera",NA,"tharyx_setigera",64
"XGBOOST","PA3","allRun",NA,"Tharyxsetigera",NA,"tharyx_setigera",64
"RF","allData","allRun",NA,"Tharyxsetigera",NA,"tharyx_setigera",64
"MAXNET","allData","allRun",NA,"Tharyxsetigera",NA,"tharyx_setigera",64
"MARS","allData","allRun",NA,"Tharyxsetigera",NA,"tharyx_setigera",64
"GAM","allData","allRun",NA,"Tharyxsetigera",NA,"tharyx_setigera",64
"XGBOOST","allData","allRun",NA,"Tharyxsetigera",NA,"tharyx_setigera",64
"RF","PA1","RUN1",0.646,"Torquigenerflavimaculosus",0.901,"torquigener_flavimaculosus",67
"MAXNET","PA1","RUN1",0.569,"Torquigenerflavimaculosus",0.919,"torquigener_flavimaculosus",67
"MARS","PA1","RUN1",0.596,"Torquigenerflavimaculosus",0.882,"torquigener_flavimaculosus",67
"GAM","PA1","RUN1",0.569,"Torquigenerflavimaculosus",0.879,"torquigener_flavimaculosus",67
"XGBOOST","PA1","RUN1",0.594,"Torquigenerflavimaculosus",0.885,"torquigener_flavimaculosus",67
"RF","PA1","RUN2",0.589,"Torquigenerflavimaculosus",0.885,"torquigener_flavimaculosus",67
"MAXNET","PA1","RUN2",0.707,"Torquigenerflavimaculosus",0.857,"torquigener_flavimaculosus",67
"MARS","PA1","RUN2",0.732,"Torquigenerflavimaculosus",0.887,"torquigener_flavimaculosus",67
"GAM","PA1","RUN2",0.636,"Torquigenerflavimaculosus",0.847,"torquigener_flavimaculosus",67
"XGBOOST","PA1","RUN2",0.686,"Torquigenerflavimaculosus",0.876,"torquigener_flavimaculosus",67
"RF","PA1","RUN3",0.826,"Torquigenerflavimaculosus",0.937,"torquigener_flavimaculosus",67
"MAXNET","PA1","RUN3",0.704,"Torquigenerflavimaculosus",0.944,"torquigener_flavimaculosus",67
"MARS","PA1","RUN3",0.777,"Torquigenerflavimaculosus",0.886,"torquigener_flavimaculosus",67
"GAM","PA1","RUN3",0.728,"Torquigenerflavimaculosus",0.936,"torquigener_flavimaculosus",67
"XGBOOST","PA1","RUN3",0.85,"Torquigenerflavimaculosus",0.943,"torquigener_flavimaculosus",67
"RF","PA1","RUN4",0.875,"Torquigenerflavimaculosus",0.966,"torquigener_flavimaculosus",67
"MAXNET","PA1","RUN4",0.707,"Torquigenerflavimaculosus",0.909,"torquigener_flavimaculosus",67
"MARS","PA1","RUN4",0.686,"Torquigenerflavimaculosus",0.853,"torquigener_flavimaculosus",67
"GAM","PA1","RUN4",0.632,"Torquigenerflavimaculosus",0.877,"torquigener_flavimaculosus",67
"XGBOOST","PA1","RUN4",0.614,"Torquigenerflavimaculosus",0.834,"torquigener_flavimaculosus",67
"RF","PA1","RUN5",0.617,"Torquigenerflavimaculosus",0.933,"torquigener_flavimaculosus",67
"MAXNET","PA1","RUN5",0.644,"Torquigenerflavimaculosus",0.942,"torquigener_flavimaculosus",67
"MARS","PA1","RUN5",0.54,"Torquigenerflavimaculosus",0.884,"torquigener_flavimaculosus",67
"GAM","PA1","RUN5",0.669,"Torquigenerflavimaculosus",0.927,"torquigener_flavimaculosus",67
"XGBOOST","PA1","RUN5",0.696,"Torquigenerflavimaculosus",0.941,"torquigener_flavimaculosus",67
"RF","PA1","allRun",NA,"Torquigenerflavimaculosus",NA,"torquigener_flavimaculosus",67
"MAXNET","PA1","allRun",NA,"Torquigenerflavimaculosus",NA,"torquigener_flavimaculosus",67
"MARS","PA1","allRun",NA,"Torquigenerflavimaculosus",NA,"torquigener_flavimaculosus",67
"GAM","PA1","allRun",NA,"Torquigenerflavimaculosus",NA,"torquigener_flavimaculosus",67
"XGBOOST","PA1","allRun",NA,"Torquigenerflavimaculosus",NA,"torquigener_flavimaculosus",67
"RF","PA2","RUN1",0.619,"Torquigenerflavimaculosus",0.913,"torquigener_flavimaculosus",67
"MAXNET","PA2","RUN1",0.698,"Torquigenerflavimaculosus",0.935,"torquigener_flavimaculosus",67
"MARS","PA2","RUN1",0.775,"Torquigenerflavimaculosus",0.936,"torquigener_flavimaculosus",67
"GAM","PA2","RUN1",0.673,"Torquigenerflavimaculosus",0.912,"torquigener_flavimaculosus",67
"XGBOOST","PA2","RUN1",0.671,"Torquigenerflavimaculosus",0.929,"torquigener_flavimaculosus",67
"RF","PA2","RUN2",0.857,"Torquigenerflavimaculosus",0.993,"torquigener_flavimaculosus",67
"MAXNET","PA2","RUN2",0.689,"Torquigenerflavimaculosus",0.984,"torquigener_flavimaculosus",67
"MARS","PA2","RUN2",0.925,"Torquigenerflavimaculosus",0.971,"torquigener_flavimaculosus",67
"GAM","PA2","RUN2",0.782,"Torquigenerflavimaculosus",0.963,"torquigener_flavimaculosus",67
"XGBOOST","PA2","RUN2",0.664,"Torquigenerflavimaculosus",0.97,"torquigener_flavimaculosus",67
"RF","PA2","RUN3",0.797,"Torquigenerflavimaculosus",0.922,"torquigener_flavimaculosus",67
"MAXNET","PA2","RUN3",0.749,"Torquigenerflavimaculosus",0.961,"torquigener_flavimaculosus",67
"MARS","PA2","RUN3",0.619,"Torquigenerflavimaculosus",0.927,"torquigener_flavimaculosus",67
"GAM","PA2","RUN3",0.7,"Torquigenerflavimaculosus",0.944,"torquigener_flavimaculosus",67
"XGBOOST","PA2","RUN3",0.696,"Torquigenerflavimaculosus",0.914,"torquigener_flavimaculosus",67
"RF","PA2","RUN4",0.807,"Torquigenerflavimaculosus",0.959,"torquigener_flavimaculosus",67
"MAXNET","PA2","RUN4",0.875,"Torquigenerflavimaculosus",0.971,"torquigener_flavimaculosus",67
"MARS","PA2","RUN4",0.614,"Torquigenerflavimaculosus",0.788,"torquigener_flavimaculosus",67
"GAM","PA2","RUN4",0.8,"Torquigenerflavimaculosus",0.907,"torquigener_flavimaculosus",67
"XGBOOST","PA2","RUN4",0.732,"Torquigenerflavimaculosus",0.936,"torquigener_flavimaculosus",67
"RF","PA2","RUN5",0.388,"Torquigenerflavimaculosus",0.841,"torquigener_flavimaculosus",67
"MAXNET","PA2","RUN5",0.49,"Torquigenerflavimaculosus",0.871,"torquigener_flavimaculosus",67
"MARS","PA2","RUN5",0.592,"Torquigenerflavimaculosus",0.84,"torquigener_flavimaculosus",67
"GAM","PA2","RUN5",0.517,"Torquigenerflavimaculosus",0.787,"torquigener_flavimaculosus",67
"XGBOOST","PA2","RUN5",0.312,"Torquigenerflavimaculosus",0.817,"torquigener_flavimaculosus",67
"RF","PA2","allRun",NA,"Torquigenerflavimaculosus",NA,"torquigener_flavimaculosus",67
"MAXNET","PA2","allRun",NA,"Torquigenerflavimaculosus",NA,"torquigener_flavimaculosus",67
"MARS","PA2","allRun",NA,"Torquigenerflavimaculosus",NA,"torquigener_flavimaculosus",67
"GAM","PA2","allRun",NA,"Torquigenerflavimaculosus",NA,"torquigener_flavimaculosus",67
"XGBOOST","PA2","allRun",NA,"Torquigenerflavimaculosus",NA,"torquigener_flavimaculosus",67
"RF","PA3","RUN1",0.719,"Torquigenerflavimaculosus",0.966,"torquigener_flavimaculosus",67
"MAXNET","PA3","RUN1",0.85,"Torquigenerflavimaculosus",0.94,"torquigener_flavimaculosus",67
"MARS","PA3","RUN1",0.721,"Torquigenerflavimaculosus",0.886,"torquigener_flavimaculosus",67
"GAM","PA3","RUN1",0.8,"Torquigenerflavimaculosus",0.888,"torquigener_flavimaculosus",67
"XGBOOST","PA3","RUN1",0.848,"Torquigenerflavimaculosus",0.96,"torquigener_flavimaculosus",67
"RF","PA3","RUN2",0.804,"Torquigenerflavimaculosus",0.988,"torquigener_flavimaculosus",67
"MAXNET","PA3","RUN2",0.875,"Torquigenerflavimaculosus",0.979,"torquigener_flavimaculosus",67
"MARS","PA3","RUN2",0.707,"Torquigenerflavimaculosus",0.897,"torquigener_flavimaculosus",67
"GAM","PA3","RUN2",0.875,"Torquigenerflavimaculosus",0.959,"torquigener_flavimaculosus",67
"XGBOOST","PA3","RUN2",0.711,"Torquigenerflavimaculosus",0.951,"torquigener_flavimaculosus",67
"RF","PA3","RUN3",0.854,"Torquigenerflavimaculosus",0.955,"torquigener_flavimaculosus",67
"MAXNET","PA3","RUN3",0.878,"Torquigenerflavimaculosus",0.952,"torquigener_flavimaculosus",67
"MARS","PA3","RUN3",0.623,"Torquigenerflavimaculosus",0.873,"torquigener_flavimaculosus",67
"GAM","PA3","RUN3",0.805,"Torquigenerflavimaculosus",0.94,"torquigener_flavimaculosus",67
"XGBOOST","PA3","RUN3",0.826,"Torquigenerflavimaculosus",0.954,"torquigener_flavimaculosus",67
"RF","PA3","RUN4",0.539,"Torquigenerflavimaculosus",0.848,"torquigener_flavimaculosus",67
"MAXNET","PA3","RUN4",0.614,"Torquigenerflavimaculosus",0.878,"torquigener_flavimaculosus",67
"MARS","PA3","RUN4",0.468,"Torquigenerflavimaculosus",0.793,"torquigener_flavimaculosus",67
"GAM","PA3","RUN4",0.686,"Torquigenerflavimaculosus",0.864,"torquigener_flavimaculosus",67
"XGBOOST","PA3","RUN4",0.686,"Torquigenerflavimaculosus",0.888,"torquigener_flavimaculosus",67
"RF","PA3","RUN5",0.694,"Torquigenerflavimaculosus",0.912,"torquigener_flavimaculosus",67
"MAXNET","PA3","RUN5",0.592,"Torquigenerflavimaculosus",0.919,"torquigener_flavimaculosus",67
"MARS","PA3","RUN5",0.592,"Torquigenerflavimaculosus",0.831,"torquigener_flavimaculosus",67
"GAM","PA3","RUN5",0.592,"Torquigenerflavimaculosus",0.87,"torquigener_flavimaculosus",67
"XGBOOST","PA3","RUN5",0.644,"Torquigenerflavimaculosus",0.93,"torquigener_flavimaculosus",67
"RF","PA3","allRun",NA,"Torquigenerflavimaculosus",NA,"torquigener_flavimaculosus",67
"MAXNET","PA3","allRun",NA,"Torquigenerflavimaculosus",NA,"torquigener_flavimaculosus",67
"MARS","PA3","allRun",NA,"Torquigenerflavimaculosus",NA,"torquigener_flavimaculosus",67
"GAM","PA3","allRun",NA,"Torquigenerflavimaculosus",NA,"torquigener_flavimaculosus",67
"XGBOOST","PA3","allRun",NA,"Torquigenerflavimaculosus",NA,"torquigener_flavimaculosus",67
"RF","allData","allRun",NA,"Torquigenerflavimaculosus",NA,"torquigener_flavimaculosus",67
"MAXNET","allData","allRun",NA,"Torquigenerflavimaculosus",NA,"torquigener_flavimaculosus",67
"MARS","allData","allRun",NA,"Torquigenerflavimaculosus",NA,"torquigener_flavimaculosus",67
"GAM","allData","allRun",NA,"Torquigenerflavimaculosus",NA,"torquigener_flavimaculosus",67
"XGBOOST","allData","allRun",NA,"Torquigenerflavimaculosus",NA,"torquigener_flavimaculosus",67
"RF","PA1","RUN1",-0.1,"Xenostrobussecuris",0.733,"xenostrobus_securis",16
"MAXNET","PA1","RUN1",0.033,"Xenostrobussecuris",0.733,"xenostrobus_securis",16
"MARS","PA1","RUN1",0.033,"Xenostrobussecuris",0.517,"xenostrobus_securis",16
"GAM","PA1","RUN1",-0.2,"Xenostrobussecuris",0.667,"xenostrobus_securis",16
"XGBOOST","PA1","RUN1",0.133,"Xenostrobussecuris",0.467,"xenostrobus_securis",16
"RF","PA1","RUN2",0.444,"Xenostrobussecuris",0.796,"xenostrobus_securis",16
"MAXNET","PA1","RUN2",0.222,"Xenostrobussecuris",0.778,"xenostrobus_securis",16
"MARS","PA1","RUN2",0.222,"Xenostrobussecuris",0.685,"xenostrobus_securis",16
"GAM","PA1","RUN2",-0.444,"Xenostrobussecuris",0.278,"xenostrobus_securis",16
"XGBOOST","PA1","RUN2",0,"Xenostrobussecuris",0.741,"xenostrobus_securis",16
"RF","PA1","RUN3",0.55,"Xenostrobussecuris",0.9,"xenostrobus_securis",16
"MAXNET","PA1","RUN3",0.8,"Xenostrobussecuris",0.912,"xenostrobus_securis",16
"MARS","PA1","RUN3",0.7,"Xenostrobussecuris",0.85,"xenostrobus_securis",16
"GAM","PA1","RUN3",0.35,"Xenostrobussecuris",0.675,"xenostrobus_securis",16
"XGBOOST","PA1","RUN3",0.55,"Xenostrobussecuris",0.85,"xenostrobus_securis",16
"RF","PA1","RUN4",0.667,"Xenostrobussecuris",1,"xenostrobus_securis",16
"MAXNET","PA1","RUN4",0.889,"Xenostrobussecuris",1,"xenostrobus_securis",16
"MARS","PA1","RUN4",0.778,"Xenostrobussecuris",0.852,"xenostrobus_securis",16
"GAM","PA1","RUN4",0.444,"Xenostrobussecuris",0.722,"xenostrobus_securis",16
"XGBOOST","PA1","RUN4",1,"Xenostrobussecuris",1,"xenostrobus_securis",16
"RF","PA1","RUN5",-0.1,"Xenostrobussecuris",0.833,"xenostrobus_securis",16
"MAXNET","PA1","RUN5",0.467,"Xenostrobussecuris",0.933,"xenostrobus_securis",16
"MARS","PA1","RUN5",0.133,"Xenostrobussecuris",0.833,"xenostrobus_securis",16
"GAM","PA1","RUN5",0.267,"Xenostrobussecuris",0.667,"xenostrobus_securis",16
"XGBOOST","PA1","RUN5",0.133,"Xenostrobussecuris",0.767,"xenostrobus_securis",16
"RF","PA1","allRun",NA,"Xenostrobussecuris",NA,"xenostrobus_securis",16
"MAXNET","PA1","allRun",NA,"Xenostrobussecuris",NA,"xenostrobus_securis",16
"MARS","PA1","allRun",NA,"Xenostrobussecuris",NA,"xenostrobus_securis",16
"GAM","PA1","allRun",NA,"Xenostrobussecuris",NA,"xenostrobus_securis",16
"XGBOOST","PA1","allRun",NA,"Xenostrobussecuris",NA,"xenostrobus_securis",16
"RF","PA2","RUN1",0.667,"Xenostrobussecuris",1,"xenostrobus_securis",16
"MAXNET","PA2","RUN1",1,"Xenostrobussecuris",1,"xenostrobus_securis",16
"MARS","PA2","RUN1",1,"Xenostrobussecuris",1,"xenostrobus_securis",16
"GAM","PA2","RUN1",0.367,"Xenostrobussecuris",0.8,"xenostrobus_securis",16
"XGBOOST","PA2","RUN1",0.667,"Xenostrobussecuris",0.933,"xenostrobus_securis",16
"RF","PA2","RUN2",0.556,"Xenostrobussecuris",0.889,"xenostrobus_securis",16
"MAXNET","PA2","RUN2",0.889,"Xenostrobussecuris",0.963,"xenostrobus_securis",16
"MARS","PA2","RUN2",0.889,"Xenostrobussecuris",0.944,"xenostrobus_securis",16
"GAM","PA2","RUN2",0.778,"Xenostrobussecuris",0.926,"xenostrobus_securis",16
"XGBOOST","PA2","RUN2",0.556,"Xenostrobussecuris",0.704,"xenostrobus_securis",16
"RF","PA2","RUN3",0.25,"Xenostrobussecuris",1,"xenostrobus_securis",16
"MAXNET","PA2","RUN3",0.25,"Xenostrobussecuris",1,"xenostrobus_securis",16
"MARS","PA2","RUN3",-0.1,"Xenostrobussecuris",0.45,"xenostrobus_securis",16
"GAM","PA2","RUN3",0.45,"Xenostrobussecuris",0.738,"xenostrobus_securis",16
"XGBOOST","PA2","RUN3",0,"Xenostrobussecuris",1,"xenostrobus_securis",16
"RF","PA2","RUN4",0.333,"Xenostrobussecuris",1,"xenostrobus_securis",16
"MAXNET","PA2","RUN4",0.889,"Xenostrobussecuris",0.926,"xenostrobus_securis",16
"MARS","PA2","RUN4",0.889,"Xenostrobussecuris",1,"xenostrobus_securis",16
"GAM","PA2","RUN4",0.444,"Xenostrobussecuris",0.852,"xenostrobus_securis",16
"XGBOOST","PA2","RUN4",0.222,"Xenostrobussecuris",0.852,"xenostrobus_securis",16
"RF","PA2","RUN5",0.033,"Xenostrobussecuris",0.8,"xenostrobus_securis",16
"MAXNET","PA2","RUN5",0.7,"Xenostrobussecuris",0.9,"xenostrobus_securis",16
"MARS","PA2","RUN5",0.7,"Xenostrobussecuris",0.85,"xenostrobus_securis",16
"GAM","PA2","RUN5",0.9,"Xenostrobussecuris",0.933,"xenostrobus_securis",16
"XGBOOST","PA2","RUN5",0.367,"Xenostrobussecuris",0.767,"xenostrobus_securis",16
"RF","PA2","allRun",NA,"Xenostrobussecuris",NA,"xenostrobus_securis",16
"MAXNET","PA2","allRun",NA,"Xenostrobussecuris",NA,"xenostrobus_securis",16
"MARS","PA2","allRun",NA,"Xenostrobussecuris",NA,"xenostrobus_securis",16
"GAM","PA2","allRun",NA,"Xenostrobussecuris",NA,"xenostrobus_securis",16
"XGBOOST","PA2","allRun",NA,"Xenostrobussecuris",NA,"xenostrobus_securis",16
"RF","PA3","RUN1",0.333,"Xenostrobussecuris",0.933,"xenostrobus_securis",16
"MAXNET","PA3","RUN1",0.567,"Xenostrobussecuris",0.9,"xenostrobus_securis",16
"MARS","PA3","RUN1",0.467,"Xenostrobussecuris",0.933,"xenostrobus_securis",16
"GAM","PA3","RUN1",0.267,"Xenostrobussecuris",0.633,"xenostrobus_securis",16
"XGBOOST","PA3","RUN1",0.333,"Xenostrobussecuris",0.85,"xenostrobus_securis",16
"RF","PA3","RUN2",0.111,"Xenostrobussecuris",0.815,"xenostrobus_securis",16
"MAXNET","PA3","RUN2",0.778,"Xenostrobussecuris",0.889,"xenostrobus_securis",16
"MARS","PA3","RUN2",0.667,"Xenostrobussecuris",0.815,"xenostrobus_securis",16
"GAM","PA3","RUN2",0.556,"Xenostrobussecuris",0.778,"xenostrobus_securis",16
"XGBOOST","PA3","RUN2",0.111,"Xenostrobussecuris",0.778,"xenostrobus_securis",16
"RF","PA3","RUN3",0.5,"Xenostrobussecuris",0.938,"xenostrobus_securis",16
"MAXNET","PA3","RUN3",0.9,"Xenostrobussecuris",0.925,"xenostrobus_securis",16
"MARS","PA3","RUN3",0.7,"Xenostrobussecuris",0.825,"xenostrobus_securis",16
"GAM","PA3","RUN3",0.45,"Xenostrobussecuris",0.725,"xenostrobus_securis",16
"XGBOOST","PA3","RUN3",0.55,"Xenostrobussecuris",0.812,"xenostrobus_securis",16
"RF","PA3","RUN4",0.556,"Xenostrobussecuris",0.926,"xenostrobus_securis",16
"MAXNET","PA3","RUN4",0.778,"Xenostrobussecuris",0.926,"xenostrobus_securis",16
"MARS","PA3","RUN4",0.778,"Xenostrobussecuris",0.889,"xenostrobus_securis",16
"GAM","PA3","RUN4",0.333,"Xenostrobussecuris",0.815,"xenostrobus_securis",16
"XGBOOST","PA3","RUN4",0.556,"Xenostrobussecuris",0.926,"xenostrobus_securis",16
"RF","PA3","RUN5",-0.1,"Xenostrobussecuris",0.9,"xenostrobus_securis",16
"MAXNET","PA3","RUN5",0.467,"Xenostrobussecuris",0.8,"xenostrobus_securis",16
"MARS","PA3","RUN5",0.467,"Xenostrobussecuris",0.8,"xenostrobus_securis",16
"GAM","PA3","RUN5",0.367,"Xenostrobussecuris",0.633,"xenostrobus_securis",16
"XGBOOST","PA3","RUN5",0.233,"Xenostrobussecuris",0.833,"xenostrobus_securis",16
"RF","PA3","allRun",NA,"Xenostrobussecuris",NA,"xenostrobus_securis",16
"MAXNET","PA3","allRun",NA,"Xenostrobussecuris",NA,"xenostrobus_securis",16
"MARS","PA3","allRun",NA,"Xenostrobussecuris",NA,"xenostrobus_securis",16
"GAM","PA3","allRun",NA,"Xenostrobussecuris",NA,"xenostrobus_securis",16
"XGBOOST","PA3","allRun",NA,"Xenostrobussecuris",NA,"xenostrobus_securis",16
"RF","allData","allRun",NA,"Xenostrobussecuris",NA,"xenostrobus_securis",16
"MAXNET","allData","allRun",NA,"Xenostrobussecuris",NA,"xenostrobus_securis",16
"MARS","allData","allRun",NA,"Xenostrobussecuris",NA,"xenostrobus_securis",16
"GAM","allData","allRun",NA,"Xenostrobussecuris",NA,"xenostrobus_securis",16
"XGBOOST","allData","allRun",NA,"Xenostrobussecuris",NA,"xenostrobus_securis",16
